// font6x13.c — GENERATED by tools/genfont.py, do not edit.
//
// Source: X11 misc-fixed 6x13 / 6x13B (public domain), vendored in
// tools/fonts/. Regenerate with:  python3 tools/genfont.py
//
// One byte per pixel row, 13 rows per glyph, pixels MSB-aligned (bit 7 is the
// leftmost of the 6 columns; bits 1..0 are always zero). Glyph 0 is the
// "unmapped codepoint" box — deliberately not a '?', so a font gap is visibly
// different from an encoding bug.
#include "font6x13.h"

const uint8_t font6x13_regular[] = {
    0x00,0x00,0x1E,0x12,0x12,0x12,0x12,0x12,0x12,0x12,0x1E,0x00,0x00,
    0x00,0x00,0x00,0x00,0x00,0x00,0x00,0x00,0x00,0x00,0x00,0x00,0x00,
    0x00,0x00,0x20,0x20,0x20,0x20,0x20,0x20,0x20,0x00,0x20,0x00,0x00,
    0x00,0x00,0x50,0x50,0x50,0x00,0x00,0x00,0x00,0x00,0x00,0x00,0x00,
    0x00,0x00,0x00,0x50,0x50,0xF8,0x50,0xF8,0x50,0x50,0x00,0x00,0x00,
    0x00,0x00,0x20,0x78,0xA0,0xA0,0x70,0x28,0x28,0xF0,0x20,0x00,0x00,
    0x00,0x00,0x48,0xA8,0x50,0x10,0x20,0x40,0x50,0xA8,0x90,0x00,0x00,
    0x00,0x00,0x00,0x40,0xA0,0xA0,0x40,0xA0,0x98,0x90,0x68,0x00,0x00,
    0x00,0x00,0x20,0x20,0x20,0x00,0x00,0x00,0x00,0x00,0x00,0x00,0x00,
    0x00,0x10,0x20,0x20,0x40,0x40,0x40,0x40,0x40,0x20,0x20,0x10,0x00,
    0x00,0x40,0x20,0x20,0x10,0x10,0x10,0x10,0x10,0x20,0x20,0x40,0x00,
    0x00,0x00,0x20,0xA8,0x70,0xA8,0x20,0x00,0x00,0x00,0x00,0x00,0x00,
    0x00,0x00,0x00,0x00,0x20,0x20,0xF8,0x20,0x20,0x00,0x00,0x00,0x00,
    0x00,0x00,0x00,0x00,0x00,0x00,0x00,0x00,0x00,0x30,0x20,0x40,0x00,
    0x00,0x00,0x00,0x00,0x00,0x00,0xF8,0x00,0x00,0x00,0x00,0x00,0x00,
    0x00,0x00,0x00,0x00,0x00,0x00,0x00,0x00,0x00,0x20,0x70,0x20,0x00,
    0x00,0x00,0x08,0x08,0x10,0x10,0x20,0x40,0x40,0x80,0x80,0x00,0x00,
    0x00,0x00,0x20,0x50,0x88,0x88,0x88,0x88,0x88,0x50,0x20,0x00,0x00,
    0x00,0x00,0x20,0x60,0xA0,0x20,0x20,0x20,0x20,0x20,0xF8,0x00,0x00,
    0x00,0x00,0x70,0x88,0x88,0x08,0x10,0x20,0x40,0x80,0xF8,0x00,0x00,
    0x00,0x00,0xF8,0x08,0x10,0x20,0x70,0x08,0x08,0x88,0x70,0x00,0x00,
    0x00,0x00,0x10,0x10,0x30,0x50,0x50,0x90,0xF8,0x10,0x10,0x00,0x00,
    0x00,0x00,0xF8,0x80,0x80,0xB0,0xC8,0x08,0x08,0x88,0x70,0x00,0x00,
    0x00,0x00,0x70,0x88,0x80,0x80,0xF0,0x88,0x88,0x88,0x70,0x00,0x00,
    0x00,0x00,0xF8,0x08,0x10,0x10,0x20,0x20,0x40,0x40,0x40,0x00,0x00,
    0x00,0x00,0x70,0x88,0x88,0x88,0x70,0x88,0x88,0x88,0x70,0x00,0x00,
    0x00,0x00,0x70,0x88,0x88,0x88,0x78,0x08,0x08,0x88,0x70,0x00,0x00,
    0x00,0x00,0x00,0x00,0x20,0x70,0x20,0x00,0x00,0x20,0x70,0x20,0x00,
    0x00,0x00,0x00,0x00,0x20,0x70,0x20,0x00,0x00,0x30,0x20,0x40,0x00,
    0x00,0x00,0x08,0x10,0x20,0x40,0x80,0x40,0x20,0x10,0x08,0x00,0x00,
    0x00,0x00,0x00,0x00,0x00,0xF8,0x00,0x00,0xF8,0x00,0x00,0x00,0x00,
    0x00,0x00,0x80,0x40,0x20,0x10,0x08,0x10,0x20,0x40,0x80,0x00,0x00,
    0x00,0x00,0x70,0x88,0x88,0x08,0x10,0x20,0x20,0x00,0x20,0x00,0x00,
    0x00,0x00,0x70,0x88,0x88,0x98,0xA8,0xA8,0xB0,0x80,0x78,0x00,0x00,
    0x00,0x00,0x20,0x50,0x88,0x88,0x88,0xF8,0x88,0x88,0x88,0x00,0x00,
    0x00,0x00,0xF0,0x48,0x48,0x48,0x70,0x48,0x48,0x48,0xF0,0x00,0x00,
    0x00,0x00,0x70,0x88,0x80,0x80,0x80,0x80,0x80,0x88,0x70,0x00,0x00,
    0x00,0x00,0xF0,0x48,0x48,0x48,0x48,0x48,0x48,0x48,0xF0,0x00,0x00,
    0x00,0x00,0xF8,0x80,0x80,0x80,0xF0,0x80,0x80,0x80,0xF8,0x00,0x00,
    0x00,0x00,0xF8,0x80,0x80,0x80,0xF0,0x80,0x80,0x80,0x80,0x00,0x00,
    0x00,0x00,0x70,0x88,0x80,0x80,0x80,0x98,0x88,0x88,0x70,0x00,0x00,
    0x00,0x00,0x88,0x88,0x88,0x88,0xF8,0x88,0x88,0x88,0x88,0x00,0x00,
    0x00,0x00,0x70,0x20,0x20,0x20,0x20,0x20,0x20,0x20,0x70,0x00,0x00,
    0x00,0x00,0x38,0x10,0x10,0x10,0x10,0x10,0x10,0x90,0x60,0x00,0x00,
    0x00,0x00,0x88,0x88,0x90,0xA0,0xC0,0xA0,0x90,0x88,0x88,0x00,0x00,
    0x00,0x00,0x80,0x80,0x80,0x80,0x80,0x80,0x80,0x80,0xF8,0x00,0x00,
    0x00,0x00,0x88,0x88,0xD8,0xA8,0xA8,0x88,0x88,0x88,0x88,0x00,0x00,
    0x00,0x00,0x88,0xC8,0xC8,0xA8,0xA8,0x98,0x98,0x88,0x88,0x00,0x00,
    0x00,0x00,0x70,0x88,0x88,0x88,0x88,0x88,0x88,0x88,0x70,0x00,0x00,
    0x00,0x00,0xF0,0x88,0x88,0x88,0xF0,0x80,0x80,0x80,0x80,0x00,0x00,
    0x00,0x00,0x70,0x88,0x88,0x88,0x88,0x88,0x88,0xA8,0x70,0x08,0x00,
    0x00,0x00,0xF0,0x88,0x88,0x88,0xF0,0xA0,0x90,0x88,0x88,0x00,0x00,
    0x00,0x00,0x70,0x88,0x80,0x80,0x70,0x08,0x08,0x88,0x70,0x00,0x00,
    0x00,0x00,0xF8,0x20,0x20,0x20,0x20,0x20,0x20,0x20,0x20,0x00,0x00,
    0x00,0x00,0x88,0x88,0x88,0x88,0x88,0x88,0x88,0x88,0x70,0x00,0x00,
    0x00,0x00,0x88,0x88,0x88,0x88,0x50,0x50,0x50,0x20,0x20,0x00,0x00,
    0x00,0x00,0x88,0x88,0x88,0x88,0xA8,0xA8,0xA8,0xA8,0x50,0x00,0x00,
    0x00,0x00,0x88,0x88,0x50,0x50,0x20,0x50,0x50,0x88,0x88,0x00,0x00,
    0x00,0x00,0x88,0x88,0x50,0x50,0x20,0x20,0x20,0x20,0x20,0x00,0x00,
    0x00,0x00,0xF8,0x08,0x10,0x10,0x20,0x40,0x40,0x80,0xF8,0x00,0x00,
    0x00,0x70,0x40,0x40,0x40,0x40,0x40,0x40,0x40,0x40,0x40,0x70,0x00,
    0x00,0x00,0x80,0x80,0x40,0x40,0x20,0x10,0x10,0x08,0x08,0x00,0x00,
    0x00,0x70,0x10,0x10,0x10,0x10,0x10,0x10,0x10,0x10,0x10,0x70,0x00,
    0x00,0x00,0x20,0x50,0x88,0x00,0x00,0x00,0x00,0x00,0x00,0x00,0x00,
    0x00,0x00,0x00,0x00,0x00,0x00,0x00,0x00,0x00,0x00,0x00,0xF8,0x00,
    0x00,0x20,0x10,0x00,0x00,0x00,0x00,0x00,0x00,0x00,0x00,0x00,0x00,
    0x00,0x00,0x00,0x00,0x00,0x70,0x08,0x78,0x88,0x98,0x68,0x00,0x00,
    0x00,0x00,0x80,0x80,0x80,0xF0,0x88,0x88,0x88,0x88,0xF0,0x00,0x00,
    0x00,0x00,0x00,0x00,0x00,0x70,0x88,0x80,0x80,0x88,0x70,0x00,0x00,
    0x00,0x00,0x08,0x08,0x08,0x78,0x88,0x88,0x88,0x88,0x78,0x00,0x00,
    0x00,0x00,0x00,0x00,0x00,0x70,0x88,0xF8,0x80,0x88,0x70,0x00,0x00,
    0x00,0x00,0x30,0x48,0x40,0x40,0xF0,0x40,0x40,0x40,0x40,0x00,0x00,
    0x00,0x00,0x00,0x00,0x00,0x70,0x88,0x88,0x88,0x78,0x08,0x88,0x70,
    0x00,0x00,0x80,0x80,0x80,0xB0,0xC8,0x88,0x88,0x88,0x88,0x00,0x00,
    0x00,0x00,0x00,0x20,0x00,0x60,0x20,0x20,0x20,0x20,0x70,0x00,0x00,
    0x00,0x00,0x00,0x10,0x00,0x30,0x10,0x10,0x10,0x10,0x90,0x90,0x60,
    0x00,0x00,0x80,0x80,0x80,0x90,0xA0,0xC0,0xA0,0x90,0x88,0x00,0x00,
    0x00,0x00,0x60,0x20,0x20,0x20,0x20,0x20,0x20,0x20,0x70,0x00,0x00,
    0x00,0x00,0x00,0x00,0x00,0xD0,0xA8,0xA8,0xA8,0xA8,0x88,0x00,0x00,
    0x00,0x00,0x00,0x00,0x00,0xB0,0xC8,0x88,0x88,0x88,0x88,0x00,0x00,
    0x00,0x00,0x00,0x00,0x00,0x70,0x88,0x88,0x88,0x88,0x70,0x00,0x00,
    0x00,0x00,0x00,0x00,0x00,0xF0,0x88,0x88,0x88,0xF0,0x80,0x80,0x80,
    0x00,0x00,0x00,0x00,0x00,0x78,0x88,0x88,0x88,0x78,0x08,0x08,0x08,
    0x00,0x00,0x00,0x00,0x00,0xB0,0xC8,0x80,0x80,0x80,0x80,0x00,0x00,
    0x00,0x00,0x00,0x00,0x00,0x70,0x88,0x60,0x10,0x88,0x70,0x00,0x00,
    0x00,0x00,0x00,0x40,0x40,0xF0,0x40,0x40,0x40,0x48,0x30,0x00,0x00,
    0x00,0x00,0x00,0x00,0x00,0x88,0x88,0x88,0x88,0x98,0x68,0x00,0x00,
    0x00,0x00,0x00,0x00,0x00,0x88,0x88,0x88,0x50,0x50,0x20,0x00,0x00,
    0x00,0x00,0x00,0x00,0x00,0x88,0x88,0xA8,0xA8,0xA8,0x50,0x00,0x00,
    0x00,0x00,0x00,0x00,0x00,0x88,0x50,0x20,0x20,0x50,0x88,0x00,0x00,
    0x00,0x00,0x00,0x00,0x00,0x88,0x88,0x88,0x98,0x68,0x08,0x88,0x70,
    0x00,0x00,0x00,0x00,0x00,0xF8,0x10,0x20,0x40,0x80,0xF8,0x00,0x00,
    0x00,0x18,0x20,0x20,0x20,0x20,0xC0,0x20,0x20,0x20,0x20,0x18,0x00,
    0x00,0x00,0x20,0x20,0x20,0x20,0x20,0x20,0x20,0x20,0x20,0x00,0x00,
    0x00,0xC0,0x20,0x20,0x20,0x20,0x18,0x20,0x20,0x20,0x20,0xC0,0x00,
    0x00,0x00,0x48,0xA8,0x90,0x00,0x00,0x00,0x00,0x00,0x00,0x00,0x00,
    0x00,0x00,0x00,0x00,0x00,0x00,0x00,0x00,0x00,0x00,0x00,0x00,0x00,
    0x00,0x00,0x20,0x00,0x20,0x20,0x20,0x20,0x20,0x20,0x20,0x00,0x00,
    0x00,0x00,0x20,0x70,0xA8,0xA0,0xA0,0xA8,0x70,0x20,0x00,0x00,0x00,
    0x00,0x00,0x30,0x48,0x40,0x40,0xE0,0x40,0x40,0x48,0xB0,0x00,0x00,
    0x00,0x00,0x00,0x00,0x88,0x70,0x50,0x50,0x70,0x88,0x00,0x00,0x00,
    0x00,0x00,0x88,0x88,0x50,0x50,0xF8,0x20,0xF8,0x20,0x20,0x00,0x00,
    0x00,0x00,0x20,0x20,0x20,0x20,0x00,0x20,0x20,0x20,0x20,0x00,0x00,
    0x00,0x30,0x48,0x40,0x30,0x48,0x48,0x30,0x08,0x48,0x30,0x00,0x00,
    0x00,0x50,0x50,0x00,0x00,0x00,0x00,0x00,0x00,0x00,0x00,0x00,0x00,
    0x00,0x70,0x88,0xA8,0xD8,0xC8,0xD8,0xA8,0x88,0x70,0x00,0x00,0x00,
    0x00,0x00,0x70,0x08,0x78,0x88,0x78,0x00,0xF8,0x00,0x00,0x00,0x00,
    0x00,0x00,0x00,0x00,0x28,0x50,0xA0,0xA0,0x50,0x28,0x00,0x00,0x00,
    0x00,0x00,0x00,0x00,0x00,0x00,0xF8,0x08,0x08,0x00,0x00,0x00,0x00,
    0x00,0x00,0x00,0x00,0x00,0x00,0x70,0x00,0x00,0x00,0x00,0x00,0x00,
    0x00,0x70,0x88,0xE8,0xD8,0xD8,0xE8,0xD8,0x88,0x70,0x00,0x00,0x00,
    0x00,0x00,0xF8,0x00,0x00,0x00,0x00,0x00,0x00,0x00,0x00,0x00,0x00,
    0x00,0x00,0x30,0x48,0x48,0x30,0x00,0x00,0x00,0x00,0x00,0x00,0x00,
    0x00,0x00,0x00,0x20,0x20,0xF8,0x20,0x20,0x00,0xF8,0x00,0x00,0x00,
    0x00,0x40,0xA0,0x20,0x40,0xE0,0x00,0x00,0x00,0x00,0x00,0x00,0x00,
    0x00,0x40,0xA0,0x40,0x20,0xC0,0x00,0x00,0x00,0x00,0x00,0x00,0x00,
    0x00,0x10,0x20,0x00,0x00,0x00,0x00,0x00,0x00,0x00,0x00,0x00,0x00,
    0x00,0x00,0x00,0x00,0x00,0x88,0x88,0x88,0x88,0x98,0xE8,0x80,0x80,
    0x00,0x00,0x78,0xE8,0xE8,0xE8,0xE8,0x68,0x28,0x28,0x28,0x00,0x00,
    0x00,0x00,0x00,0x00,0x00,0x00,0x30,0x00,0x00,0x00,0x00,0x00,0x00,
    0x00,0x00,0x00,0x00,0x00,0x00,0x00,0x00,0x00,0x00,0x00,0x10,0x20,
    0x00,0x40,0xC0,0x40,0x40,0xE0,0x00,0x00,0x00,0x00,0x00,0x00,0x00,
    0x00,0x00,0x70,0x88,0x88,0x88,0x70,0x00,0xF8,0x00,0x00,0x00,0x00,
    0x00,0x00,0x00,0x00,0xA0,0x50,0x28,0x28,0x50,0xA0,0x00,0x00,0x00,
    0x00,0x40,0xC0,0x40,0x40,0xE0,0x08,0x18,0x28,0x38,0x08,0x00,0x00,
    0x00,0x40,0xC0,0x40,0x40,0xE0,0x10,0x28,0x08,0x10,0x38,0x00,0x00,
    0x00,0x40,0xA0,0x40,0x20,0xA0,0x48,0x18,0x28,0x38,0x08,0x00,0x00,
    0x00,0x00,0x20,0x00,0x20,0x20,0x40,0x80,0x88,0x88,0x70,0x00,0x00,
    0x00,0x40,0x20,0x00,0x20,0x50,0x88,0x88,0xF8,0x88,0x88,0x00,0x00,
    0x00,0x10,0x20,0x00,0x20,0x50,0x88,0x88,0xF8,0x88,0x88,0x00,0x00,
    0x00,0x30,0x48,0x00,0x20,0x50,0x88,0x88,0xF8,0x88,0x88,0x00,0x00,
    0x00,0x28,0x50,0x00,0x20,0x50,0x88,0x88,0xF8,0x88,0x88,0x00,0x00,
    0x00,0x50,0x50,0x00,0x20,0x50,0x88,0x88,0xF8,0x88,0x88,0x00,0x00,
    0x00,0x20,0x50,0x20,0x20,0x50,0x88,0x88,0xF8,0x88,0x88,0x00,0x00,
    0x00,0x00,0x58,0xA0,0xA0,0xA0,0xB0,0xE0,0xA0,0xA0,0xB8,0x00,0x00,
    0x00,0x00,0x70,0x88,0x80,0x80,0x80,0x80,0x80,0x88,0x70,0x20,0x40,
    0x00,0x40,0x20,0x00,0xF8,0x80,0x80,0xF0,0x80,0x80,0xF8,0x00,0x00,
    0x00,0x10,0x20,0x00,0xF8,0x80,0x80,0xF0,0x80,0x80,0xF8,0x00,0x00,
    0x00,0x30,0x48,0x00,0xF8,0x80,0x80,0xF0,0x80,0x80,0xF8,0x00,0x00,
    0x00,0x50,0x50,0x00,0xF8,0x80,0x80,0xF0,0x80,0x80,0xF8,0x00,0x00,
    0x00,0x40,0x20,0x00,0x70,0x20,0x20,0x20,0x20,0x20,0x70,0x00,0x00,
    0x00,0x10,0x20,0x00,0x70,0x20,0x20,0x20,0x20,0x20,0x70,0x00,0x00,
    0x00,0x30,0x48,0x00,0x70,0x20,0x20,0x20,0x20,0x20,0x70,0x00,0x00,
    0x00,0x50,0x50,0x00,0x70,0x20,0x20,0x20,0x20,0x20,0x70,0x00,0x00,
    0x00,0x00,0xF0,0x48,0x48,0x48,0xE8,0x48,0x48,0x48,0xF0,0x00,0x00,
    0x00,0x28,0x50,0x00,0x88,0x88,0xC8,0xA8,0x98,0x88,0x88,0x00,0x00,
    0x00,0x40,0x20,0x00,0x70,0x88,0x88,0x88,0x88,0x88,0x70,0x00,0x00,
    0x00,0x10,0x20,0x00,0x70,0x88,0x88,0x88,0x88,0x88,0x70,0x00,0x00,
    0x00,0x30,0x48,0x00,0x70,0x88,0x88,0x88,0x88,0x88,0x70,0x00,0x00,
    0x00,0x28,0x50,0x00,0x70,0x88,0x88,0x88,0x88,0x88,0x70,0x00,0x00,
    0x00,0x50,0x50,0x00,0x70,0x88,0x88,0x88,0x88,0x88,0x70,0x00,0x00,
    0x00,0x00,0x00,0x00,0x00,0x88,0x50,0x20,0x50,0x88,0x00,0x00,0x00,
    0x00,0x08,0x70,0x98,0x98,0xA8,0xA8,0xA8,0xC8,0xC8,0x70,0x80,0x00,
    0x00,0x40,0x20,0x00,0x88,0x88,0x88,0x88,0x88,0x88,0x70,0x00,0x00,
    0x00,0x10,0x20,0x00,0x88,0x88,0x88,0x88,0x88,0x88,0x70,0x00,0x00,
    0x00,0x30,0x48,0x00,0x88,0x88,0x88,0x88,0x88,0x88,0x70,0x00,0x00,
    0x00,0x50,0x50,0x00,0x88,0x88,0x88,0x88,0x88,0x88,0x70,0x00,0x00,
    0x00,0x10,0x20,0x00,0x88,0x88,0x50,0x20,0x20,0x20,0x20,0x00,0x00,
    0x00,0x00,0x80,0xF0,0x88,0x88,0x88,0xF0,0x80,0x80,0x80,0x00,0x00,
    0x00,0x00,0x60,0x90,0x90,0xA0,0xA0,0x90,0x88,0x88,0xB0,0x00,0x00,
    0x00,0x00,0x40,0x20,0x00,0x70,0x08,0x78,0x88,0x98,0x68,0x00,0x00,
    0x00,0x00,0x10,0x20,0x00,0x70,0x08,0x78,0x88,0x98,0x68,0x00,0x00,
    0x00,0x00,0x30,0x48,0x00,0x70,0x08,0x78,0x88,0x98,0x68,0x00,0x00,
    0x00,0x00,0x28,0x50,0x00,0x70,0x08,0x78,0x88,0x98,0x68,0x00,0x00,
    0x00,0x00,0x50,0x50,0x00,0x70,0x08,0x78,0x88,0x98,0x68,0x00,0x00,
    0x00,0x30,0x48,0x30,0x00,0x70,0x08,0x78,0x88,0x98,0x68,0x00,0x00,
    0x00,0x00,0x00,0x00,0x00,0x70,0x28,0x70,0xA0,0xA8,0x50,0x00,0x00,
    0x00,0x00,0x00,0x00,0x00,0x70,0x88,0x80,0x80,0x88,0x70,0x20,0x40,
    0x00,0x00,0x40,0x20,0x00,0x70,0x88,0xF8,0x80,0x88,0x70,0x00,0x00,
    0x00,0x00,0x10,0x20,0x00,0x70,0x88,0xF8,0x80,0x88,0x70,0x00,0x00,
    0x00,0x00,0x30,0x48,0x00,0x70,0x88,0xF8,0x80,0x88,0x70,0x00,0x00,
    0x00,0x00,0x50,0x50,0x00,0x70,0x88,0xF8,0x80,0x88,0x70,0x00,0x00,
    0x00,0x00,0x40,0x20,0x00,0x60,0x20,0x20,0x20,0x20,0x70,0x00,0x00,
    0x00,0x00,0x10,0x20,0x00,0x60,0x20,0x20,0x20,0x20,0x70,0x00,0x00,
    0x00,0x00,0x30,0x48,0x00,0x60,0x20,0x20,0x20,0x20,0x70,0x00,0x00,
    0x00,0x00,0x50,0x50,0x00,0x60,0x20,0x20,0x20,0x20,0x70,0x00,0x00,
    0x00,0x50,0x20,0x60,0x10,0x70,0x88,0x88,0x88,0x88,0x70,0x00,0x00,
    0x00,0x00,0x28,0x50,0x00,0xB0,0xC8,0x88,0x88,0x88,0x88,0x00,0x00,
    0x00,0x00,0x40,0x20,0x00,0x70,0x88,0x88,0x88,0x88,0x70,0x00,0x00,
    0x00,0x00,0x10,0x20,0x00,0x70,0x88,0x88,0x88,0x88,0x70,0x00,0x00,
    0x00,0x00,0x30,0x48,0x00,0x70,0x88,0x88,0x88,0x88,0x70,0x00,0x00,
    0x00,0x00,0x28,0x50,0x00,0x70,0x88,0x88,0x88,0x88,0x70,0x00,0x00,
    0x00,0x00,0x50,0x50,0x00,0x70,0x88,0x88,0x88,0x88,0x70,0x00,0x00,
    0x00,0x00,0x00,0x20,0x20,0x00,0xF8,0x00,0x20,0x20,0x00,0x00,0x00,
    0x00,0x00,0x00,0x00,0x08,0x70,0x98,0xA8,0xA8,0xC8,0x70,0x80,0x00,
    0x00,0x00,0x40,0x20,0x00,0x88,0x88,0x88,0x88,0x98,0x68,0x00,0x00,
    0x00,0x00,0x10,0x20,0x00,0x88,0x88,0x88,0x88,0x98,0x68,0x00,0x00,
    0x00,0x00,0x30,0x48,0x00,0x88,0x88,0x88,0x88,0x98,0x68,0x00,0x00,
    0x00,0x00,0x50,0x50,0x00,0x88,0x88,0x88,0x88,0x98,0x68,0x00,0x00,
    0x00,0x00,0x10,0x20,0x00,0x88,0x88,0x88,0x98,0x68,0x08,0x88,0x70,
    0x00,0x00,0x00,0x80,0x80,0xB0,0xC8,0x88,0x88,0xC8,0xB0,0x80,0x80,
    0x00,0x00,0x50,0x50,0x00,0x88,0x88,0x88,0x98,0x68,0x08,0x88,0x70,
    0x00,0x00,0x1E,0x12,0x12,0x12,0x12,0x12,0x12,0x12,0x1E,0x00,0x00,
    0x00,0x00,0x1E,0x12,0x12,0x12,0x12,0x12,0x12,0x12,0x1E,0x00,0x00,
    0x00,0x00,0x1E,0x12,0x12,0x12,0x12,0x12,0x12,0x12,0x1E,0x00,0x00,
    0x00,0x00,0x1E,0x12,0x12,0x12,0x12,0x12,0x12,0x12,0x1E,0x00,0x00,
    0x00,0x00,0x10,0x20,0x00,0x00,0x00,0x00,0x00,0x00,0x00,0x00,0x00,
    0x00,0x00,0x00,0x00,0x00,0x00,0x00,0x00,0x00,0x00,0x00,0x10,0x20,
    0x00,0x00,0x1E,0x12,0x12,0x12,0x12,0x12,0x12,0x12,0x1E,0x00,0x00,
    0x00,0x00,0x1E,0x12,0x12,0x12,0x12,0x12,0x12,0x12,0x1E,0x00,0x00,
    0x00,0x00,0x1E,0x12,0x12,0x12,0x12,0x12,0x12,0x12,0x1E,0x00,0x00,
    0x00,0x00,0x1E,0x12,0x12,0x12,0x12,0x12,0x12,0x12,0x1E,0x00,0x00,
    0x00,0x00,0x00,0x00,0x00,0x00,0x00,0x00,0x00,0x00,0x00,0x20,0x30,
    0x00,0x00,0x1E,0x12,0x12,0x12,0x12,0x12,0x12,0x12,0x1E,0x00,0x00,
    0x00,0x00,0x1E,0x12,0x12,0x12,0x12,0x12,0x12,0x12,0x1E,0x00,0x00,
    0x00,0x00,0x1E,0x12,0x12,0x12,0x12,0x12,0x12,0x12,0x1E,0x00,0x00,
    0x00,0x00,0x00,0x00,0x20,0x70,0x20,0x00,0x00,0x30,0x20,0x40,0x00,
    0x00,0x00,0x1E,0x12,0x12,0x12,0x12,0x12,0x12,0x12,0x1E,0x00,0x00,
    0x00,0x00,0x1E,0x12,0x12,0x12,0x12,0x12,0x12,0x12,0x1E,0x00,0x00,
    0x00,0x00,0x1E,0x12,0x12,0x12,0x12,0x12,0x12,0x12,0x1E,0x00,0x00,
    0x00,0x00,0x1E,0x12,0x12,0x12,0x12,0x12,0x12,0x12,0x1E,0x00,0x00,
    0x00,0x00,0x1E,0x12,0x12,0x12,0x12,0x12,0x12,0x12,0x1E,0x00,0x00,
    0x00,0x00,0x10,0x20,0x00,0x00,0x00,0x00,0x00,0x00,0x00,0x00,0x00,
    0x00,0x10,0x20,0xD8,0x00,0x00,0x00,0x00,0x00,0x00,0x00,0x00,0x00,
    0x00,0x00,0x50,0xA8,0x28,0x28,0x28,0x38,0x28,0x28,0x28,0x00,0x00,
    0x00,0x00,0x00,0x00,0x00,0x20,0x70,0x20,0x00,0x00,0x00,0x00,0x00,
    0x00,0x00,0x78,0xA0,0x20,0x20,0x30,0x20,0x20,0x20,0x38,0x00,0x00,
    0x00,0x00,0x68,0xA8,0x28,0x28,0x38,0x28,0x28,0x28,0x28,0x00,0x00,
    0x00,0x00,0x78,0x90,0x10,0x10,0x10,0x10,0x10,0x10,0x38,0x00,0x00,
    0x00,0x00,0x1E,0x12,0x12,0x12,0x12,0x12,0x12,0x12,0x1E,0x00,0x00,
    0x00,0x00,0x50,0xA8,0x28,0x28,0x28,0x28,0x28,0x28,0x10,0x00,0x00,
    0x00,0x00,0x1E,0x12,0x12,0x12,0x12,0x12,0x12,0x12,0x1E,0x00,0x00,
    0x00,0x00,0x68,0xA8,0x28,0x28,0x10,0x10,0x10,0x10,0x10,0x00,0x00,
    0x00,0x00,0x50,0xA8,0x28,0x28,0x28,0x28,0x10,0x10,0x28,0x00,0x00,
    0x00,0x10,0x20,0xD8,0x00,0x20,0x20,0x20,0x20,0x28,0x10,0x00,0x00,
    0x00,0x00,0x20,0x50,0x88,0x88,0x88,0xF8,0x88,0x88,0x88,0x00,0x00,
    0x00,0x00,0xF0,0x88,0x88,0x88,0xF0,0x88,0x88,0x88,0xF0,0x00,0x00,
    0x00,0x00,0xF8,0x80,0x80,0x80,0x80,0x80,0x80,0x80,0x80,0x00,0x00,
    0x00,0x00,0x20,0x20,0x50,0x50,0x50,0x88,0x88,0x88,0xF8,0x00,0x00,
    0x00,0x00,0xF8,0x80,0x80,0x80,0xF0,0x80,0x80,0x80,0xF8,0x00,0x00,
    0x00,0x00,0xF8,0x08,0x10,0x10,0x20,0x40,0x40,0x80,0xF8,0x00,0x00,
    0x00,0x00,0x88,0x88,0x88,0x88,0xF8,0x88,0x88,0x88,0x88,0x00,0x00,
    0x00,0x00,0x70,0x88,0x88,0x88,0xF8,0x88,0x88,0x88,0x70,0x00,0x00,
    0x00,0x00,0x70,0x20,0x20,0x20,0x20,0x20,0x20,0x20,0x70,0x00,0x00,
    0x00,0x00,0x88,0x88,0x90,0xA0,0xC0,0xA0,0x90,0x88,0x88,0x00,0x00,
    0x00,0x00,0x20,0x20,0x50,0x50,0x50,0x88,0x88,0x88,0x88,0x00,0x00,
    0x00,0x00,0x88,0x88,0xD8,0xA8,0xA8,0x88,0x88,0x88,0x88,0x00,0x00,
    0x00,0x00,0x88,0xC8,0xC8,0xA8,0xA8,0x98,0x98,0x88,0x88,0x00,0x00,
    0x00,0x00,0xF8,0x00,0x00,0x00,0x70,0x00,0x00,0x00,0xF8,0x00,0x00,
    0x00,0x00,0x70,0x88,0x88,0x88,0x88,0x88,0x88,0x88,0x70,0x00,0x00,
    0x00,0x00,0xF8,0x88,0x88,0x88,0x88,0x88,0x88,0x88,0x88,0x00,0x00,
    0x00,0x00,0xF0,0x88,0x88,0x88,0xF0,0x80,0x80,0x80,0x80,0x00,0x00,
    0x00,0x00,0x1E,0x12,0x12,0x12,0x12,0x12,0x12,0x12,0x1E,0x00,0x00,
    0x00,0x00,0xF8,0x80,0x40,0x20,0x10,0x20,0x40,0x80,0xF8,0x00,0x00,
    0x00,0x00,0xF8,0x20,0x20,0x20,0x20,0x20,0x20,0x20,0x20,0x00,0x00,
    0x00,0x00,0x88,0x88,0x50,0x50,0x20,0x20,0x20,0x20,0x20,0x00,0x00,
    0x00,0x00,0x20,0x70,0xA8,0xA8,0xA8,0xA8,0x70,0x20,0x20,0x00,0x00,
    0x00,0x00,0x88,0x88,0x50,0x50,0x20,0x50,0x50,0x88,0x88,0x00,0x00,
    0x00,0x00,0xA8,0xA8,0xA8,0xA8,0xA8,0x70,0x20,0x20,0x20,0x00,0x00,
    0x00,0x00,0x70,0x88,0x88,0x88,0x88,0x88,0x50,0x50,0xD8,0x00,0x00,
    0x00,0xD8,0x00,0x70,0x20,0x20,0x20,0x20,0x20,0x20,0x70,0x00,0x00,
    0x00,0xD8,0x00,0x88,0x50,0x50,0x20,0x20,0x20,0x20,0x20,0x00,0x00,
    0x00,0x00,0x10,0x20,0x00,0x70,0x88,0x88,0x88,0x98,0x68,0x00,0x00,
    0x00,0x00,0x10,0x20,0x00,0x70,0x88,0x60,0x80,0x88,0x70,0x00,0x00,
    0x00,0x00,0x10,0x20,0x00,0xB0,0xC8,0x88,0x88,0x88,0x88,0x08,0x08,
    0x00,0x00,0x20,0x40,0x00,0x40,0x40,0x40,0x40,0x50,0x20,0x00,0x00,
    0x00,0x10,0x20,0xD8,0x00,0x88,0x88,0x88,0x88,0x88,0x70,0x00,0x00,
    0x00,0x00,0x00,0x00,0x00,0x70,0x88,0x88,0x88,0x98,0x68,0x00,0x00,
    0x00,0x00,0x60,0x90,0x90,0xF0,0x88,0x88,0x88,0xC8,0xB0,0x80,0x80,
    0x00,0x00,0x00,0x00,0x00,0x88,0x88,0x88,0x50,0x50,0x20,0x20,0x20,
    0x00,0x00,0x70,0x88,0x40,0x70,0x88,0x88,0x88,0x88,0x70,0x00,0x00,
    0x00,0x00,0x00,0x00,0x00,0x70,0x88,0x60,0x80,0x88,0x70,0x00,0x00,
    0x00,0x00,0xF8,0x20,0x40,0x40,0x80,0x80,0x80,0x80,0x70,0x08,0x10,
    0x00,0x00,0x00,0x00,0x00,0xB0,0xC8,0x88,0x88,0x88,0x88,0x08,0x08,
    0x00,0x00,0x60,0x90,0x90,0x90,0xF0,0x90,0x90,0x90,0x60,0x00,0x00,
    0x00,0x00,0x00,0x00,0x00,0x40,0x40,0x40,0x40,0x50,0x20,0x00,0x00,
    0x00,0x00,0x00,0x00,0x00,0x88,0x90,0xA0,0xE0,0x90,0x88,0x00,0x00,
    0x00,0x00,0x70,0x88,0x08,0x68,0x98,0x88,0x88,0x88,0x88,0x00,0x00,
    0x00,0x00,0x00,0x00,0x00,0x88,0x88,0x88,0x88,0x98,0xE8,0x80,0x80,
    0x00,0x00,0x00,0x00,0x00,0x88,0x88,0x88,0x50,0x50,0x20,0x00,0x00,
    0x00,0x00,0xF8,0x20,0x40,0x40,0x30,0x40,0x80,0x80,0x70,0x08,0x10,
    0x00,0x00,0x00,0x00,0x00,0x70,0x88,0x88,0x88,0x88,0x70,0x00,0x00,
    0x00,0x00,0x00,0x00,0x00,0xF8,0x50,0x50,0x50,0x50,0x50,0x00,0x00,
    0x00,0x00,0x00,0x00,0x00,0x70,0x88,0x88,0x88,0x88,0xF0,0x80,0x80,
    0x00,0x00,0x00,0x00,0x00,0x70,0x88,0x80,0x80,0x80,0x70,0x08,0x30,
    0x00,0x00,0x00,0x00,0x00,0x78,0x90,0x88,0x88,0x88,0x70,0x00,0x00,
    0x00,0x00,0x00,0x00,0x00,0xF8,0x20,0x20,0x20,0x20,0x10,0x00,0x00,
    0x00,0x00,0x00,0x00,0x00,0x88,0x88,0x88,0x88,0x88,0x70,0x00,0x00,
    0x00,0x00,0x00,0x00,0x00,0xB0,0xA8,0xA8,0xA8,0xA8,0x70,0x20,0x20,
    0x00,0x00,0x00,0x00,0x00,0x88,0x50,0x50,0x20,0x20,0x50,0x50,0x88,
    0x00,0x00,0x00,0x00,0x00,0xA8,0xA8,0xA8,0xA8,0xA8,0x70,0x20,0x20,
    0x00,0x00,0x00,0x00,0x00,0x88,0xA8,0xA8,0xA8,0xA8,0x50,0x00,0x00,
    0x00,0x00,0x00,0xD8,0x00,0x20,0x20,0x20,0x20,0x28,0x10,0x00,0x00,
    0x00,0x00,0x00,0xD8,0x00,0x88,0x88,0x88,0x88,0x88,0x70,0x00,0x00,
    0x00,0x00,0x10,0x20,0x00,0x70,0x88,0x88,0x88,0x88,0x70,0x00,0x00,
    0x00,0x00,0x10,0x20,0x00,0x88,0x88,0x88,0x88,0x88,0x70,0x00,0x00,
    0x00,0x00,0x10,0x20,0x00,0x88,0xA8,0xA8,0xA8,0xA8,0x50,0x00,0x00,
    0x00,0x00,0x1E,0x12,0x12,0x12,0x12,0x12,0x12,0x12,0x1E,0x00,0x00,
    0x00,0x00,0x60,0x90,0x90,0xB0,0xC8,0x88,0x88,0x88,0x70,0x00,0x00,
    0x00,0x00,0x30,0x48,0x48,0x3C,0x08,0xC8,0x48,0x48,0x30,0x00,0x00,
    0x00,0x00,0x88,0x54,0x20,0x20,0x20,0x20,0x20,0x20,0x20,0x00,0x00,
    0x00,0x00,0x68,0x14,0x50,0x90,0x10,0x10,0x10,0x10,0x10,0x00,0x00,
    0x00,0xD8,0x00,0x88,0x54,0x20,0x20,0x20,0x20,0x20,0x20,0x00,0x00,
    0x00,0x00,0x00,0x20,0x20,0x70,0xA8,0xA8,0xA8,0xA8,0x70,0x20,0x20,
    0x00,0x00,0x00,0x00,0x00,0xF8,0x88,0xA8,0xA8,0xA8,0x50,0x00,0x00,
    0x00,0x00,0x40,0x20,0x00,0x88,0x48,0x50,0x70,0x50,0x88,0x08,0x30,
    0x00,0x00,0x70,0x88,0x88,0x88,0x88,0x88,0x88,0x88,0x70,0x20,0x20,
    0x00,0x00,0x00,0x00,0x00,0x70,0x88,0x88,0x88,0x88,0x70,0x20,0x20,
    0x00,0x00,0x30,0x48,0x80,0x80,0x80,0x80,0x80,0x70,0x08,0x10,0x00,
    0x00,0x00,0x00,0x00,0x08,0x70,0x80,0x80,0x80,0x80,0x70,0x08,0x30,
    0x00,0x00,0xF8,0x80,0x80,0x80,0xE0,0x80,0x80,0x80,0x80,0x00,0x00,
    0x00,0x00,0x00,0x00,0x00,0xF0,0x80,0x80,0xE0,0x80,0x80,0x80,0x80,
    0x00,0x00,0x80,0x80,0x88,0x98,0xA8,0xC8,0x88,0x08,0x08,0x00,0x00,
    0x00,0x00,0x20,0x20,0x40,0x40,0x80,0xF8,0x08,0x10,0x10,0x20,0x20,
    0x00,0x00,0x20,0x20,0x50,0x50,0x50,0x98,0xA8,0xA8,0xA8,0x00,0x00,
    0x00,0x00,0xC0,0x20,0x10,0x30,0x48,0x98,0x28,0x48,0x08,0x08,0x08,
    0x00,0x00,0xA8,0xA8,0xA8,0xA8,0xA8,0xA8,0xA8,0x78,0x08,0xF0,0x00,
    0x00,0x00,0x00,0x00,0x00,0xA8,0xA8,0xA8,0xA8,0x78,0x08,0xF0,0x00,
    0x00,0x00,0x48,0xA8,0x88,0x88,0x88,0x78,0x08,0x08,0x08,0x00,0x00,
    0x00,0x00,0x00,0x00,0x00,0x48,0xA8,0x88,0x78,0x08,0x08,0x00,0x00,
    0x00,0x00,0x80,0x80,0x80,0xB0,0xC8,0x88,0x88,0x88,0x08,0xF0,0x00,
    0x00,0x00,0x20,0x20,0x20,0x70,0xA8,0xA8,0x48,0x08,0xF0,0x00,0x00,
    0x00,0x00,0x70,0x88,0x48,0x10,0x20,0x40,0x88,0x88,0x70,0x00,0x00,
    0x00,0x00,0x00,0x00,0x70,0x88,0x88,0x88,0x70,0x80,0x78,0x00,0x00,
    0x00,0x00,0x50,0xA8,0x20,0x50,0x50,0x50,0x88,0x88,0xF8,0x00,0x00,
    0x00,0x00,0x00,0x00,0x00,0x50,0xA8,0x20,0x50,0x88,0xF8,0x00,0x00,
    0x00,0x00,0x08,0x70,0x80,0xB0,0xC8,0x88,0x88,0x88,0x70,0x00,0x00,
    0x00,0x00,0x00,0x00,0x08,0x70,0x80,0xB0,0xC8,0x88,0x70,0x00,0x00,
    0x00,0x00,0x70,0x20,0xF8,0xA8,0x20,0x20,0x20,0x20,0x70,0x00,0x00,
    0x00,0x00,0x20,0x30,0x20,0xF8,0xA0,0x20,0x20,0x20,0x20,0x60,0x20,
    0x00,0x00,0x00,0x00,0x00,0x88,0x48,0x50,0x70,0x50,0x88,0x00,0x00,
    0x00,0x00,0x00,0x00,0x00,0x70,0x88,0x88,0x88,0x88,0xF0,0x80,0x78,
    0x00,0x00,0x00,0x00,0x00,0x70,0x88,0x80,0x80,0x88,0x70,0x00,0x00,
    0x00,0x00,0x00,0x10,0x00,0x30,0x10,0x10,0x10,0x10,0x90,0x90,0x60,
    0x00,0x00,0x70,0x88,0x88,0x88,0xF8,0x88,0x88,0x88,0x70,0x00,0x00,
    0x00,0x00,0x00,0x00,0x00,0x38,0x40,0x70,0x40,0x40,0x38,0x00,0x00,
    0x00,0x00,0x00,0x00,0x00,0x70,0x08,0x38,0x08,0x08,0x70,0x00,0x00,
    0x00,0x00,0x1E,0x12,0x12,0x12,0x12,0x12,0x12,0x12,0x1E,0x00,0x00,
    0x00,0x00,0x1E,0x12,0x12,0x12,0x12,0x12,0x12,0x12,0x1E,0x00,0x00,
    0x00,0x00,0x1E,0x12,0x12,0x12,0x12,0x12,0x12,0x12,0x1E,0x00,0x00,
    0x00,0x00,0x1E,0x12,0x12,0x12,0x12,0x12,0x12,0x12,0x1E,0x00,0x00,
    0x00,0x00,0x1E,0x12,0x12,0x12,0x12,0x12,0x12,0x12,0x1E,0x00,0x00,
    0x00,0x00,0x1E,0x12,0x12,0x12,0x12,0x12,0x12,0x12,0x1E,0x00,0x00,
    0x00,0x00,0x1E,0x12,0x12,0x12,0x12,0x12,0x12,0x12,0x1E,0x00,0x00,
    0x00,0x00,0x1E,0x12,0x12,0x12,0x12,0x12,0x12,0x12,0x1E,0x00,0x00,
    0x00,0x00,0x1E,0x12,0x12,0x12,0x12,0x12,0x12,0x12,0x1E,0x00,0x00,
    0x00,0x40,0x20,0x00,0xF8,0x80,0x80,0xF0,0x80,0x80,0xF8,0x00,0x00,
    0x00,0x50,0x50,0x00,0xF8,0x80,0x80,0xF0,0x80,0x80,0xF8,0x00,0x00,
    0x00,0x00,0xF8,0x20,0x20,0x30,0x28,0x28,0x28,0x28,0x28,0x08,0x10,
    0x00,0x20,0x40,0x00,0xF8,0x88,0x80,0x80,0x80,0x80,0x80,0x00,0x00,
    0x00,0x00,0x38,0x40,0x80,0x80,0xF0,0x80,0x80,0x40,0x38,0x00,0x00,
    0x00,0x00,0x70,0x88,0x80,0x80,0x70,0x08,0x08,0x88,0x70,0x00,0x00,
    0x00,0x00,0x70,0x20,0x20,0x20,0x20,0x20,0x20,0x20,0x70,0x00,0x00,
    0x00,0x50,0x50,0x00,0xF8,0x20,0x20,0x20,0x20,0x20,0xF8,0x00,0x00,
    0x00,0x00,0x38,0x10,0x10,0x10,0x10,0x10,0x10,0x90,0x60,0x00,0x00,
    0x00,0x00,0x60,0xA0,0xA0,0xA0,0xB0,0xA8,0xA8,0xA8,0xB0,0x00,0x00,
    0x00,0x00,0xA0,0xA0,0xA0,0xA0,0xF0,0xA8,0xA8,0xA8,0xB0,0x00,0x00,
    0x00,0x00,0xF8,0x20,0x20,0x30,0x28,0x28,0x28,0x28,0x28,0x00,0x00,
    0x10,0x20,0x88,0x88,0x90,0xA0,0xC0,0xA0,0x90,0x88,0x88,0x00,0x00,
    0x00,0x40,0x20,0x00,0x88,0x98,0x98,0xA8,0xC8,0xC8,0x88,0x00,0x00,
    0x00,0x88,0x70,0x00,0x88,0x88,0x88,0x78,0x08,0x08,0x70,0x00,0x00,
    0x00,0x00,0x88,0x88,0x88,0x88,0x88,0x88,0x88,0x88,0xF8,0x20,0x20,
    0x00,0x00,0x20,0x50,0x88,0x88,0x88,0xF8,0x88,0x88,0x88,0x00,0x00,
    0x00,0x00,0xF0,0x80,0x80,0x80,0xF0,0x88,0x88,0x88,0xF0,0x00,0x00,
    0x00,0x00,0xF0,0x88,0x88,0x88,0xF0,0x88,0x88,0x88,0xF0,0x00,0x00,
    0x00,0x00,0xF8,0x88,0x80,0x80,0x80,0x80,0x80,0x80,0x80,0x00,0x00,
    0x00,0x00,0x30,0x50,0x50,0x50,0x50,0x50,0x50,0x50,0xF8,0x88,0x00,
    0x00,0x00,0xF8,0x80,0x80,0x80,0xF0,0x80,0x80,0x80,0xF8,0x00,0x00,
    0x00,0x00,0xA8,0xA8,0xA8,0x70,0x20,0x70,0xA8,0xA8,0xA8,0x00,0x00,
    0x00,0x00,0x70,0x88,0x08,0x08,0x30,0x08,0x08,0x88,0x70,0x00,0x00,
    0x00,0x00,0x88,0x88,0x98,0x98,0xA8,0xA8,0xC8,0xC8,0x88,0x00,0x00,
    0x00,0x88,0x70,0x00,0x88,0x98,0x98,0xA8,0xC8,0xC8,0x88,0x00,0x00,
    0x00,0x00,0x88,0x88,0x90,0xA0,0xC0,0xA0,0x90,0x88,0x88,0x00,0x00,
    0x00,0x00,0x38,0x48,0x48,0x48,0x48,0x48,0x48,0x88,0x88,0x00,0x00,
    0x00,0x00,0x88,0xD8,0xD8,0xA8,0xA8,0x88,0x88,0x88,0x88,0x00,0x00,
    0x00,0x00,0x88,0x88,0x88,0x88,0xF8,0x88,0x88,0x88,0x88,0x00,0x00,
    0x00,0x00,0x70,0x88,0x88,0x88,0x88,0x88,0x88,0x88,0x70,0x00,0x00,
    0x00,0x00,0xF8,0x88,0x88,0x88,0x88,0x88,0x88,0x88,0x88,0x00,0x00,
    0x00,0x00,0xF0,0x88,0x88,0x88,0x88,0xF0,0x80,0x80,0x80,0x00,0x00,
    0x00,0x00,0x70,0x88,0x80,0x80,0x80,0x80,0x80,0x88,0x70,0x00,0x00,
    0x00,0x00,0xF8,0x20,0x20,0x20,0x20,0x20,0x20,0x20,0x20,0x00,0x00,
    0x00,0x00,0x88,0x88,0x88,0x88,0x88,0x78,0x08,0x88,0x70,0x00,0x00,
    0x00,0x00,0x20,0x70,0xA8,0xA8,0xA8,0xA8,0x70,0x20,0x20,0x00,0x00,
    0x00,0x00,0x88,0x88,0x50,0x50,0x20,0x50,0x50,0x88,0x88,0x00,0x00,
    0x00,0x00,0x90,0x90,0x90,0x90,0x90,0x90,0x90,0x90,0xF8,0x08,0x08,
    0x00,0x00,0x88,0x88,0x88,0x88,0x78,0x08,0x08,0x08,0x08,0x00,0x00,
    0x00,0x00,0xA8,0xA8,0xA8,0xA8,0xA8,0xA8,0xA8,0xA8,0xF8,0x00,0x00,
    0x00,0x00,0xA8,0xA8,0xA8,0xA8,0xA8,0xA8,0xA8,0xA8,0xF8,0x08,0x08,
    0x00,0x00,0xC0,0x40,0x40,0x40,0x70,0x48,0x48,0x48,0x70,0x00,0x00,
    0x00,0x00,0x88,0x88,0x88,0xE8,0x98,0x98,0x98,0x98,0xE8,0x00,0x00,
    0x00,0x00,0x80,0x80,0x80,0x80,0xF0,0x88,0x88,0x88,0xF0,0x00,0x00,
    0x00,0x00,0xE0,0x10,0x08,0x08,0x78,0x08,0x08,0x10,0xE0,0x00,0x00,
    0x00,0x00,0x90,0xA8,0xA8,0xA8,0xE8,0xA8,0xA8,0xA8,0x90,0x00,0x00,
    0x00,0x00,0x78,0x88,0x88,0x88,0x78,0x28,0x48,0x88,0x88,0x00,0x00,
    0x00,0x00,0x00,0x00,0x00,0x70,0x08,0x78,0x88,0x98,0x68,0x00,0x00,
    0x00,0x00,0x08,0x70,0x80,0xF0,0x88,0x88,0x88,0x88,0x70,0x00,0x00,
    0x00,0x00,0x00,0x00,0x00,0xF0,0x88,0xF0,0x88,0x88,0xF0,0x00,0x00,
    0x00,0x00,0x00,0x00,0x00,0xF8,0x88,0x80,0x80,0x80,0x80,0x00,0x00,
    0x00,0x00,0x00,0x00,0x00,0x30,0x50,0x50,0x50,0x50,0xF8,0x88,0x00,
    0x00,0x00,0x00,0x00,0x00,0x70,0x88,0xF8,0x80,0x88,0x70,0x00,0x00,
    0x00,0x00,0x00,0x00,0x00,0xA8,0xA8,0x70,0x70,0xA8,0xA8,0x00,0x00,
    0x00,0x00,0x00,0x00,0x00,0x70,0x88,0x30,0x08,0x88,0x70,0x00,0x00,
    0x00,0x00,0x00,0x00,0x00,0x88,0x88,0x98,0xA8,0xC8,0x88,0x00,0x00,
    0x00,0x00,0x88,0x70,0x00,0x88,0x88,0x98,0xA8,0xC8,0x88,0x00,0x00,
    0x00,0x00,0x00,0x00,0x00,0x88,0x90,0xE0,0x90,0x88,0x88,0x00,0x00,
    0x00,0x00,0x00,0x00,0x00,0x38,0x48,0x48,0x48,0x48,0x88,0x00,0x00,
    0x00,0x00,0x00,0x00,0x00,0x88,0xD8,0xA8,0xA8,0x88,0x88,0x00,0x00,
    0x00,0x00,0x00,0x00,0x00,0x88,0x88,0xF8,0x88,0x88,0x88,0x00,0x00,
    0x00,0x00,0x00,0x00,0x00,0x70,0x88,0x88,0x88,0x88,0x70,0x00,0x00,
    0x00,0x00,0x00,0x00,0x00,0xF8,0x88,0x88,0x88,0x88,0x88,0x00,0x00,
    0x00,0x00,0x00,0x00,0x00,0xF0,0x88,0x88,0x88,0xF0,0x80,0x80,0x80,
    0x00,0x00,0x00,0x00,0x00,0x70,0x88,0x80,0x80,0x88,0x70,0x00,0x00,
    0x00,0x00,0x00,0x00,0x00,0xF8,0xA8,0x20,0x20,0x20,0x20,0x00,0x00,
    0x00,0x00,0x00,0x00,0x00,0x88,0x88,0x88,0x98,0x68,0x08,0x88,0x70,
    0x00,0x00,0x00,0x20,0x20,0x70,0xA8,0xA8,0xA8,0xA8,0x70,0x20,0x20,
    0x00,0x00,0x00,0x00,0x00,0x88,0x50,0x20,0x50,0x88,0x88,0x00,0x00,
    0x00,0x00,0x00,0x00,0x00,0x90,0x90,0x90,0x90,0x90,0xF8,0x08,0x08,
    0x00,0x00,0x00,0x00,0x00,0x88,0x88,0x88,0x78,0x08,0x08,0x00,0x00,
    0x00,0x00,0x00,0x00,0x00,0xA8,0xA8,0xA8,0xA8,0xA8,0xF8,0x00,0x00,
    0x00,0x00,0x00,0x00,0x00,0xA8,0xA8,0xA8,0xA8,0xA8,0xF8,0x08,0x08,
    0x00,0x00,0x00,0x00,0x00,0xC0,0x40,0x70,0x48,0x48,0x70,0x00,0x00,
    0x00,0x00,0x00,0x00,0x00,0x88,0x88,0xE8,0x98,0x98,0xE8,0x00,0x00,
    0x00,0x00,0x00,0x00,0x00,0x80,0x80,0xF0,0x88,0x88,0xF0,0x00,0x00,
    0x00,0x00,0x00,0x00,0x00,0xF0,0x08,0x38,0x08,0x08,0xF0,0x00,0x00,
    0x00,0x00,0x00,0x00,0x00,0x90,0xA8,0xA8,0xE8,0xA8,0x90,0x00,0x00,
    0x00,0x00,0x00,0x00,0x00,0x78,0x88,0x88,0x78,0x48,0x88,0x00,0x00,
    0x00,0x00,0x40,0x20,0x00,0x70,0x88,0xF8,0x80,0x88,0x70,0x00,0x00,
    0x00,0x00,0x50,0x50,0x00,0x70,0x88,0xF8,0x80,0x88,0x70,0x00,0x00,
    0x00,0x00,0x40,0xE0,0x40,0x50,0x68,0x48,0x48,0x48,0x48,0x08,0x10,
    0x00,0x00,0x20,0x40,0x00,0xF8,0x88,0x80,0x80,0x80,0x80,0x00,0x00,
    0x00,0x00,0x00,0x00,0x00,0x78,0x80,0xE0,0x80,0x80,0x78,0x00,0x00,
    0x00,0x00,0x00,0x00,0x00,0x70,0x88,0x60,0x10,0x88,0x70,0x00,0x00,
    0x00,0x00,0x00,0x20,0x00,0x60,0x20,0x20,0x20,0x20,0x70,0x00,0x00,
    0x00,0x00,0x50,0x50,0x00,0x60,0x20,0x20,0x20,0x20,0xF8,0x00,0x00,
    0x00,0x00,0x00,0x10,0x00,0x30,0x10,0x10,0x10,0x10,0x90,0x90,0x60,
    0x00,0x00,0x00,0x00,0x00,0x60,0xA0,0xB0,0xA8,0xA8,0xB0,0x00,0x00,
    0x00,0x00,0x00,0x00,0x00,0xA0,0xA0,0xF0,0xA8,0xA8,0xB0,0x00,0x00,
    0x00,0x00,0x40,0xE0,0x40,0x50,0x68,0x48,0x48,0x48,0x48,0x00,0x00,
    0x00,0x00,0x20,0x40,0x00,0x88,0x90,0xE0,0x90,0x88,0x88,0x00,0x00,
    0x00,0x00,0x40,0x20,0x00,0x88,0x88,0x98,0xA8,0xC8,0x88,0x00,0x00,
    0x00,0x00,0x88,0x70,0x00,0x88,0x88,0x88,0x98,0x68,0x08,0x88,0x70,
    0x00,0x00,0x00,0x00,0x00,0x88,0x88,0x88,0x88,0x88,0xF8,0x20,0x20,
    0x00,0x00,0x50,0x88,0x88,0x88,0xA8,0xA8,0xA8,0xA8,0x50,0x00,0x00,
    0x00,0x00,0x00,0x00,0x00,0x50,0x88,0xA8,0xA8,0xA8,0x50,0x00,0x00,
    0x00,0x00,0x40,0xF0,0x40,0x40,0x70,0x48,0x48,0x48,0x70,0x00,0x00,
    0x00,0x00,0x00,0x40,0x40,0xE0,0x40,0x70,0x48,0x48,0x70,0x00,0x00,
    0x00,0x00,0x98,0xA0,0xA0,0xA0,0xF8,0xA0,0xA0,0xA0,0x98,0x00,0x00,
    0x00,0x00,0x00,0x00,0x00,0x98,0xA0,0xF8,0xA0,0xA0,0x98,0x00,0x00,
    0x00,0x00,0x20,0x20,0x50,0x50,0x50,0x88,0xA8,0xA8,0xA8,0x00,0x00,
    0x00,0x00,0x00,0x00,0x00,0x20,0x50,0x50,0x88,0xA8,0xA8,0x00,0x00,
    0x00,0x00,0x90,0x90,0x90,0xB8,0xF8,0xB8,0xB8,0xB8,0xB8,0x00,0x00,
    0x00,0x00,0x00,0x00,0x00,0x90,0x90,0xF8,0xB8,0xB8,0xB8,0x00,0x00,
    0x00,0x00,0xF8,0x88,0x50,0x50,0x70,0xA8,0xA8,0xA8,0xA8,0x00,0x00,
    0x00,0x00,0x00,0x00,0x00,0xF8,0x50,0x50,0x70,0xA8,0xA8,0x00,0x00,
    0x00,0x00,0xB8,0xA8,0xA8,0xA8,0xF0,0xB8,0xD4,0xD4,0xD4,0x00,0x00,
    0x00,0x00,0x00,0x00,0x00,0xB8,0xA8,0x90,0xF8,0xB8,0xB8,0x00,0x00,
    0x00,0x48,0x30,0x00,0x70,0x88,0x08,0x30,0x08,0x08,0x70,0x80,0x70,
    0x00,0x00,0x48,0x30,0x00,0x70,0x88,0x30,0x08,0x08,0x70,0x80,0x70,
    0x00,0x00,0xA8,0xA8,0xA8,0xA8,0xA8,0x70,0x20,0x20,0x20,0x00,0x00,
    0x00,0x00,0x00,0x00,0x00,0xA8,0xA8,0xA8,0xA8,0xA8,0x70,0x20,0x20,
    0x00,0x00,0x70,0x88,0x88,0x88,0xF8,0x88,0x88,0x88,0x70,0x00,0x00,
    0x00,0x00,0x00,0x00,0x00,0x30,0x48,0x78,0x48,0x48,0x30,0x00,0x00,
    0x00,0x00,0x98,0x90,0x90,0x90,0x50,0x50,0x50,0x20,0x20,0x00,0x00,
    0x00,0x00,0x00,0x00,0x00,0x98,0x90,0x90,0x50,0x50,0x20,0x00,0x00,
    0x00,0x90,0x48,0x00,0x9C,0x90,0x90,0x50,0x50,0x20,0x20,0x00,0x00,
    0x00,0x00,0x90,0x48,0x00,0x98,0x90,0x90,0x50,0x50,0x20,0x00,0x00,
    0x00,0x00,0x40,0xA0,0xA0,0xB8,0xB8,0xB8,0xB8,0xB8,0x58,0x08,0x10,
    0x00,0x00,0x00,0x00,0x00,0x58,0xB8,0xB8,0xB8,0xB8,0x58,0x08,0x10,
    0x00,0x20,0x70,0xA8,0x88,0x88,0x88,0x88,0x88,0xA8,0x70,0x20,0x00,
    0x00,0x00,0x00,0x00,0x20,0x70,0xA8,0x88,0x88,0xA8,0x70,0x20,0x00,
    0x60,0x98,0x60,0x00,0x50,0x88,0xA8,0xA8,0xA8,0xA8,0x50,0x00,0x00,
    0x00,0x60,0x98,0x60,0x00,0x50,0x88,0xA8,0xA8,0xA8,0x50,0x00,0x00,
    0x00,0xF8,0xA8,0x00,0x50,0x88,0xA8,0xA8,0xA8,0xA8,0x50,0x00,0x00,
    0x00,0x00,0xF8,0xA8,0x00,0x50,0x88,0xA8,0xA8,0xA8,0x50,0x00,0x00,
    0x00,0x00,0x70,0x88,0x88,0x80,0x80,0x80,0x80,0x80,0x70,0x10,0x10,
    0x00,0x00,0x00,0x00,0x00,0x70,0x88,0x80,0x80,0x70,0x10,0x10,0x00,
    0x00,0x00,0x00,0x28,0x10,0xB0,0x48,0x40,0xA0,0x00,0x00,0x00,0x00,
    0x04,0xFC,0x80,0x00,0x00,0x00,0x00,0x00,0x00,0x00,0x00,0x00,0x00,
    0x00,0x70,0x8C,0x00,0x00,0x00,0x00,0x00,0x00,0x00,0x00,0x00,0x00,
    0x00,0x70,0xC8,0x00,0x00,0x00,0x00,0x00,0x00,0x00,0x00,0x00,0x00,
    0x00,0x70,0x98,0x00,0x00,0x00,0x00,0x00,0x00,0x00,0x00,0x00,0x00,
    0x00,0x00,0x1E,0x12,0x12,0x12,0x12,0x12,0x12,0x12,0x1E,0x00,0x00,
    0x40,0xA0,0x08,0x14,0x00,0x00,0x00,0x00,0x00,0x40,0xA0,0x08,0x14,
    0x40,0x84,0xC8,0x0C,0x00,0x00,0x00,0x00,0x00,0x40,0x84,0xC8,0x0C,
    0x00,0x88,0x70,0x00,0x88,0x98,0x98,0xA8,0xC8,0xC8,0x88,0x10,0x10,
    0x00,0x00,0x88,0x70,0x00,0x88,0x88,0x98,0xA8,0xC8,0x88,0x10,0x10,
    0x00,0x00,0x40,0x40,0xE0,0x40,0x70,0x48,0x48,0x48,0x70,0x00,0x00,
    0x00,0x00,0x00,0x00,0x40,0xE0,0x40,0x70,0x48,0x48,0x70,0x00,0x00,
    0x00,0x00,0xF0,0x88,0x88,0x88,0xA8,0xF0,0x88,0x80,0x80,0x00,0x00,
    0x00,0x00,0x00,0x00,0x00,0xF0,0x88,0x88,0xA8,0xF0,0x88,0x80,0x80,
    0x00,0x08,0xF8,0x80,0x80,0x80,0x80,0x80,0x80,0x80,0x80,0x00,0x00,
    0x00,0x00,0x00,0x00,0x08,0xF8,0x80,0x80,0x80,0x80,0x80,0x00,0x00,
    0x00,0x00,0x78,0x48,0x40,0x40,0xE0,0x40,0x40,0x40,0x40,0x00,0x00,
    0x00,0x00,0x00,0x00,0x00,0x78,0x48,0xE0,0x40,0x40,0x40,0x00,0x00,
    0x00,0x00,0xF8,0x80,0x80,0x80,0xF0,0x88,0x88,0x88,0x88,0x10,0x00,
    0x00,0x00,0x00,0x00,0x00,0xF8,0x80,0xF0,0x88,0x88,0x88,0x10,0x00,
    0x00,0x00,0xA8,0xA8,0xA8,0x70,0x20,0x70,0xA8,0xA8,0xAC,0x04,0x04,
    0x00,0x00,0x00,0x00,0x00,0xA8,0xA8,0x70,0x70,0xA8,0xAC,0x04,0x04,
    0x00,0x00,0x70,0x88,0x08,0x08,0x30,0x08,0x08,0x88,0x70,0x20,0x40,
    0x00,0x00,0x00,0x00,0x00,0x70,0x88,0x30,0x08,0x88,0x70,0x20,0x40,
    0x00,0x00,0x90,0x90,0xA0,0xA0,0xC0,0xA0,0x90,0x90,0x98,0x08,0x08,
    0x00,0x00,0x00,0x00,0x00,0x90,0xA0,0xC0,0xA0,0x90,0x98,0x08,0x08,
    0x00,0x00,0x88,0xA8,0xB0,0xA0,0xE0,0xA0,0xB0,0xA8,0x88,0x00,0x00,
    0x00,0x00,0x00,0x00,0x00,0xA8,0xB0,0xE0,0xB0,0xA8,0x88,0x00,0x00,
    0x00,0x00,0x48,0xE8,0x50,0x60,0x60,0x60,0x50,0x48,0x48,0x00,0x00,
    0x00,0x00,0x40,0x40,0xE0,0x48,0x50,0x60,0x50,0x48,0x48,0x00,0x00,
    0x00,0x00,0xC8,0x48,0x50,0x60,0x60,0x60,0x50,0x48,0x48,0x00,0x00,
    0x00,0x00,0x00,0x00,0x00,0xC8,0x50,0x60,0x50,0x48,0x48,0x00,0x00,
    0x00,0x00,0x90,0x90,0x90,0x90,0xF0,0x90,0x90,0x90,0x98,0x08,0x08,
    0x00,0x00,0x00,0x00,0x00,0x90,0x90,0xF0,0x90,0x90,0x98,0x08,0x08,
    0x00,0x00,0xB8,0xA0,0xA0,0xA0,0xE0,0xA0,0xA0,0xA0,0xA0,0x00,0x00,
    0x00,0x00,0x00,0x00,0x00,0xB8,0xA0,0xE0,0xA0,0xA0,0xA0,0x00,0x00,
    0x00,0x00,0xE0,0xA0,0xA0,0xA0,0xB0,0xA8,0xA8,0xA8,0xA8,0x08,0x10,
    0x00,0x00,0x00,0x00,0x00,0xE0,0xA0,0xB0,0xA8,0xA8,0xA8,0x08,0x10,
    0x00,0x00,0x70,0x88,0x80,0x90,0xA8,0xA8,0xA8,0x70,0x20,0x18,0x00,
    0x00,0x00,0x00,0x00,0x00,0x70,0x80,0x90,0xA8,0x70,0x20,0x18,0x00,
    0x00,0x00,0x70,0x88,0x80,0x80,0x80,0x80,0x80,0x88,0x70,0x20,0x10,
    0x00,0x00,0x00,0x00,0x00,0x70,0x88,0x80,0x80,0x88,0x70,0x20,0x10,
    0x00,0x00,0xF8,0x20,0x20,0x20,0x20,0x20,0x20,0x20,0x30,0x10,0x10,
    0x00,0x00,0x00,0x00,0x00,0xF8,0xA8,0x20,0x20,0x20,0x30,0x10,0x10,
    0x00,0x00,0x88,0x88,0x50,0x50,0x20,0x20,0x20,0x20,0x20,0x00,0x00,
    0x00,0x00,0x00,0x00,0x00,0x88,0x88,0x50,0x50,0x20,0x20,0x20,0x20,
    0x00,0x00,0x88,0x88,0x50,0x50,0x20,0xF8,0x20,0x20,0x20,0x00,0x00,
    0x00,0x00,0x00,0x00,0x00,0x88,0x88,0x50,0x50,0x20,0xF8,0x20,0x20,
    0x00,0x00,0x88,0x88,0x50,0x50,0x20,0x50,0x50,0x88,0x8C,0x04,0x04,
    0x00,0x00,0x00,0x00,0x00,0x88,0x50,0x20,0x50,0x88,0x8C,0x04,0x04,
    0x00,0x00,0xE8,0x48,0x48,0x48,0x48,0x48,0x48,0x48,0x78,0x08,0x08,
    0x00,0x00,0x00,0x00,0x00,0xE8,0x48,0x48,0x48,0x48,0x78,0x08,0x08,
    0x00,0x00,0x90,0x90,0x90,0x90,0x90,0x70,0x10,0x10,0x18,0x08,0x08,
    0x00,0x00,0x00,0x00,0x00,0x90,0x90,0x90,0x70,0x10,0x18,0x08,0x08,
    0x00,0x00,0x88,0x88,0x88,0xA8,0xA8,0x78,0x28,0x28,0x08,0x00,0x00,
    0x00,0x00,0x00,0x00,0x00,0x88,0x88,0xA8,0x78,0x28,0x08,0x00,0x00,
    0x00,0x00,0x80,0x80,0x80,0xF0,0x88,0x88,0x88,0x88,0x88,0x00,0x00,
    0x00,0x00,0x80,0x80,0x80,0x80,0xE0,0x90,0x90,0x90,0x90,0x00,0x00,
    0x00,0x00,0x30,0x48,0x48,0x48,0xF8,0x40,0x40,0x48,0x30,0x00,0x00,
    0x00,0x00,0x00,0x00,0x00,0x30,0x48,0xF8,0x40,0x48,0x30,0x00,0x00,
    0x00,0x00,0x30,0x48,0x48,0x48,0xF8,0x40,0x40,0x48,0x30,0x20,0x10,
    0x00,0x00,0x00,0x00,0x00,0x30,0x48,0xF8,0x40,0x48,0x30,0x20,0x10,
    0x00,0x00,0x70,0x20,0x20,0x20,0x20,0x20,0x20,0x20,0x70,0x00,0x00,
    0x88,0x70,0x00,0xA8,0xA8,0xA8,0x70,0x70,0xA8,0xA8,0xA8,0x00,0x00,
    0x00,0x00,0x88,0x70,0x00,0xA8,0xA8,0x70,0x70,0xA8,0xA8,0x00,0x00,
    0x00,0x00,0x88,0x88,0x90,0xA0,0xC0,0xA0,0x90,0x88,0x88,0x08,0x30,
    0x00,0x00,0x00,0x00,0x00,0x88,0x90,0xE0,0x90,0x88,0x88,0x08,0x30,
    0x00,0x00,0x38,0x48,0x48,0x48,0x48,0x48,0x48,0x88,0x88,0x10,0x10,
    0x00,0x00,0x00,0x00,0x00,0x38,0x48,0x48,0x48,0x48,0x88,0x10,0x10,
    0x00,0x00,0x88,0x88,0x88,0x88,0xF8,0x88,0x88,0x88,0x88,0x08,0x30,
    0x00,0x00,0x00,0x00,0x00,0x88,0x88,0xF8,0x88,0x88,0x88,0x08,0x30,
    0x00,0x00,0x88,0x88,0x88,0x88,0xF8,0x88,0x88,0x88,0x88,0x10,0x10,
    0x00,0x00,0x00,0x00,0x00,0x88,0x88,0xF8,0x88,0x88,0x88,0x10,0x10,
    0x00,0x00,0x88,0x88,0x88,0x88,0x88,0x78,0x08,0x08,0x18,0x10,0x10,
    0x00,0x00,0x00,0x00,0x00,0x88,0x88,0x88,0x78,0x08,0x18,0x10,0x10,
    0x00,0x00,0x88,0xD8,0xD8,0xA8,0xA8,0x88,0x88,0x88,0x88,0x10,0x10,
    0x00,0x00,0x00,0x00,0x00,0x88,0xD8,0xA8,0xA8,0x88,0x88,0x10,0x10,
    0x00,0x00,0x1E,0x12,0x12,0x12,0x12,0x12,0x12,0x12,0x1E,0x00,0x00,
    0x00,0x88,0x70,0x00,0x20,0x50,0x88,0x88,0xF8,0x88,0x88,0x00,0x00,
    0x00,0x00,0x88,0x70,0x00,0x70,0x08,0x78,0x88,0x98,0x68,0x00,0x00,
    0x00,0x50,0x50,0x00,0x20,0x50,0x88,0x88,0xF8,0x88,0x88,0x00,0x00,
    0x00,0x00,0x50,0x50,0x00,0x70,0x08,0x78,0x88,0x98,0x68,0x00,0x00,
    0x00,0x00,0x58,0xA0,0xA0,0xA0,0xB0,0xE0,0xA0,0xA0,0xB8,0x00,0x00,
    0x00,0x00,0x00,0x00,0x00,0x70,0x28,0x70,0xA0,0xA8,0x50,0x00,0x00,
    0x00,0x88,0x70,0x00,0xF8,0x80,0x80,0xF0,0x80,0x80,0xF8,0x00,0x00,
    0x00,0x00,0x88,0x70,0x00,0x70,0x88,0xF8,0x80,0x88,0x70,0x00,0x00,
    0x00,0x00,0x70,0x88,0x08,0x08,0xF8,0x88,0x88,0x88,0x70,0x00,0x00,
    0x00,0x00,0x00,0x00,0x00,0x70,0x88,0x08,0xF8,0x88,0x70,0x00,0x00,
    0x00,0x50,0x50,0x00,0x70,0x88,0x08,0xF8,0x88,0x88,0x70,0x00,0x00,
    0x00,0x00,0x50,0x50,0x00,0x70,0x88,0x08,0xF8,0x88,0x70,0x00,0x00,
    0x00,0x50,0x50,0x00,0xA8,0xA8,0x70,0x20,0x70,0xA8,0xA8,0x00,0x00,
    0x00,0x00,0x50,0x50,0x00,0xA8,0xA8,0x70,0x70,0xA8,0xA8,0x00,0x00,
    0x00,0x50,0x50,0x00,0x70,0x88,0x08,0x30,0x08,0x88,0x70,0x00,0x00,
    0x00,0x00,0x50,0x50,0x00,0x70,0x88,0x30,0x08,0x88,0x70,0x00,0x00,
    0x00,0x00,0xF8,0x08,0x10,0x20,0x70,0x08,0x08,0x88,0x70,0x00,0x00,
    0x00,0x00,0x00,0x00,0x00,0xF8,0x10,0x20,0x70,0x08,0x08,0x88,0x70,
    0x00,0x00,0xF8,0x00,0x88,0x98,0x98,0xA8,0xC8,0xC8,0x88,0x00,0x00,
    0x00,0x00,0x00,0xF8,0x00,0x88,0x88,0x98,0xA8,0xC8,0x88,0x00,0x00,
    0x00,0x50,0x50,0x00,0x88,0x98,0x98,0xA8,0xC8,0xC8,0x88,0x00,0x00,
    0x00,0x00,0x50,0x50,0x00,0x88,0x88,0x98,0xA8,0xC8,0x88,0x00,0x00,
    0x00,0x50,0x50,0x00,0x70,0x88,0x88,0x88,0x88,0x88,0x70,0x00,0x00,
    0x00,0x00,0x50,0x50,0x00,0x70,0x88,0x88,0x88,0x88,0x70,0x00,0x00,
    0x00,0x00,0x70,0x88,0x88,0xE8,0xB8,0x88,0x88,0x88,0x70,0x00,0x00,
    0x00,0x00,0x00,0x00,0x00,0x70,0x88,0xE8,0xB8,0x88,0x70,0x00,0x00,
    0x00,0x50,0x50,0x00,0x70,0x88,0xE8,0xB8,0x88,0x88,0x70,0x00,0x00,
    0x00,0x00,0x50,0x50,0x00,0x70,0x88,0xE8,0xB8,0x88,0x70,0x00,0x00,
    0x00,0x50,0x50,0x00,0xE0,0x10,0x08,0x78,0x08,0x10,0xE0,0x00,0x00,
    0x00,0x00,0x50,0x50,0x00,0xF0,0x08,0x38,0x08,0x08,0xF0,0x00,0x00,
    0x00,0x00,0xF8,0x00,0x88,0x88,0x98,0x68,0x08,0x88,0x70,0x00,0x00,
    0x00,0x00,0x00,0xF8,0x00,0x88,0x88,0x88,0x98,0x68,0x08,0x88,0x70,
    0x00,0x50,0x50,0x00,0x88,0x88,0x98,0x68,0x08,0x88,0x70,0x00,0x00,
    0x00,0x00,0x50,0x50,0x00,0x88,0x88,0x88,0x98,0x68,0x08,0x88,0x70,
    0x00,0x48,0x90,0x00,0x88,0x88,0x98,0x68,0x08,0x88,0x70,0x00,0x00,
    0x00,0x00,0x48,0x90,0x00,0x88,0x88,0x88,0x98,0x68,0x08,0x88,0x70,
    0x00,0x50,0x50,0x00,0x88,0x88,0x88,0x78,0x08,0x08,0x08,0x00,0x00,
    0x00,0x00,0x50,0x50,0x00,0x88,0x88,0x88,0x78,0x08,0x08,0x00,0x00,
    0x00,0x00,0x1E,0x12,0x12,0x12,0x12,0x12,0x12,0x12,0x1E,0x00,0x00,
    0x00,0x00,0x1E,0x12,0x12,0x12,0x12,0x12,0x12,0x12,0x1E,0x00,0x00,
    0x00,0x50,0x50,0x00,0x88,0x88,0xE8,0x98,0x98,0x98,0xE8,0x00,0x00,
    0x00,0x00,0x50,0x50,0x00,0x88,0x88,0xE8,0x98,0x98,0xE8,0x00,0x00,
    0x00,0x00,0x1E,0x12,0x12,0x12,0x12,0x12,0x12,0x12,0x1E,0x00,0x00,
    0x00,0x00,0x1E,0x12,0x12,0x12,0x12,0x12,0x12,0x12,0x1E,0x00,0x00,
    0x00,0x00,0x1E,0x12,0x12,0x12,0x12,0x12,0x12,0x12,0x1E,0x00,0x00,
    0x00,0x00,0x1E,0x12,0x12,0x12,0x12,0x12,0x12,0x12,0x1E,0x00,0x00,
    0x00,0x00,0x1E,0x12,0x12,0x12,0x12,0x12,0x12,0x12,0x1E,0x00,0x00,
    0x00,0x00,0x1E,0x12,0x12,0x12,0x12,0x12,0x12,0x12,0x1E,0x00,0x00,
    0x00,0x00,0x00,0x00,0x00,0x00,0x00,0x00,0x00,0x00,0x00,0x00,0x00,
    0x00,0x00,0x00,0x00,0x00,0x00,0x00,0x00,0x00,0x00,0x00,0x00,0x00,
    0x00,0x00,0x00,0x00,0x00,0x00,0x00,0x00,0x00,0x00,0x00,0x00,0x00,
    0x00,0x00,0x00,0x00,0x00,0x00,0x00,0x00,0x00,0x00,0x00,0x00,0x00,
    0x00,0x00,0x00,0x00,0x00,0x00,0x00,0x00,0x00,0x00,0x00,0x00,0x00,
    0x00,0x00,0x00,0x00,0x00,0x00,0x00,0x00,0x00,0x00,0x00,0x00,0x00,
    0x00,0x00,0x00,0x00,0x00,0x00,0x00,0x00,0x00,0x00,0x00,0x00,0x00,
    0x00,0x00,0x00,0x00,0x00,0x00,0x00,0x00,0x00,0x00,0x00,0x00,0x00,
    0x00,0x00,0x00,0x00,0x00,0x00,0x00,0x00,0x00,0x00,0x00,0x00,0x00,
    0x00,0x00,0x00,0x00,0x00,0x00,0x00,0x00,0x00,0x00,0x00,0x00,0x00,
    0x00,0x00,0x00,0x00,0x00,0x00,0x00,0x00,0x00,0x00,0x00,0x00,0x00,
    0x00,0x00,0x00,0x00,0x00,0x00,0x00,0x00,0x00,0x00,0x00,0x00,0x00,
    0x00,0x00,0x00,0x00,0x00,0x00,0x00,0x00,0x00,0x00,0x00,0x00,0x00,
    0x00,0x00,0x00,0x00,0x00,0x00,0x00,0x00,0x00,0x00,0x00,0x00,0x00,
    0x00,0x00,0x00,0x00,0x00,0x00,0x00,0x00,0x00,0x00,0x00,0x00,0x00,
    0x00,0x00,0x00,0x00,0x00,0x00,0x00,0x00,0x00,0x00,0x00,0x00,0x00,
    0x00,0x00,0x00,0x00,0x00,0x00,0x70,0x00,0x00,0x00,0x00,0x00,0x00,
    0x00,0x00,0x00,0x00,0x00,0x00,0x70,0x00,0x00,0x00,0x00,0x00,0x00,
    0x00,0x00,0x00,0x00,0x00,0x00,0xF8,0x00,0x00,0x00,0x00,0x00,0x00,
    0x00,0x00,0x00,0x00,0x00,0x00,0xF8,0x00,0x00,0x00,0x00,0x00,0x00,
    0x00,0x00,0x00,0x00,0x00,0x00,0xFC,0x00,0x00,0x00,0x00,0x00,0x00,
    0x00,0x00,0x00,0x00,0x00,0x00,0xFC,0x00,0x00,0x00,0x00,0x00,0x00,
    0x00,0x00,0x50,0x50,0x50,0x50,0x50,0x50,0x50,0x50,0x50,0x00,0x00,
    0x00,0x00,0x00,0x00,0x00,0x00,0x00,0x00,0x00,0x00,0xF8,0x00,0xF8,
    0x00,0x00,0x10,0x20,0x30,0x00,0x00,0x00,0x00,0x00,0x00,0x00,0x00,
    0x00,0x00,0x30,0x10,0x20,0x00,0x00,0x00,0x00,0x00,0x00,0x00,0x00,
    0x00,0x00,0x00,0x00,0x00,0x00,0x00,0x00,0x00,0x30,0x10,0x20,0x00,
    0x00,0x00,0x30,0x20,0x10,0x00,0x00,0x00,0x00,0x00,0x00,0x00,0x00,
    0x00,0x00,0x48,0x90,0xD8,0x00,0x00,0x00,0x00,0x00,0x00,0x00,0x00,
    0x00,0x00,0xD8,0x48,0x90,0x00,0x00,0x00,0x00,0x00,0x00,0x00,0x00,
    0x00,0x00,0x00,0x00,0x00,0x00,0x00,0x00,0x00,0xD8,0x48,0x90,0x00,
    0x00,0x00,0xD8,0x90,0x48,0x00,0x00,0x00,0x00,0x00,0x00,0x00,0x00,
    0x00,0x00,0x20,0x20,0xF8,0x20,0x20,0x20,0x20,0x20,0x20,0x00,0x00,
    0x00,0x00,0x20,0x20,0xF8,0x20,0x20,0xF8,0x20,0x20,0x20,0x00,0x00,
    0x00,0x00,0x00,0x00,0x70,0xF8,0xF8,0xF8,0x70,0x00,0x00,0x00,0x00,
    0x00,0x00,0x00,0x40,0x60,0x70,0x78,0x70,0x60,0x40,0x00,0x00,0x00,
    0x00,0x00,0x00,0x00,0x00,0x00,0x00,0x00,0x00,0x00,0x20,0x00,0x00,
    0x00,0x00,0x00,0x00,0x00,0x00,0x00,0x00,0x00,0x00,0x50,0x00,0x00,
    0x00,0x00,0x00,0x00,0x00,0x00,0x00,0x00,0x00,0x00,0xA8,0x00,0x00,
    0x00,0x00,0x00,0x00,0x00,0x00,0x00,0x30,0x00,0x00,0x00,0x00,0x00,
    0x00,0x00,0x1E,0x12,0x12,0x12,0x12,0x12,0x12,0x12,0x1E,0x00,0x00,
    0x00,0x00,0x1E,0x12,0x12,0x12,0x12,0x12,0x12,0x12,0x1E,0x00,0x00,
    0x00,0x00,0x1E,0x12,0x12,0x12,0x12,0x12,0x12,0x12,0x1E,0x00,0x00,
    0x00,0x00,0x1E,0x12,0x12,0x12,0x12,0x12,0x12,0x12,0x1E,0x00,0x00,
    0x00,0x00,0x1E,0x12,0x12,0x12,0x12,0x12,0x12,0x12,0x1E,0x00,0x00,
    0x00,0x00,0x1E,0x12,0x12,0x12,0x12,0x12,0x12,0x12,0x1E,0x00,0x00,
    0x00,0x00,0x1E,0x12,0x12,0x12,0x12,0x12,0x12,0x12,0x1E,0x00,0x00,
    0x00,0x00,0x00,0x00,0x00,0x00,0x00,0x00,0x00,0x00,0x00,0x00,0x00,
    0x00,0x00,0x48,0xA8,0x50,0x10,0x20,0x40,0x68,0xD4,0xA8,0x00,0x00,
    0x00,0x00,0x48,0xA8,0x50,0x10,0x28,0x54,0x68,0xD4,0xA8,0x00,0x00,
    0x00,0x00,0x20,0x20,0x40,0x00,0x00,0x00,0x00,0x00,0x00,0x00,0x00,
    0x00,0x00,0x50,0x50,0xA0,0x00,0x00,0x00,0x00,0x00,0x00,0x00,0x00,
    0x00,0x00,0x54,0x54,0xA8,0x00,0x00,0x00,0x00,0x00,0x00,0x00,0x00,
    0x00,0x00,0x40,0x40,0x20,0x00,0x00,0x00,0x00,0x00,0x00,0x00,0x00,
    0x00,0x00,0xA0,0xA0,0x50,0x00,0x00,0x00,0x00,0x00,0x00,0x00,0x00,
    0x00,0x00,0xA8,0xA8,0x54,0x00,0x00,0x00,0x00,0x00,0x00,0x00,0x00,
    0x00,0x00,0x00,0x00,0x00,0x00,0x00,0x00,0x00,0x20,0x20,0x50,0x50,
    0x00,0x00,0x00,0x00,0x10,0x20,0x40,0x40,0x20,0x10,0x00,0x00,0x00,
    0x00,0x00,0x00,0x00,0x40,0x20,0x10,0x10,0x20,0x40,0x00,0x00,0x00,
    0x00,0x00,0xA8,0x88,0x50,0x20,0xA8,0x20,0x50,0x88,0xA8,0x00,0x00,
    0x00,0x00,0x50,0x50,0x50,0x50,0x50,0x50,0x50,0x00,0x50,0x00,0x00,
    0x00,0x00,0x70,0xA8,0x28,0x28,0x30,0x20,0x20,0x00,0x20,0x00,0x00,
    0x00,0xFC,0x00,0x00,0x00,0x00,0x00,0x00,0x00,0x00,0x00,0x00,0x00,
    0x00,0x00,0x00,0x00,0x00,0x00,0x00,0x00,0x00,0x00,0x00,0x88,0x70,
    0x00,0x70,0x88,0x00,0x00,0x00,0x00,0x00,0x00,0x00,0x00,0x00,0x00,
    0x00,0x00,0x00,0x00,0x00,0x08,0x08,0x10,0x10,0x20,0x20,0x50,0x50,
    0x00,0x00,0x00,0x00,0x20,0x70,0x20,0x50,0xF8,0x50,0x00,0x00,0x00,
    0x00,0x00,0x00,0x00,0x00,0x00,0x70,0x70,0x00,0x00,0x00,0x00,0x00,
    0x00,0x00,0x08,0x10,0x10,0x20,0x20,0x40,0x40,0x80,0x80,0x00,0x00,
    0x00,0x00,0x70,0x40,0x40,0x40,0x70,0x40,0x40,0x40,0x70,0x00,0x00,
    0x00,0x00,0x70,0x10,0x10,0x10,0x70,0x10,0x10,0x10,0x70,0x00,0x00,
    0x00,0x00,0x48,0xB4,0xB4,0x24,0x48,0x48,0x48,0x00,0x48,0x00,0x00,
    0x00,0x00,0x48,0xA8,0xA8,0x28,0x48,0x48,0x48,0x00,0x48,0x00,0x00,
    0x00,0x00,0x90,0xA8,0xA8,0x88,0x90,0x90,0x90,0x00,0x90,0x00,0x00,
    0x00,0x00,0x00,0x00,0x00,0x78,0x08,0x08,0x08,0x08,0x08,0x00,0x00,
    0x00,0x00,0xF0,0xB8,0xB8,0xB8,0xB8,0xB0,0xA0,0xA0,0xA0,0x00,0x00,
    0x00,0x00,0x00,0x00,0x78,0xE8,0xE8,0xE8,0x78,0x00,0x00,0x00,0x00,
    0x00,0x00,0x00,0x00,0xF0,0xB8,0xB8,0xB8,0xF0,0x00,0x00,0x00,0x00,
    0x00,0x00,0x00,0x00,0x00,0x00,0x20,0xA8,0x70,0xA8,0x20,0x00,0x00,
    0x00,0x00,0x00,0x00,0x20,0x70,0x20,0x00,0x00,0x60,0x20,0x10,0x00,
    0x00,0x00,0x00,0x70,0x88,0x00,0x00,0x00,0x88,0x70,0x00,0x00,0x00,
    0x00,0x00,0x20,0xA8,0x70,0xA8,0x20,0xA8,0x70,0xA8,0x20,0x00,0x00,
    0x00,0x00,0xC8,0xC8,0x10,0x10,0x20,0x40,0x40,0x98,0x98,0x00,0x00,
    0x00,0x00,0x1E,0x12,0x12,0x12,0x12,0x12,0x12,0x12,0x1E,0x00,0x00,
    0x00,0x00,0x1E,0x12,0x12,0x12,0x12,0x12,0x12,0x12,0x1E,0x00,0x00,
    0x00,0x00,0x1E,0x12,0x12,0x12,0x12,0x12,0x12,0x12,0x1E,0x00,0x00,
    0x00,0x00,0x1E,0x12,0x12,0x12,0x12,0x12,0x12,0x12,0x1E,0x00,0x00,
    0x00,0x00,0x7C,0x7C,0xF8,0x00,0x00,0x00,0x00,0x00,0x00,0x00,0x00,
    0x00,0x00,0x1E,0x12,0x12,0x12,0x12,0x12,0x12,0x12,0x1E,0x00,0x00,
    0x00,0x00,0x1E,0x12,0x12,0x12,0x12,0x12,0x12,0x12,0x1E,0x00,0x00,
    0x00,0x00,0x1E,0x12,0x12,0x12,0x12,0x12,0x12,0x12,0x1E,0x00,0x00,
    0x00,0x00,0x1E,0x12,0x12,0x12,0x12,0x12,0x12,0x12,0x1E,0x00,0x00,
    0x00,0x00,0x1E,0x12,0x12,0x12,0x12,0x12,0x12,0x12,0x1E,0x00,0x00,
    0x00,0x00,0x1E,0x12,0x12,0x12,0x12,0x12,0x12,0x12,0x1E,0x00,0x00,
    0x00,0x00,0x1E,0x12,0x12,0x12,0x12,0x12,0x12,0x12,0x1E,0x00,0x00,
    0x00,0x00,0x00,0x00,0x00,0x00,0x00,0x00,0x00,0x00,0x00,0x00,0x00,
    0x00,0x00,0x00,0x00,0x00,0x00,0x00,0x00,0x00,0x00,0x00,0x00,0x00,
    0x00,0x00,0x00,0x00,0x00,0x00,0x00,0x00,0x00,0x00,0x00,0x00,0x00,
    0x00,0x00,0x00,0x00,0x00,0x00,0x00,0x00,0x00,0x00,0x00,0x00,0x00,
    0x00,0x00,0x00,0x00,0x00,0x00,0x00,0x00,0x00,0x00,0x00,0x00,0x00,
    0x00,0x00,0x1E,0x12,0x12,0x12,0x12,0x12,0x12,0x12,0x1E,0x00,0x00,
    0x00,0x00,0x1E,0x12,0x12,0x12,0x12,0x12,0x12,0x12,0x1E,0x00,0x00,
    0x00,0x00,0x1E,0x12,0x12,0x12,0x12,0x12,0x12,0x12,0x1E,0x00,0x00,
    0x00,0x00,0x1E,0x12,0x12,0x12,0x12,0x12,0x12,0x12,0x1E,0x00,0x00,
    0x00,0x00,0x1E,0x12,0x12,0x12,0x12,0x12,0x12,0x12,0x1E,0x00,0x00,
    0x00,0x00,0x1E,0x12,0x12,0x12,0x12,0x12,0x12,0x12,0x1E,0x00,0x00,
    0x00,0x00,0x1E,0x12,0x12,0x12,0x12,0x12,0x12,0x12,0x1E,0x00,0x00,
    0x00,0x00,0x1E,0x12,0x12,0x12,0x12,0x12,0x12,0x12,0x1E,0x00,0x00,
    0x00,0x00,0x1E,0x12,0x12,0x12,0x12,0x12,0x12,0x12,0x1E,0x00,0x00,
    0x00,0x00,0x1E,0x12,0x12,0x12,0x12,0x12,0x12,0x12,0x1E,0x00,0x00,
    0x00,0x00,0x1E,0x12,0x12,0x12,0x12,0x12,0x12,0x12,0x1E,0x00,0x00,
    0x00,0x00,0x1E,0x12,0x12,0x12,0x12,0x12,0x12,0x12,0x1E,0x00,0x00,
    0x00,0x00,0x00,0x60,0x80,0x80,0xB8,0xA0,0x70,0x20,0x38,0x00,0x00,
    0x00,0x08,0x78,0x98,0x90,0xA0,0xA0,0xA0,0xC0,0xC8,0xF0,0x80,0x00,
    0x00,0x00,0x70,0x88,0x80,0x80,0xA8,0xB0,0xA0,0xA8,0x70,0x00,0x00,
    0x00,0x00,0xF8,0x80,0x80,0x80,0xE8,0xB0,0xA0,0xA0,0xA0,0x00,0x00,
    0x00,0x00,0x30,0x48,0x40,0xE0,0x40,0xE0,0x40,0x48,0xB0,0x00,0x00,
    0x00,0x00,0x00,0x10,0x10,0xD0,0xA8,0xA8,0xA8,0xA8,0xC8,0xC0,0x40,
    0x00,0x00,0x48,0x48,0x68,0xFC,0x68,0xFC,0x58,0x58,0x48,0x00,0x00,
    0x00,0x00,0x70,0x48,0xFC,0x48,0x70,0x40,0x40,0x40,0x40,0x00,0x00,
    0x00,0x00,0xC0,0xA0,0xA0,0xA0,0xD8,0xA0,0xB0,0xA8,0xB0,0x00,0x00,
    0x00,0x00,0x88,0x88,0xF8,0x88,0xF8,0xA8,0xA8,0xD8,0x88,0x00,0x00,
    0x00,0x00,0x64,0x94,0xB4,0xB4,0xB4,0xB4,0xB4,0xA4,0x98,0x00,0x00,
    0x00,0x00,0x10,0x70,0x10,0x70,0x90,0x90,0x90,0x90,0x70,0x00,0xF0,
    0x00,0x00,0x38,0x40,0x40,0xF0,0x40,0xF0,0x40,0x40,0x38,0x00,0x00,
    0x00,0x00,0x44,0x44,0x48,0x50,0xFC,0x50,0x48,0x44,0x44,0x00,0x00,
    0x00,0x00,0xF8,0x20,0x20,0x30,0x60,0x30,0x60,0x20,0x20,0x00,0x00,
    0x00,0x00,0x40,0x70,0xC8,0x48,0x48,0x48,0x48,0xE8,0xD0,0x00,0x00,
    0x00,0x00,0x10,0x28,0x28,0x28,0x10,0x10,0x50,0x68,0xA8,0x08,0x10,
    0x00,0x00,0x60,0x50,0xF8,0xF8,0x50,0x60,0x40,0x40,0x40,0x00,0x00,
    0x00,0x00,0x1E,0x12,0x12,0x12,0x12,0x12,0x12,0x12,0x1E,0x00,0x00,
    0x00,0x00,0x1E,0x12,0x12,0x12,0x12,0x12,0x12,0x12,0x1E,0x00,0x00,
    0x00,0x00,0x1E,0x12,0x12,0x12,0x12,0x12,0x12,0x12,0x1E,0x00,0x00,
    0x00,0x00,0x1E,0x12,0x12,0x12,0x12,0x12,0x12,0x12,0x1E,0x00,0x00,
    0x00,0x00,0x1E,0x12,0x12,0x12,0x12,0x12,0x12,0x12,0x1E,0x00,0x00,
    0x00,0x00,0x1E,0x12,0x12,0x12,0x12,0x12,0x12,0x12,0x1E,0x00,0x00,
    0x00,0x00,0x1E,0x12,0x12,0x12,0x12,0x12,0x12,0x12,0x1E,0x00,0x00,
    0x00,0x00,0x1E,0x12,0x12,0x12,0x12,0x12,0x12,0x12,0x1E,0x00,0x00,
    0x00,0x00,0x1E,0x12,0x12,0x12,0x12,0x12,0x12,0x12,0x1E,0x00,0x00,
    0x00,0x00,0x1E,0x12,0x12,0x12,0x12,0x12,0x12,0x12,0x1E,0x00,0x00,
    0x00,0x00,0x1E,0x12,0x12,0x12,0x12,0x12,0x12,0x12,0x1E,0x00,0x00,
    0x00,0x00,0x1E,0x12,0x12,0x12,0x12,0x12,0x12,0x12,0x1E,0x00,0x00,
    0x00,0x00,0x1E,0x12,0x12,0x12,0x12,0x12,0x12,0x12,0x1E,0x00,0x00,
    0x00,0x00,0x1E,0x12,0x12,0x12,0x12,0x12,0x12,0x12,0x1E,0x00,0x00,
    0x00,0x00,0x68,0xA8,0xA8,0x70,0x60,0x58,0xA0,0xA0,0x98,0x00,0x00,
    0x00,0x00,0x68,0xA8,0xA8,0x70,0x38,0x60,0x90,0x88,0xB0,0x00,0x00,
    0x00,0x00,0x70,0xA8,0xA0,0xA0,0xA0,0xA0,0xA0,0xA8,0x70,0x00,0x00,
    0x40,0xA0,0x40,0x38,0x40,0x40,0x40,0x40,0x40,0x40,0x38,0x00,0x00,
    0x00,0x00,0x20,0x20,0x70,0xA0,0xA0,0xA0,0x70,0x20,0x38,0x00,0x00,
    0x00,0x00,0x48,0x88,0x90,0x50,0x20,0x50,0x68,0xA8,0x90,0x00,0x00,
    0x00,0x00,0x48,0x88,0x90,0x50,0x20,0x68,0x68,0xA8,0x90,0x00,0x00,
    0x00,0x00,0x78,0x88,0x80,0x80,0x60,0x80,0x88,0x88,0x70,0x00,0x00,
    0x00,0x00,0x60,0x90,0x08,0x48,0x78,0x48,0x08,0x90,0x60,0x00,0x00,
    0x40,0xA0,0x40,0x78,0x40,0x40,0x70,0x40,0x40,0x40,0x40,0x00,0x00,
    0x00,0x00,0x00,0x00,0x00,0x30,0x48,0x88,0x88,0x70,0x10,0x90,0x60,
    0x00,0x00,0xC8,0x48,0x48,0x48,0x78,0x90,0x90,0x90,0x98,0x00,0x00,
    0x00,0x00,0x68,0x90,0x80,0xB0,0xC8,0x48,0x28,0xA8,0x48,0x10,0x20,
    0x00,0x00,0xA8,0xA8,0xA8,0xA8,0xB8,0xA8,0xA8,0xA8,0xA8,0x00,0x00,
    0x00,0x00,0x20,0x20,0x20,0x40,0x70,0x48,0x48,0x90,0x90,0x00,0x00,
    0x00,0x00,0x20,0x30,0x60,0xC0,0x70,0x48,0x48,0x90,0x90,0x00,0x00,
    0x00,0x00,0x38,0x08,0x08,0x10,0x10,0x10,0x20,0xA0,0x40,0x00,0x00,
    0x00,0x00,0xF8,0x88,0x48,0x08,0x10,0x10,0x08,0xC8,0x30,0x00,0x00,
    0x00,0x00,0x18,0x54,0x38,0x10,0x10,0x20,0x60,0xA8,0x50,0x00,0x00,
    0x00,0x00,0x10,0x28,0x28,0x28,0x28,0x28,0x10,0x30,0x48,0x00,0x00,
    0x00,0x00,0xA0,0xF8,0xA0,0xB0,0xA8,0xA8,0xA8,0xA8,0xB0,0x00,0x00,
    0x00,0x00,0xC4,0xC4,0xA4,0xA4,0xB4,0xB4,0xAC,0xAC,0xA4,0x00,0x00,
    0x00,0x00,0x90,0x90,0xD0,0xD0,0xDC,0xB4,0xB4,0x94,0x9C,0x00,0x00,
    0x00,0x00,0x70,0x88,0xE8,0xD8,0xE8,0xC8,0xC8,0x88,0x70,0x00,0x00,
    0x00,0x00,0xF0,0x48,0x48,0x48,0x70,0x80,0x80,0x80,0x80,0x00,0x00,
    0x00,0x00,0xF0,0xA8,0xA8,0xA8,0xA8,0xB0,0xA0,0xA0,0xA0,0x00,0x00,
    0x00,0x00,0x70,0xA8,0xA8,0xA8,0xA8,0xA8,0xA8,0xA8,0x70,0x08,0x00,
    0x00,0x00,0xF0,0x48,0x48,0x48,0x70,0xA0,0x90,0x90,0x90,0x00,0x00,
    0x00,0x00,0xF0,0xA8,0x68,0x28,0x30,0x30,0xB0,0xA8,0x48,0x00,0x00,
    0x00,0x00,0xF0,0xA8,0xA8,0xA8,0xB0,0xB0,0xA8,0xA8,0xA8,0x00,0x00,
    0x00,0x00,0xF0,0x88,0x88,0x88,0xF0,0xA8,0x90,0xA8,0x88,0x00,0x00,
    0x60,0x20,0xF0,0xA8,0xA8,0xA8,0xF0,0xA0,0xB0,0xA8,0xA8,0x20,0x00,
    0x68,0xB8,0x68,0xA8,0x00,0x00,0x00,0x00,0x00,0x00,0x00,0x00,0x00,
    0x00,0xE0,0x40,0x70,0x60,0x30,0x20,0x30,0x00,0x10,0x10,0x10,0x18,
    0x00,0x00,0xF4,0x5C,0x54,0x54,0x00,0x00,0x00,0x00,0x00,0x00,0x00,
    0x60,0x20,0xA8,0xA8,0xA8,0xA8,0x70,0x70,0x70,0x20,0x20,0x20,0x00,
    0x00,0x00,0xF8,0x28,0x28,0x50,0x50,0x50,0xA0,0xA0,0xF8,0x00,0x00,
    0x00,0x00,0x78,0x10,0x20,0x78,0x10,0x20,0x70,0x08,0x08,0x88,0x70,
    0x00,0x00,0x70,0x88,0x88,0x88,0x88,0x88,0x50,0x50,0xD8,0x00,0x00,
    0x00,0x00,0xD8,0x50,0x50,0x88,0x88,0x88,0x88,0x88,0x70,0x00,0x00,
    0x00,0x00,0x70,0x88,0x08,0x48,0x30,0x48,0x08,0x88,0x70,0x00,0x00,
    0x00,0x00,0x00,0x00,0x00,0x60,0x10,0x10,0x10,0x10,0x10,0x00,0x00,
    0x00,0x00,0x88,0x88,0x90,0xA0,0xC0,0xA0,0x90,0x88,0x88,0x00,0x00,
    0x00,0x20,0x50,0x20,0x20,0x50,0x88,0x88,0xF8,0x88,0x88,0x00,0x00,
    0x00,0x00,0xF0,0x48,0x48,0x48,0x70,0x90,0x90,0x90,0xE0,0x00,0x00,
    0x00,0x00,0x38,0x50,0x90,0x88,0xA8,0x90,0x80,0x88,0x70,0x00,0x00,
    0x00,0x00,0x00,0x00,0x70,0xD8,0xD8,0xF8,0xC0,0xC8,0x70,0x00,0x00,
    0x00,0x00,0x00,0x00,0x00,0x38,0x48,0x78,0x80,0x90,0x60,0x00,0x00,
    0x00,0x00,0x70,0x88,0x88,0x80,0x60,0x80,0x88,0x88,0x70,0x00,0x00,
    0x00,0x00,0x7C,0x90,0x10,0x10,0x78,0x20,0x20,0xA0,0x40,0x00,0x00,
    0x00,0x00,0x08,0x08,0x08,0x08,0x78,0x08,0x08,0x08,0xF8,0x00,0x00,
    0x00,0x00,0x44,0x6C,0x54,0x54,0x44,0x88,0x88,0x88,0x84,0x00,0x00,
    0x00,0x00,0x00,0x00,0x00,0x38,0x48,0x48,0x90,0x90,0xE0,0x00,0x00,
    0x00,0x00,0x00,0x00,0x00,0x90,0x48,0x68,0x90,0x88,0xC8,0x00,0x00,
    0x00,0x00,0x00,0x00,0x00,0xF0,0x10,0x10,0x10,0x10,0xF8,0x00,0x00,
    0x00,0x00,0x00,0x00,0x00,0x40,0x20,0x10,0x10,0x28,0x48,0x00,0x00,
    0x00,0x00,0x00,0x00,0x00,0xF8,0x10,0x10,0x10,0x10,0x10,0x00,0x00,
    0x00,0x00,0x30,0x30,0x00,0x70,0x30,0x30,0x30,0x30,0x78,0x00,0x00,
    0x00,0x00,0x00,0x00,0x00,0x04,0x7C,0x8C,0x84,0x84,0x78,0x00,0x00,
    0x00,0x00,0x1E,0x12,0x12,0x12,0x12,0x12,0x12,0x12,0x1E,0x00,0x00,
    0x00,0x00,0x1E,0x12,0x12,0x12,0x12,0x12,0x12,0x12,0x1E,0x00,0x00,
    0x00,0x00,0x00,0x00,0x00,0xA8,0xA8,0xA8,0x50,0x50,0xA0,0xA0,0xC0,
    0x00,0x00,0xF8,0xA8,0xA0,0xA0,0xA0,0xA0,0xA0,0xA0,0xA0,0x00,0x00,
    0x00,0x00,0xF8,0xA8,0xA8,0xA8,0xA8,0xA8,0xA8,0xA8,0xA8,0x00,0x00,
    0x00,0x00,0xF8,0xA0,0x50,0x50,0x28,0x50,0x50,0xA0,0xF8,0x00,0x00,
    0x00,0x00,0x70,0x88,0x88,0xC8,0x08,0x08,0x08,0x88,0x70,0x00,0x00,
    0x00,0x00,0xF8,0x08,0x08,0x08,0x08,0x08,0x08,0x08,0x08,0x00,0x00,
    0x00,0x00,0x08,0x08,0x08,0x08,0x08,0x08,0x08,0x08,0xF8,0x00,0x00,
    0x00,0x00,0x20,0x20,0x20,0x20,0x20,0x50,0x50,0x88,0x88,0x00,0x00,
    0x00,0x00,0x78,0x54,0x54,0x54,0xA8,0xA8,0xA8,0xA8,0xF0,0x00,0x00,
    0x00,0x00,0x14,0x14,0x14,0x74,0xA8,0xA8,0xA8,0xA8,0x68,0x00,0x00,
    0x00,0x00,0x00,0x00,0x00,0x38,0x54,0x54,0xB8,0xA0,0x78,0x00,0x00,
    0x00,0x00,0x10,0x10,0x00,0x78,0x28,0x28,0x50,0x50,0x50,0x00,0x00,
    0x00,0x00,0x10,0x10,0x00,0x78,0x28,0x28,0x50,0x50,0x50,0x50,0xE0,
    0x00,0x00,0x20,0x20,0xF0,0xA8,0xA8,0xA8,0xB0,0x20,0x38,0x00,0x00,
    0x00,0x00,0x00,0xB0,0x48,0xC8,0x28,0x10,0x28,0x28,0x10,0x00,0x00,
    0x00,0x00,0x1E,0x12,0x12,0x12,0x12,0x12,0x12,0x12,0x1E,0x00,0x00,
    0x00,0x00,0x1E,0x12,0x12,0x12,0x12,0x12,0x12,0x12,0x1E,0x00,0x00,
    0x00,0x00,0x1E,0x12,0x12,0x12,0x12,0x12,0x12,0x12,0x1E,0x00,0x00,
    0x00,0x00,0x1E,0x12,0x12,0x12,0x12,0x12,0x12,0x12,0x1E,0x00,0x00,
    0x00,0x00,0x00,0x00,0x00,0x20,0x40,0xF8,0x40,0x20,0x00,0x00,0x00,
    0x00,0x00,0x20,0x70,0xA8,0x20,0x20,0x20,0x20,0x20,0x20,0x00,0x00,
    0x00,0x00,0x00,0x00,0x00,0x20,0x10,0xF8,0x10,0x20,0x00,0x00,0x00,
    0x00,0x00,0x20,0x20,0x20,0x20,0x20,0x20,0xA8,0x70,0x20,0x00,0x00,
    0x00,0x00,0x00,0x00,0x00,0x00,0x48,0xFC,0x48,0x00,0x00,0x00,0x00,
    0x00,0x00,0x20,0x70,0xA8,0x20,0x20,0x20,0xA8,0x70,0x20,0x00,0x00,
    0x00,0x00,0xC0,0xF0,0xE0,0xA0,0x20,0x10,0x10,0x08,0x08,0x00,0x00,
    0x00,0x00,0x18,0x78,0x38,0x28,0x20,0x40,0x40,0x80,0x80,0x00,0x00,
    0x00,0x00,0x80,0x80,0x40,0x40,0x20,0x28,0x38,0x78,0x18,0x00,0x00,
    0x00,0x00,0x08,0x08,0x10,0x10,0x20,0xA0,0xE0,0xF0,0xC0,0x00,0x00,
    0x00,0x00,0x00,0x00,0x00,0x28,0x48,0xFC,0x50,0x30,0x00,0x00,0x00,
    0x00,0x00,0x00,0x00,0x00,0x30,0x28,0xFC,0x48,0x50,0x00,0x00,0x00,
    0x00,0x00,0x00,0x00,0x00,0xC0,0xD8,0x64,0x00,0x00,0x00,0x00,0x00,
    0x00,0x00,0x00,0x00,0x00,0x0C,0x6C,0x98,0x00,0x00,0x00,0x00,0x00,
    0x00,0x00,0x00,0x00,0x00,0x28,0x50,0xFC,0x50,0x28,0x00,0x00,0x00,
    0x00,0x00,0x20,0x70,0xA8,0x70,0xA8,0x20,0x20,0x20,0x20,0x00,0x00,
    0x00,0x00,0x00,0x00,0x00,0x50,0x28,0xFC,0x28,0x50,0x00,0x00,0x00,
    0x00,0x00,0x20,0x20,0x20,0x20,0xA8,0x70,0xA8,0x70,0x20,0x00,0x00,
    0x00,0x00,0x00,0x00,0x00,0x24,0x48,0xF0,0x48,0x24,0x00,0x00,0x00,
    0x00,0x00,0x00,0x00,0x00,0x90,0x48,0x3C,0x48,0x90,0x00,0x00,0x00,
    0x00,0x00,0x00,0x00,0x00,0x20,0x48,0xF8,0x48,0x20,0x00,0x00,0x00,
    0x00,0x00,0x20,0x70,0xA8,0x20,0x20,0x20,0x20,0x20,0xF8,0x00,0x00,
    0x00,0x00,0x00,0x00,0x00,0x20,0x90,0xF8,0x90,0x20,0x00,0x00,0x00,
    0x00,0x00,0xF8,0x20,0x20,0x20,0x20,0x20,0xA8,0x70,0x20,0x00,0x00,
    0x00,0x00,0x20,0x70,0xA8,0x20,0x20,0xA8,0x70,0x20,0xF8,0x00,0x00,
    0x00,0x00,0x00,0x00,0x00,0x28,0x44,0xF8,0x40,0x20,0x00,0x00,0x00,
    0x00,0x00,0x00,0x00,0x00,0x50,0x88,0x7C,0x08,0x10,0x00,0x00,0x00,
    0x00,0x00,0x00,0x00,0x00,0x20,0x4C,0xFC,0x48,0x28,0x00,0x00,0x00,
    0x00,0x00,0x00,0x00,0x00,0x10,0xC8,0xFC,0x48,0x50,0x00,0x00,0x00,
    0x00,0x00,0x00,0x00,0x00,0x48,0xDC,0xEC,0x48,0x00,0x00,0x00,0x00,
    0x00,0x00,0x00,0x00,0x00,0x08,0x58,0xFC,0x68,0x40,0x00,0x00,0x00,
    0x00,0x00,0x80,0x80,0x90,0xB0,0xD0,0x90,0x10,0x38,0x10,0x00,0x00,
    0x00,0x00,0x20,0x40,0xF8,0x48,0x28,0x08,0x08,0x08,0x08,0x00,0x00,
    0x00,0x00,0x20,0x10,0xF8,0x90,0xA0,0x80,0x80,0x80,0x80,0x00,0x00,
    0x00,0x00,0x08,0x08,0x08,0x08,0x28,0x48,0xF8,0x40,0x20,0x00,0x00,
    0x00,0x00,0x80,0x80,0x80,0x80,0xA0,0x90,0xF8,0x10,0x20,0x00,0x00,
    0x00,0x00,0x00,0x00,0x00,0xF0,0x10,0x10,0x38,0x10,0x00,0x00,0x00,
    0x00,0x00,0x00,0x00,0x08,0x08,0x08,0x48,0xF8,0x40,0x00,0x00,0x00,
    0x00,0x00,0x00,0x00,0x00,0x30,0x48,0x48,0xE8,0x48,0x00,0x00,0x00,
    0x00,0x00,0x00,0x00,0x00,0x60,0x90,0x90,0xB8,0x90,0x00,0x00,0x00,
    0x00,0x00,0xF8,0x80,0xE0,0xC0,0xA0,0x20,0x10,0x10,0x08,0x00,0x00,
    0x00,0x00,0xA0,0xC0,0xF8,0xC0,0xA8,0x18,0xF8,0x18,0x28,0x00,0x00,
    0x00,0x00,0x00,0x00,0x38,0x30,0xA8,0x88,0x88,0x70,0x00,0x00,0x00,
    0x00,0x00,0x00,0x00,0xE0,0x60,0xA8,0x88,0x88,0x70,0x00,0x00,0x00,
    0x00,0x00,0x00,0x00,0x00,0x20,0x40,0xF8,0x00,0x00,0x00,0x00,0x00,
    0x00,0x00,0x00,0x00,0x00,0x00,0x00,0xF8,0x40,0x20,0x00,0x00,0x00,
    0x00,0x00,0x20,0x30,0x28,0x20,0x20,0x20,0x20,0x20,0x20,0x00,0x00,
    0x00,0x00,0x20,0x60,0xA0,0x20,0x20,0x20,0x20,0x20,0x20,0x00,0x00,
    0x00,0x00,0x00,0x00,0x00,0x20,0x10,0xF8,0x00,0x00,0x00,0x00,0x00,
    0x00,0x00,0x00,0x00,0x00,0x00,0x00,0xF8,0x10,0x20,0x00,0x00,0x00,
    0x00,0x00,0x20,0x20,0x20,0x20,0x20,0x20,0x28,0x30,0x20,0x00,0x00,
    0x00,0x00,0x20,0x20,0x20,0x20,0x20,0x20,0xA0,0x60,0x20,0x00,0x00,
    0x00,0x00,0x20,0x10,0xF8,0x10,0x20,0x40,0xF8,0x40,0x20,0x00,0x00,
    0x00,0x00,0x50,0xF0,0x50,0x50,0x50,0x50,0x50,0x78,0x50,0x00,0x00,
    0x00,0x00,0x20,0x40,0xF8,0x40,0x20,0x10,0xF8,0x10,0x20,0x00,0x00,
    0x00,0x00,0x20,0x40,0xF8,0x40,0x20,0x40,0xF8,0x40,0x20,0x00,0x00,
    0x00,0x00,0x50,0xF8,0x50,0x50,0x50,0x50,0x50,0x50,0x50,0x00,0x00,
    0x00,0x00,0x20,0x10,0xF8,0x10,0x20,0x10,0xF8,0x10,0x20,0x00,0x00,
    0x00,0x00,0x50,0x50,0x50,0x50,0x50,0x50,0x50,0xF8,0x50,0x00,0x00,
    0x00,0x00,0x00,0x00,0x20,0x40,0xF8,0x00,0xF8,0x10,0x20,0x00,0x00,
    0x00,0x00,0x00,0x00,0x20,0x10,0xF8,0x00,0xF8,0x40,0x20,0x00,0x00,
    0x00,0x00,0x00,0x00,0x14,0x28,0x7C,0x90,0x7C,0x20,0x50,0x00,0x00,
    0x00,0x00,0x00,0x00,0x08,0x58,0xFC,0xA4,0xFC,0x68,0x40,0x00,0x00,
    0x00,0x00,0x00,0x00,0xA0,0x50,0xF8,0x24,0xF8,0x10,0x28,0x00,0x00,
    0x00,0x00,0x00,0x00,0x10,0x20,0x7C,0x80,0x7C,0x20,0x10,0x00,0x00,
    0x00,0x00,0x20,0x50,0xD8,0x50,0x50,0x50,0x50,0x50,0x50,0x00,0x00,
    0x00,0x00,0x00,0x00,0x20,0x10,0xF8,0x04,0xF8,0x10,0x20,0x00,0x00,
    0x00,0x00,0x50,0x50,0x50,0x50,0x50,0x50,0xD8,0x50,0x20,0x00,0x00,
    0x00,0x00,0x00,0x00,0x00,0x48,0xFC,0x84,0xFC,0x48,0x00,0x00,0x00,
    0x00,0x00,0x20,0x50,0xD8,0x50,0x50,0x50,0xD8,0x50,0x20,0x00,0x00,
    0x00,0x00,0x00,0x00,0xF8,0xA0,0xD0,0xA8,0x94,0x08,0x00,0x00,0x00,
    0x00,0x00,0x00,0x00,0x7C,0x14,0x2C,0x54,0xA4,0x40,0x00,0x00,0x00,
    0x00,0x00,0x00,0x00,0x40,0xA4,0x54,0x2C,0x14,0x7C,0x00,0x00,0x00,
    0x00,0x00,0x00,0x00,0x08,0x94,0xA8,0xD0,0xA0,0xF8,0x00,0x00,0x00,
    0x00,0x00,0x00,0x00,0x10,0x3C,0x40,0xFC,0x40,0x3C,0x10,0x00,0x00,
    0x00,0x00,0x00,0x00,0x20,0xF0,0x08,0xFC,0x08,0xF0,0x20,0x00,0x00,
    0x00,0x00,0x00,0x00,0x00,0x40,0xE8,0xD4,0x40,0x00,0x00,0x00,0x00,
    0x00,0x00,0x00,0x00,0x00,0x08,0x5C,0xAC,0x08,0x00,0x00,0x00,0x00,
    0x00,0x00,0x20,0x70,0xA8,0x20,0x70,0x20,0x70,0x20,0x20,0x00,0x00,
    0x00,0x00,0x20,0x20,0x70,0x20,0x70,0x20,0xA8,0x70,0x20,0x00,0x00,
    0x00,0x00,0x00,0x00,0x00,0x20,0x40,0xA8,0x40,0x20,0x00,0x00,0x00,
    0x00,0x00,0x20,0x70,0xA8,0x00,0x20,0x20,0x00,0x20,0x20,0x00,0x00,
    0x00,0x00,0x00,0x00,0x00,0x20,0x10,0xA8,0x10,0x20,0x00,0x00,0x00,
    0x00,0x00,0x20,0x20,0x00,0x20,0x20,0x00,0xA8,0x70,0x20,0x00,0x00,
    0x00,0x00,0x00,0x00,0x00,0xA0,0xC0,0xF8,0xC0,0xA0,0x00,0x00,0x00,
    0x00,0x00,0x00,0x00,0x00,0x28,0x18,0xF8,0x18,0x28,0x00,0x00,0x00,
    0x00,0x00,0x00,0x00,0x00,0x20,0x78,0x88,0x78,0x20,0x00,0x00,0x00,
    0x00,0x00,0x20,0x50,0xD8,0x50,0x50,0x50,0x50,0x50,0x70,0x00,0x00,
    0x00,0x00,0x00,0x00,0x00,0x20,0xF0,0x88,0xF0,0x20,0x00,0x00,0x00,
    0x00,0x00,0x70,0x50,0x50,0x50,0x50,0x50,0xD8,0x50,0x20,0x00,0x00,
    0x00,0x20,0x50,0xD8,0x50,0x50,0x70,0x00,0x70,0x50,0x70,0x00,0x00,
    0x00,0x00,0x20,0x50,0xD8,0x50,0x50,0x50,0xD8,0x88,0xF8,0x00,0x00,
    0x00,0x00,0x20,0x50,0xF8,0x88,0x50,0x50,0xD8,0x88,0xF8,0x00,0x00,
    0x00,0x00,0x20,0x70,0xF8,0x70,0x70,0x70,0xF8,0xA8,0xF8,0x00,0x00,
    0x00,0x00,0x20,0x50,0xD8,0x50,0xD8,0x50,0x50,0x50,0x70,0x00,0x00,
    0x00,0x00,0x20,0x50,0xD8,0x50,0xD8,0x50,0xD8,0x88,0xF8,0x00,0x00,
    0x00,0x00,0x00,0x00,0x00,0xA0,0xF0,0x88,0xF0,0xA0,0x00,0x00,0x00,
    0x00,0x00,0xF8,0x80,0xB0,0xE0,0x90,0x10,0x08,0x08,0x00,0x00,0x00,
    0x00,0x00,0x00,0x80,0x80,0x40,0x48,0x38,0x68,0x08,0xF8,0x00,0x00,
    0x00,0x00,0x20,0x50,0xD8,0x50,0x50,0x50,0xD8,0x50,0x20,0x00,0x00,
    0x00,0x00,0x00,0x00,0x00,0x10,0x68,0xFC,0x68,0x10,0x00,0x00,0x00,
    0x00,0x00,0x50,0x78,0x50,0x50,0x50,0x50,0x50,0xF0,0x50,0x00,0x00,
    0x00,0x00,0x10,0xF8,0x10,0x10,0xF8,0x10,0x10,0xF8,0x10,0x00,0x00,
    0x00,0x00,0x00,0x00,0x00,0x28,0x48,0xFC,0x48,0x28,0x00,0x00,0x00,
    0x00,0x00,0x00,0x00,0x00,0x50,0x48,0xFC,0x48,0x50,0x00,0x00,0x00,
    0x00,0x00,0x00,0x00,0x30,0x78,0xFC,0x78,0x30,0x00,0x00,0x00,0x00,
    0x00,0x00,0x00,0x00,0x00,0x38,0x58,0xFC,0x58,0x38,0x00,0x00,0x00,
    0x00,0x00,0x00,0x00,0x00,0x70,0x68,0xFC,0x68,0x70,0x00,0x00,0x00,
    0x00,0x00,0x00,0x00,0x30,0x78,0xFC,0x78,0x30,0x00,0x00,0x00,0x00,
    0x00,0x00,0x00,0x00,0x00,0x20,0x60,0xB8,0x60,0x20,0x00,0x00,0x00,
    0x00,0x00,0x00,0x00,0x00,0x20,0x30,0xE8,0x30,0x20,0x00,0x00,0x00,
    0x00,0x00,0x00,0x00,0x30,0x78,0xB4,0x78,0x30,0x00,0x00,0x00,0x00,
    0x00,0x00,0x88,0x88,0x88,0xF8,0x88,0x88,0x50,0x50,0x20,0x00,0x00,
    0x00,0x00,0x20,0x50,0x40,0x40,0x40,0x40,0x40,0x50,0x20,0x00,0x00,
    0x00,0x00,0x00,0x30,0x48,0x08,0x38,0x48,0x48,0x48,0x30,0x00,0x00,
    0x00,0x00,0xF8,0x08,0x08,0x08,0x78,0x08,0x08,0x08,0xF8,0x00,0x00,
    0x10,0x10,0xF8,0x18,0x28,0x28,0x78,0x28,0x28,0x48,0xF8,0x40,0x40,
    0x00,0x10,0x10,0x70,0x98,0xA8,0xA8,0xA8,0xC8,0x70,0x40,0x40,0x00,
    0x00,0x00,0x20,0x20,0x20,0x50,0x50,0x50,0x88,0x88,0xF8,0x00,0x00,
    0x00,0x00,0xF8,0x88,0x88,0x50,0x50,0x50,0x20,0x20,0x20,0x00,0x00,
    0x00,0x00,0x00,0x00,0x38,0x40,0x80,0xF0,0x80,0x40,0x38,0x00,0x00,
    0x00,0x00,0x20,0x20,0x38,0x60,0xA0,0xF0,0xA0,0x60,0x38,0x20,0x20,
    0x00,0x00,0x00,0x00,0x00,0x38,0x40,0x70,0x40,0x38,0x00,0x00,0x00,
    0x00,0x00,0x00,0x00,0xE0,0x10,0x08,0x78,0x08,0x10,0xE0,0x00,0x00,
    0x00,0x00,0x20,0x20,0xE0,0x30,0x28,0x78,0x28,0x30,0xE0,0x20,0x20,
    0x00,0x00,0x00,0x00,0x00,0x70,0x08,0x38,0x08,0x70,0x00,0x00,0x00,
    0x00,0x00,0x00,0xF8,0xF8,0xF8,0xF8,0xF8,0xF8,0xF8,0x00,0x00,0x00,
    0x00,0xFC,0x48,0x48,0x48,0x48,0x48,0x48,0x48,0x48,0x48,0xEC,0x00,
    0x00,0xEC,0x48,0x48,0x48,0x48,0x48,0x48,0x48,0x48,0x48,0xFC,0x00,
    0x00,0xFC,0x80,0x40,0x20,0x10,0x08,0x10,0x20,0x40,0x80,0xFC,0x00,
    0x00,0x00,0x00,0x00,0x00,0x00,0xF8,0x00,0x00,0x00,0x00,0x00,0x00,
    0x00,0x00,0x00,0xF8,0x00,0x20,0x20,0xF8,0x20,0x20,0x00,0x00,0x00,
    0x00,0x00,0x00,0x20,0x00,0x20,0x20,0xF8,0x20,0x20,0x00,0x00,0x00,
    0x00,0x00,0x08,0x08,0x10,0x10,0x20,0x20,0x40,0x40,0x80,0x00,0x00,
    0x00,0x00,0x00,0x80,0x40,0x40,0x20,0x20,0x10,0x10,0x08,0x00,0x00,
    0x00,0x00,0x00,0x20,0xA8,0x70,0xF8,0x70,0xA8,0x20,0x00,0x00,0x00,
    0x00,0x00,0x00,0x00,0x00,0x20,0x50,0x20,0x00,0x00,0x00,0x00,0x00,
    0x00,0x00,0x00,0x00,0x00,0x20,0x70,0x20,0x00,0x00,0x00,0x00,0x00,
    0x00,0x04,0x04,0x04,0x08,0x08,0x08,0x10,0x90,0x90,0x60,0x60,0x20,
    0x00,0x04,0x44,0xA4,0x48,0x28,0xC8,0x10,0x90,0x90,0x60,0x60,0x20,
    0x00,0x04,0x84,0x84,0xC8,0xE8,0x48,0x10,0x90,0x90,0x60,0x60,0x20,
    0x00,0x00,0x00,0x00,0x00,0x50,0xA0,0xA0,0x50,0x00,0x00,0x00,0x00,
    0x00,0x00,0x00,0x00,0x00,0x50,0xA8,0xA8,0x50,0x00,0x00,0x00,0x00,
    0x00,0x00,0x00,0x00,0x00,0x80,0x80,0x80,0x80,0x80,0xF8,0x00,0x00,
    0x00,0x00,0x00,0x00,0x08,0x10,0x20,0x40,0x80,0xF8,0x00,0x00,0x00,
    0x00,0x00,0x00,0x00,0x08,0x90,0x60,0x60,0xA0,0xF8,0x20,0x00,0x00,
    0x00,0x00,0x08,0x10,0x30,0x48,0x88,0x48,0x30,0x10,0x08,0x00,0x00,
    0x00,0x00,0x20,0x20,0x20,0x20,0x20,0x20,0x20,0x20,0x20,0x00,0x00,
    0x00,0x00,0x20,0x20,0x20,0x30,0x20,0x60,0x20,0x20,0x20,0x00,0x00,
    0x00,0x00,0x50,0x50,0x50,0x50,0x50,0x50,0x50,0x50,0x50,0x00,0x00,
    0x00,0x00,0x50,0x50,0x58,0x50,0x70,0x50,0xD0,0x50,0x50,0x00,0x00,
    0x00,0x00,0x00,0x00,0x00,0x00,0x20,0x20,0x50,0x50,0x88,0x00,0x00,
    0x00,0x00,0x00,0x00,0x00,0x00,0x88,0x50,0x50,0x20,0x20,0x00,0x00,
    0x00,0x00,0x00,0x00,0x00,0x70,0x88,0x88,0x88,0x88,0x88,0x00,0x00,
    0x00,0x00,0x00,0x00,0x00,0x88,0x88,0x88,0x88,0x88,0x70,0x00,0x00,
    0x10,0x28,0x20,0x20,0x20,0x20,0x20,0x20,0x20,0x20,0x20,0xA0,0x40,
    0x00,0x24,0x48,0x48,0x48,0x48,0x48,0x48,0x48,0x48,0x48,0x48,0x90,
    0x00,0x54,0xA8,0xA8,0xA8,0xA8,0xA8,0xA8,0xA8,0xA8,0xA8,0xA8,0xD0,
    0x10,0x28,0x20,0x20,0x70,0xA8,0xA8,0xA8,0x70,0x20,0x20,0xA0,0x40,
    0x00,0x24,0x48,0x48,0x78,0xCC,0xCC,0xCC,0x78,0x48,0x48,0x48,0x90,
    0x00,0x54,0xA8,0xA8,0xF8,0xAC,0xAC,0xAC,0xF8,0xA8,0xA8,0xA8,0xD0,
    0x10,0x28,0x20,0x20,0x20,0x74,0xAC,0x3C,0x20,0x20,0x20,0xA0,0x40,
    0x10,0x28,0x20,0x20,0x74,0xAC,0xBC,0xA8,0x70,0x20,0x20,0xA0,0x40,
    0x10,0x28,0x20,0x20,0x70,0xA8,0xBC,0xAC,0x74,0x20,0x20,0xA0,0x40,
    0x00,0x00,0x00,0x00,0x00,0x00,0x20,0x00,0x00,0x88,0x00,0x00,0x00,
    0x00,0x00,0x00,0x00,0x00,0x00,0x88,0x00,0x00,0x20,0x00,0x00,0x00,
    0x00,0x00,0x00,0x00,0x00,0x00,0x20,0x00,0x00,0x20,0x00,0x00,0x00,
    0x00,0x00,0x00,0x00,0x00,0x00,0x48,0x00,0x00,0x48,0x00,0x00,0x00,
    0x00,0x00,0x00,0x00,0x00,0x00,0x20,0x00,0xF8,0x00,0x00,0x00,0x00,
    0x00,0x00,0x00,0x00,0x00,0x08,0x00,0xE0,0x00,0x08,0x00,0x00,0x00,
    0x00,0x00,0x00,0x00,0x00,0x88,0x00,0xF8,0x00,0x88,0x00,0x00,0x00,
    0x00,0x00,0x00,0x00,0x00,0x10,0x40,0xA8,0xA8,0x10,0x40,0x00,0x00,
    0x00,0x00,0x00,0x00,0x00,0x00,0x40,0xA8,0xA8,0x10,0x00,0x00,0x00,
    0x00,0x00,0x00,0x00,0x00,0x00,0x10,0xA8,0xA8,0x40,0x00,0x00,0x00,
    0x00,0x00,0x00,0x00,0x00,0x48,0xA4,0x94,0x48,0x00,0x00,0x00,0x00,
    0x00,0x00,0x00,0x40,0xA0,0xA0,0xA0,0x28,0x28,0x28,0x10,0x00,0x00,
    0x00,0x00,0x20,0x10,0x10,0x10,0x20,0x40,0x40,0x40,0x20,0x00,0x00,
    0x00,0x00,0x00,0x00,0x20,0x20,0x60,0xA8,0xA8,0x30,0x20,0x00,0x00,
    0x00,0x00,0x00,0x00,0x00,0xF8,0x00,0x48,0xA8,0x90,0x00,0x00,0x00,
    0x00,0x00,0x00,0x00,0x00,0x48,0xA8,0x90,0x00,0xF8,0x00,0x00,0x00,
    0x00,0x00,0x00,0x20,0x20,0x68,0xA8,0xB0,0x20,0xF8,0x20,0x00,0x00,
    0x00,0x00,0x00,0x48,0xA8,0x90,0x00,0xF8,0x00,0xF8,0x00,0x00,0x00,
    0x00,0x00,0x00,0x48,0xA8,0x90,0x20,0xF8,0x20,0xF8,0x20,0x00,0x00,
    0x00,0x00,0x20,0x68,0xA8,0xB0,0x20,0xF8,0x20,0xF8,0x20,0x00,0x00,
    0x00,0x00,0x00,0x00,0x48,0xA8,0x90,0x48,0xA8,0x90,0x00,0x00,0x00,
    0x00,0x00,0x20,0x20,0x68,0xA8,0xB0,0x68,0xA8,0xB0,0x20,0x20,0x00,
    0x00,0x00,0x00,0x48,0xA8,0x90,0x48,0xA8,0x90,0x00,0xF8,0x00,0x00,
    0x00,0x00,0x48,0xA8,0x90,0x48,0xA8,0x90,0x48,0xA8,0x90,0x00,0x00,
    0x00,0x00,0x00,0x90,0xA8,0x48,0x00,0xF8,0x00,0xF8,0x00,0x00,0x00,
    0x00,0x00,0x00,0x00,0x00,0x88,0x70,0x00,0x70,0x88,0x00,0x00,0x00,
    0x00,0x00,0x00,0x00,0x00,0x20,0xD8,0x00,0xD8,0x20,0x00,0x00,0x00,
    0x00,0x00,0x00,0x00,0x00,0x20,0xD8,0x00,0xF8,0x00,0x00,0x00,0x00,
    0x00,0x00,0x00,0x00,0x20,0x00,0xF8,0x00,0xF8,0x00,0x00,0x00,0x00,
    0x00,0x00,0x00,0x00,0x20,0x00,0xF8,0x00,0xF8,0x00,0x20,0x00,0x00,
    0x00,0x00,0x00,0x00,0x80,0x00,0xF8,0x00,0xF8,0x00,0x08,0x00,0x00,
    0x00,0x00,0x00,0x00,0x08,0x00,0xF8,0x00,0xF8,0x00,0x80,0x00,0x00,
    0x00,0x00,0x00,0x00,0x00,0x00,0xB8,0x00,0xB8,0x00,0x00,0x00,0x00,
    0x00,0x00,0x00,0x00,0x00,0x00,0xE8,0x00,0xE8,0x00,0x00,0x00,0x00,
    0x00,0x00,0x00,0x00,0x00,0x00,0xF8,0x50,0xF8,0x00,0x00,0x00,0x00,
    0x00,0x00,0x20,0x50,0x20,0x00,0xF8,0x00,0xF8,0x00,0x00,0x00,0x00,
    0x00,0x00,0x00,0x70,0x88,0x00,0xF8,0x00,0xF8,0x00,0x00,0x00,0x00,
    0x00,0x00,0x00,0x20,0x50,0x00,0xF8,0x00,0xF8,0x00,0x00,0x00,0x00,
    0x00,0x00,0x88,0x50,0x20,0x00,0xF8,0x00,0xF8,0x00,0x00,0x00,0x00,
    0x00,0x00,0xA8,0x70,0xF8,0x70,0xA8,0x00,0xF8,0x00,0xF8,0x00,0x00,
    0x00,0x00,0x20,0x50,0x50,0x88,0xF8,0x00,0xF8,0x00,0xF8,0x00,0x00,
    0x00,0x00,0x4C,0xF8,0xF8,0x00,0xF8,0x00,0xF8,0x00,0x00,0x00,0x00,
    0x00,0x00,0xD0,0xA8,0xA8,0xA8,0x00,0xF8,0x00,0xF8,0x00,0x00,0x00,
    0x20,0x50,0x10,0x20,0x00,0x20,0xF8,0x00,0xF8,0x00,0x00,0x00,0x00,
    0x00,0x00,0x00,0x00,0x00,0x08,0xF8,0x20,0xF8,0x80,0x00,0x00,0x00,
    0x00,0x00,0x00,0x00,0x00,0xF8,0x00,0xF8,0x00,0xF8,0x00,0x00,0x00,
    0x00,0x00,0x00,0x10,0x10,0xF8,0x20,0xF8,0x20,0xF8,0x40,0x40,0x00,
    0x00,0x00,0x00,0x00,0xF8,0x00,0xF8,0x00,0xF8,0x00,0xF8,0x00,0x00,
    0x00,0x00,0x00,0x18,0x60,0x80,0x60,0x18,0x00,0xF8,0x00,0x00,0x00,
    0x00,0x00,0x00,0xC0,0x30,0x08,0x30,0xC0,0x00,0xF8,0x00,0x00,0x00,
    0x00,0x00,0x18,0x60,0x80,0x60,0x18,0x00,0xF8,0x00,0xF8,0x00,0x00,
    0x00,0x00,0xC0,0x30,0x08,0x30,0xC0,0x00,0xF8,0x00,0xF8,0x00,0x00,
    0x00,0x00,0x18,0x60,0x80,0x60,0x18,0x20,0xF8,0x20,0xF8,0x20,0x00,
    0x00,0x00,0xC0,0x30,0x08,0x30,0xC0,0x20,0xF8,0x20,0xF8,0x20,0x00,
    0x00,0x00,0x00,0x14,0x28,0x50,0xA0,0x50,0x28,0x14,0x00,0x00,0x00,
    0x00,0x00,0x00,0xA0,0x50,0x28,0x14,0x28,0x50,0xA0,0x00,0x00,0x00,
    0x00,0x00,0x50,0x20,0x50,0x50,0x50,0x50,0x50,0x20,0x50,0x00,0x00,
    0x00,0x00,0x00,0x00,0x20,0xA8,0x70,0x20,0x70,0xA8,0x20,0x00,0x00,
    0x00,0x20,0x28,0x30,0x20,0x60,0xA0,0x60,0x20,0x30,0x28,0x20,0x00,
    0x00,0x20,0xA0,0x60,0x20,0x30,0x28,0x30,0x20,0x60,0xA0,0x20,0x00,
    0x00,0x20,0x20,0x38,0x60,0xA0,0x60,0x38,0x20,0xF8,0x20,0x20,0x00,
    0x00,0x20,0x20,0xE0,0x30,0x28,0x30,0xE0,0x20,0xF8,0x20,0x20,0x00,
    0x00,0x00,0x18,0x60,0x80,0x60,0x18,0x00,0x48,0xA8,0x90,0x00,0x00,
    0x00,0x00,0xC0,0x30,0x08,0x30,0xC0,0x00,0x48,0xA8,0x90,0x00,0x00,
    0x20,0x20,0x38,0x60,0xA0,0x60,0x38,0x20,0x68,0xA8,0xB0,0x20,0x00,
    0x20,0x20,0xE0,0x30,0x28,0x30,0xE0,0x20,0x68,0xA8,0xB0,0x20,0x00,
    0x00,0x18,0x60,0x80,0x60,0x18,0xC0,0x30,0x08,0x30,0xC0,0x00,0x00,
    0x00,0xC0,0x30,0x08,0x30,0xC0,0x18,0x60,0x80,0x60,0x18,0x00,0x00,
    0x10,0x18,0x70,0x90,0x60,0x38,0xE0,0x30,0x48,0x70,0xC0,0x40,0x00,
    0x10,0xD0,0x30,0x18,0x30,0xE0,0x38,0x60,0xC0,0x60,0x58,0x40,0x00,
    0x00,0x00,0x00,0x00,0x08,0x10,0xE0,0x10,0x08,0x00,0x00,0x00,0x00,
    0x00,0x00,0x00,0x00,0x80,0x40,0x38,0x40,0x80,0x00,0x00,0x00,0x00,
    0x00,0x00,0x00,0x00,0x08,0x10,0xE0,0x10,0xE8,0x10,0x08,0x00,0x00,
    0x00,0x00,0x00,0x00,0x80,0x40,0x38,0x40,0xB8,0x40,0x80,0x00,0x00,
    0x00,0x00,0x08,0x10,0xE0,0x10,0x08,0x00,0x48,0xA8,0x90,0x00,0x00,
    0x00,0x00,0x80,0x40,0x38,0x40,0x80,0x00,0x48,0xA8,0x90,0x00,0x00,
    0x00,0x00,0x20,0x20,0x28,0x30,0xE0,0x30,0x28,0x20,0x20,0x00,0x00,
    0x00,0x00,0x20,0x20,0xA0,0x60,0x38,0x60,0xA0,0x20,0x20,0x00,0x00,
    0x00,0x00,0x00,0x00,0x00,0x78,0x80,0x80,0x80,0x78,0x00,0x00,0x00,
    0x00,0x00,0x00,0x00,0x00,0xF0,0x08,0x08,0x08,0xF0,0x00,0x00,0x00,
    0x00,0x00,0x00,0x20,0x20,0x78,0xA0,0xA0,0xA0,0x78,0x20,0x20,0x00,
    0x00,0x00,0x00,0x20,0x20,0xF0,0x28,0x28,0x28,0xF0,0x20,0x20,0x00,
    0x00,0x00,0x00,0x78,0x80,0x80,0x80,0x78,0x00,0xF8,0x00,0x00,0x00,
    0x00,0x00,0x00,0xF0,0x08,0x08,0x08,0xF0,0x00,0xF8,0x00,0x00,0x00,
    0x00,0x20,0x20,0x78,0xA0,0xA0,0xA0,0x78,0x20,0xF8,0x20,0x20,0x00,
    0x00,0x20,0x20,0xF0,0x28,0x28,0x28,0xF0,0x20,0xF8,0x20,0x20,0x00,
    0x00,0x00,0x00,0x78,0x80,0x80,0x80,0x78,0x10,0xF8,0x40,0x00,0x00,
    0x00,0x00,0x00,0xF0,0x08,0x08,0x08,0xF0,0x10,0xF8,0x40,0x00,0x00,
    0x00,0x00,0x00,0x88,0xA8,0xE8,0xF8,0xE8,0xA8,0x88,0x70,0x00,0x00,
    0x00,0x00,0x00,0x88,0x88,0x88,0xA8,0x88,0x88,0x88,0x70,0x00,0x00,
    0x00,0x00,0x00,0x88,0xA8,0xA8,0xF8,0xA8,0xA8,0x88,0x70,0x00,0x00,
    0x00,0x00,0x00,0x00,0x00,0xF8,0x80,0x80,0x80,0xF8,0x00,0x00,0x00,
    0x00,0x00,0x00,0x00,0x00,0xF8,0x08,0x08,0x08,0xF8,0x00,0x00,0x00,
    0x00,0x00,0x00,0xF8,0x80,0x80,0x80,0xF8,0x00,0xF8,0x00,0x00,0x00,
    0x00,0x00,0x00,0xF8,0x08,0x08,0x08,0xF8,0x00,0xF8,0x00,0x00,0x00,
    0x00,0x00,0x00,0x00,0x00,0xF8,0x88,0x88,0x88,0x88,0x88,0x00,0x00,
    0x00,0x00,0x00,0x00,0x00,0x88,0x88,0x88,0x88,0x88,0xF8,0x00,0x00,
    0x00,0x00,0x00,0x00,0x70,0xA8,0xF8,0xA8,0x70,0x00,0x00,0x00,0x00,
    0x00,0x00,0x00,0x00,0x70,0x88,0xF8,0x88,0x70,0x00,0x00,0x00,0x00,
    0x00,0x00,0x00,0x00,0x70,0xD8,0xA8,0xD8,0x70,0x00,0x00,0x00,0x00,
    0x00,0x00,0x00,0x00,0x70,0x98,0xA8,0xC8,0x70,0x00,0x00,0x00,0x00,
    0x00,0x00,0x00,0x00,0x70,0x88,0xA8,0x88,0x70,0x00,0x00,0x00,0x00,
    0x00,0x00,0x00,0x70,0x88,0xA8,0xD8,0xA8,0x88,0x70,0x00,0x00,0x00,
    0x00,0x00,0x00,0x70,0x88,0xD8,0xA8,0xD8,0x88,0x70,0x00,0x00,0x00,
    0x00,0x00,0x00,0x70,0x88,0xF8,0x88,0xF8,0x88,0x70,0x00,0x00,0x00,
    0x00,0x00,0x00,0x70,0x88,0x88,0xF8,0x88,0x88,0x70,0x00,0x00,0x00,
    0x00,0x00,0x00,0x00,0xF8,0xA8,0xF8,0xA8,0xF8,0x00,0x00,0x00,0x00,
    0x00,0x00,0x00,0x00,0xF8,0x88,0xF8,0x88,0xF8,0x00,0x00,0x00,0x00,
    0x00,0x00,0x00,0x00,0xF8,0xD8,0xA8,0xD8,0xF8,0x00,0x00,0x00,0x00,
    0x00,0x00,0x00,0x00,0xF8,0x88,0xA8,0x88,0xF8,0x00,0x00,0x00,0x00,
    0x00,0x00,0x80,0x80,0x80,0x80,0xF8,0x80,0x80,0x80,0x80,0x00,0x00,
    0x00,0x00,0x08,0x08,0x08,0x08,0xF8,0x08,0x08,0x08,0x08,0x00,0x00,
    0x00,0x00,0x00,0xF8,0x20,0x20,0x20,0x20,0x20,0x20,0x20,0x00,0x00,
    0x00,0x00,0x00,0x20,0x20,0x20,0x20,0x20,0x20,0x20,0xF8,0x00,0x00,
    0x00,0x00,0x80,0x80,0x80,0x80,0xF0,0x80,0x80,0x80,0x80,0x00,0x00,
    0x00,0x00,0x80,0x80,0x80,0xF0,0x80,0xF0,0x80,0x80,0x80,0x00,0x00,
    0x00,0x00,0x80,0x80,0x80,0xF8,0x80,0xF8,0x80,0x80,0x80,0x00,0x00,
    0x00,0x00,0xA0,0xA0,0xA0,0xA0,0xB8,0xA0,0xA0,0xA0,0xA0,0x00,0x00,
    0x00,0x00,0xA8,0xA8,0xA8,0xA8,0xAC,0xA8,0xA8,0xA8,0xA8,0x00,0x00,
    0x00,0x00,0xA0,0xA0,0xA0,0xB8,0xA0,0xB8,0xA0,0xA0,0xA0,0x00,0x00,
    0x00,0x00,0x80,0x80,0x90,0x90,0xF8,0xA0,0xA0,0x80,0x80,0x00,0x00,
    0x00,0x00,0x80,0x88,0x88,0xF8,0x90,0xF8,0xA0,0xA0,0x80,0x00,0x00,
    0x00,0x00,0xA0,0xA0,0xA8,0xA8,0xBC,0xB0,0xB0,0xA0,0xA0,0x00,0x00,
    0x00,0x00,0xA0,0xA4,0xA4,0xBC,0xA8,0xBC,0xB0,0xB0,0xA0,0x00,0x00,
    0x00,0x00,0x00,0x10,0x08,0x10,0xE0,0x10,0x08,0x10,0x00,0x00,0x00,
    0x00,0x00,0x00,0x40,0x80,0x40,0x38,0x40,0x80,0x40,0x00,0x00,0x00,
    0x00,0x00,0x00,0x00,0x18,0x68,0x88,0x68,0x18,0x00,0x00,0x00,0x00,
    0x00,0x00,0x00,0x00,0xC0,0xB0,0x88,0xB0,0xC0,0x00,0x00,0x00,0x00,
    0x00,0x00,0x00,0x18,0x68,0x88,0x68,0x18,0x00,0xF8,0x00,0x00,0x00,
    0x00,0x00,0x00,0xC0,0xB0,0x88,0xB0,0xC0,0x00,0xF8,0x00,0x00,0x00,
    0x00,0x00,0x00,0x00,0x00,0x50,0xB8,0x50,0x00,0x00,0x00,0x00,0x00,
    0x00,0x00,0x00,0x00,0x00,0x50,0xE8,0x50,0x00,0x00,0x00,0x00,0x00,
    0x00,0x00,0x00,0x00,0x00,0x10,0xE8,0x10,0x00,0x00,0x00,0x00,0x00,
    0x00,0x00,0x00,0x00,0x20,0x20,0xD8,0x20,0x20,0x00,0x00,0x00,0x00,
    0x00,0x00,0x00,0x00,0x00,0x70,0x20,0x20,0x20,0x20,0x20,0x00,0x00,
    0x00,0x00,0x00,0x88,0x88,0x50,0x50,0x20,0x20,0x00,0xF8,0x00,0x00,
    0x00,0x00,0x00,0xF8,0x00,0x20,0x20,0x50,0x50,0x88,0x88,0x00,0x00,
    0x00,0x00,0x00,0xF8,0x00,0x88,0x88,0x50,0x50,0x20,0x20,0x00,0x00,
    0x00,0x00,0x00,0x00,0x00,0x80,0x80,0x80,0xC0,0xA0,0xF8,0x00,0x00,
    0x00,0x00,0x00,0x00,0x00,0x08,0x18,0x28,0x28,0x48,0xF8,0x00,0x00,
    0x00,0x30,0x30,0x30,0x30,0x48,0x48,0x48,0x84,0x84,0x84,0x84,0x00,
    0x00,0x84,0x84,0x84,0x84,0x48,0x48,0x48,0x30,0x30,0x30,0x30,0x00,
    0x00,0x30,0x48,0x84,0x84,0x84,0x84,0x84,0x84,0x84,0x84,0x84,0x00,
    0x00,0x84,0x84,0x84,0x84,0x84,0x84,0x84,0x84,0x84,0x48,0x30,0x00,
    0x00,0x00,0x00,0x20,0x20,0x50,0x88,0x50,0x20,0x20,0x00,0x00,0x00,
    0x00,0x00,0x00,0x00,0x00,0x00,0x20,0x00,0x00,0x00,0x00,0x00,0x00,
    0x00,0x00,0x00,0x20,0x20,0xF8,0x70,0x70,0x88,0x00,0x00,0x00,0x00,
    0x00,0x00,0x00,0x20,0x88,0x50,0xF8,0x50,0x88,0x20,0x00,0x00,0x00,
    0x00,0x00,0x00,0x00,0x88,0xD8,0xA8,0xD8,0x88,0x00,0x00,0x00,0x00,
    0x00,0x00,0x00,0x00,0x88,0xD0,0xA0,0xD0,0x88,0x00,0x00,0x00,0x00,
    0x00,0x00,0x00,0x00,0x88,0x58,0x28,0x58,0x88,0x00,0x00,0x00,0x00,
    0x00,0x00,0x00,0x00,0x80,0x40,0x20,0x50,0x88,0x00,0x00,0x00,0x00,
    0x00,0x00,0x00,0x00,0x08,0x10,0x20,0x50,0x88,0x00,0x00,0x00,0x00,
    0x00,0x00,0x00,0x00,0x00,0x90,0xA8,0x48,0x00,0xF8,0x00,0x00,0x00,
    0x00,0x00,0x00,0x00,0x00,0x88,0x50,0x50,0x20,0x20,0x20,0x00,0x00,
    0x00,0x00,0x00,0x00,0x00,0x20,0x20,0x20,0x50,0x50,0x88,0x00,0x00,
    0x00,0x00,0x00,0x00,0x38,0x40,0x98,0xA0,0x98,0x40,0x38,0x00,0x00,
    0x00,0x00,0x00,0x00,0xE0,0x10,0xC8,0x28,0xC8,0x10,0xE0,0x00,0x00,
    0x00,0x00,0x00,0x00,0x70,0x88,0xA8,0xA8,0xA8,0xA8,0xA8,0x00,0x00,
    0x00,0x00,0x00,0x00,0xA8,0xA8,0xA8,0xA8,0xA8,0x88,0x70,0x00,0x00,
    0x00,0x00,0x00,0x20,0x20,0x70,0xA8,0xA8,0xA8,0xA8,0xA8,0x00,0x00,
    0x00,0x00,0x50,0x50,0x50,0xF8,0x50,0x50,0xF8,0x50,0x50,0x00,0x00,
    0x00,0x00,0x08,0x10,0x20,0x40,0x88,0x40,0x20,0x10,0x08,0x00,0x00,
    0x00,0x00,0x80,0x40,0x20,0x10,0x88,0x10,0x20,0x40,0x80,0x00,0x00,
    0x00,0x00,0x00,0x00,0x14,0x28,0x54,0xA8,0x54,0x28,0x14,0x00,0x00,
    0x00,0x00,0x00,0x00,0xA0,0x50,0xA8,0x54,0xA8,0x50,0xA0,0x00,0x00,
    0x18,0x60,0x80,0x60,0x18,0x00,0xF8,0x00,0xC0,0x30,0x08,0x30,0xC0,
    0xC0,0x30,0x08,0x30,0xC0,0x00,0xF8,0x00,0x18,0x60,0x80,0x60,0x18,
    0x00,0x00,0x00,0xF8,0x00,0x18,0x60,0x80,0x60,0x18,0x00,0x00,0x00,
    0x00,0x00,0x00,0xF8,0x00,0xC0,0x30,0x08,0x30,0xC0,0x00,0x00,0x00,
    0x00,0x00,0x00,0x08,0x10,0xE8,0x10,0xE0,0x10,0x08,0x00,0x00,0x00,
    0x00,0x00,0x00,0x80,0x40,0xB8,0x40,0x38,0x40,0x80,0x00,0x00,0x00,
    0x00,0x00,0x00,0x20,0x28,0x30,0xE0,0x30,0xE8,0x30,0x28,0x20,0x00,
    0x00,0x00,0x00,0x20,0xA0,0x60,0x38,0x60,0xB8,0x60,0xA0,0x20,0x00,
    0x00,0x20,0x20,0xF8,0xA0,0xA0,0xA0,0xF8,0x20,0xF8,0x20,0x20,0x00,
    0x00,0x20,0x20,0xF8,0x28,0x28,0x28,0xF8,0x20,0xF8,0x20,0x20,0x00,
    0x00,0x00,0x00,0xF8,0x80,0x80,0x80,0xF8,0x10,0xF8,0x40,0x00,0x00,
    0x00,0x00,0x00,0xF8,0x08,0x08,0x08,0xF8,0x10,0xF8,0x40,0x00,0x00,
    0x00,0x00,0x18,0x60,0x80,0x60,0x38,0x20,0x68,0xA8,0xB0,0x20,0x20,
    0x00,0x00,0xC0,0x30,0x08,0x30,0xE0,0x20,0x68,0xA8,0xB0,0x20,0x20,
    0x00,0x00,0x08,0x10,0xE0,0x10,0x28,0x20,0x68,0xA8,0xB0,0x20,0x20,
    0x00,0x00,0x80,0x40,0x38,0x40,0xA0,0x20,0x68,0xA8,0xB0,0x20,0x20,
    0x00,0x00,0x20,0x20,0x38,0x68,0xA8,0x68,0x38,0x20,0x20,0x00,0x00,
    0x00,0x00,0x20,0x20,0xE0,0xB0,0xA8,0xB0,0xE0,0x20,0x20,0x00,0x00,
    0x00,0x20,0x20,0x38,0x68,0xA8,0x68,0x38,0x20,0xF8,0x20,0x20,0x00,
    0x00,0x20,0x20,0xE0,0xB0,0xA8,0xB0,0xE0,0x20,0xF8,0x20,0x20,0x00,
    0x00,0x00,0x00,0x20,0x00,0x00,0x20,0x00,0x00,0x20,0x00,0x00,0x00,
    0x00,0x00,0x00,0x00,0x00,0x00,0xA8,0x00,0x00,0x00,0x00,0x00,0x00,
    0x00,0x00,0x00,0x00,0x08,0x00,0x20,0x00,0x80,0x00,0x00,0x00,0x00,
    0x00,0x00,0x00,0x00,0x80,0x00,0x20,0x00,0x08,0x00,0x00,0x00,0x00,
    0x00,0x00,0x00,0x00,0x38,0x40,0x40,0xF0,0x40,0x40,0x38,0x00,0x00,
    0x00,0x00,0x00,0x00,0x38,0x40,0x88,0xF8,0x88,0x40,0x38,0x00,0x00,
    0x00,0x00,0x00,0x00,0x38,0x40,0x48,0x78,0x48,0x40,0x38,0x00,0x00,
    0x00,0x00,0x30,0x00,0x38,0x40,0x80,0xF0,0x80,0x40,0x38,0x00,0x00,
    0x00,0x00,0xF8,0x00,0x38,0x40,0x80,0xF0,0x80,0x40,0x38,0x00,0x00,
    0x00,0x00,0x00,0x78,0x00,0x38,0x40,0x70,0x40,0x38,0x00,0x00,0x00,
    0x00,0x00,0x00,0x00,0x38,0x40,0x80,0xF0,0x80,0x40,0x38,0x00,0xF8,
    0x00,0x00,0x00,0x00,0x38,0x40,0xF0,0x80,0xF0,0x40,0x38,0x00,0x00,
    0x00,0x00,0x00,0x00,0xE0,0x10,0x10,0x78,0x10,0x10,0xE0,0x00,0x00,
    0x00,0x00,0x00,0x00,0xE0,0x10,0x88,0xF8,0x88,0x10,0xE0,0x00,0x00,
    0x00,0x00,0x00,0x00,0x70,0x08,0x48,0x78,0x48,0x08,0x70,0x00,0x00,
    0x00,0x00,0xF8,0x00,0xE0,0x10,0x08,0x78,0x08,0x10,0xE0,0x00,0x00,
    0x00,0x00,0x00,0x78,0x00,0x70,0x08,0x38,0x08,0x70,0x00,0x00,0x00,
    0x00,0x00,0x00,0x00,0xF8,0x80,0x80,0xF8,0x80,0x80,0xF8,0x00,0x00,
    0x00,0x00,0x00,0x00,0x00,0x00,0x68,0x90,0xA8,0x48,0xB0,0x00,0x00,
    0x00,0x00,0x00,0x00,0x20,0x30,0xA8,0x60,0x20,0x00,0x00,0x00,0x00,
    0x00,0x00,0x20,0x20,0x50,0x50,0x88,0x88,0x88,0x88,0xF8,0x00,0x00,
    0x00,0x00,0x20,0x50,0x88,0x00,0x00,0x00,0x00,0x00,0x00,0x00,0x00,
    0x00,0x00,0x00,0x00,0x00,0x00,0x00,0x00,0x88,0x50,0x20,0x00,0x00,
    0x00,0x00,0x00,0x00,0x00,0x00,0xF8,0x00,0x20,0x50,0x88,0x00,0x00,
    0x00,0x00,0x00,0x00,0xF8,0x00,0xF8,0x00,0x20,0x50,0x88,0x00,0x00,
    0x00,0x00,0x10,0x10,0x20,0x20,0x10,0x10,0x20,0x20,0x10,0x00,0x00,
    0x00,0x70,0x40,0x40,0x40,0x40,0x40,0x40,0x40,0x40,0x40,0x40,0x00,
    0x00,0x70,0x10,0x10,0x10,0x10,0x10,0x10,0x10,0x10,0x10,0x10,0x00,
    0x00,0x40,0x40,0x40,0x40,0x40,0x40,0x40,0x40,0x40,0x40,0x70,0x00,
    0x00,0x10,0x10,0x10,0x10,0x10,0x10,0x10,0x10,0x10,0x10,0x70,0x00,
    0x00,0x00,0x00,0x00,0x00,0x00,0x18,0x20,0x20,0x00,0x00,0x00,0x00,
    0x00,0x00,0x00,0x00,0x00,0x00,0xC0,0x20,0x20,0x00,0x00,0x00,0x00,
    0x00,0x00,0x00,0x00,0x20,0x20,0x18,0x00,0x00,0x00,0x00,0x00,0x00,
    0x00,0x00,0x00,0x00,0x20,0x20,0xC0,0x00,0x00,0x00,0x00,0x00,0x00,
    0x00,0x00,0x00,0x00,0x00,0x00,0xF8,0x80,0x80,0x00,0x00,0x00,0x00,
    0x00,0x00,0x00,0x00,0x88,0x70,0x50,0x70,0x88,0x00,0x00,0x00,0x00,
    0x00,0x00,0x00,0x00,0x70,0x88,0x88,0x88,0x00,0x00,0x00,0x00,0x00,
    0x00,0x00,0x00,0x00,0x70,0x88,0x88,0xF8,0x00,0x00,0x00,0x00,0x00,
    0x00,0x00,0x00,0x00,0x00,0x70,0x88,0x50,0x20,0x00,0x00,0x00,0x00,
    0x00,0x00,0x00,0x00,0x00,0x20,0x50,0x88,0xA8,0x50,0xA0,0x00,0x00,
    0x00,0x00,0x20,0x20,0x70,0xA8,0xF8,0xA8,0x70,0x20,0x20,0x00,0x00,
    0x00,0x00,0x00,0x50,0x50,0xF8,0x50,0x50,0xF8,0x50,0x50,0x00,0x00,
    0x00,0x00,0x00,0x00,0x50,0xA8,0x70,0x20,0x70,0xA8,0x50,0x00,0x00,
    0x00,0x00,0x00,0x00,0x80,0x80,0xF8,0x00,0x00,0x00,0x00,0x00,0x00,
    0x00,0x00,0x70,0x50,0x70,0xA8,0xB8,0x88,0x70,0x50,0x70,0x00,0x00,
    0x00,0x00,0x00,0xF8,0x88,0x70,0x20,0x20,0x50,0xA8,0xF8,0x00,0x00,
    0x00,0x00,0x00,0x00,0xE0,0x80,0x80,0x00,0x00,0x00,0x00,0x00,0x00,
    0x00,0x00,0x00,0x00,0x38,0x08,0x08,0x00,0x00,0x00,0x00,0x00,0x00,
    0x00,0x00,0x00,0x00,0x00,0x00,0x80,0x80,0xE0,0x00,0x00,0x00,0x00,
    0x00,0x00,0x00,0x00,0x00,0x00,0x08,0x08,0x38,0x00,0x00,0x00,0x00,
    0x10,0x28,0x20,0x20,0x20,0x20,0x20,0x20,0x20,0x20,0x20,0x20,0x20,
    0x20,0x20,0x20,0x20,0x20,0x20,0x20,0x20,0x20,0x20,0x20,0xA0,0x40,
    0x00,0x00,0x00,0x00,0x00,0x00,0x70,0x88,0x00,0x00,0x00,0x00,0x00,
    0x00,0x00,0x00,0x00,0x00,0x88,0x70,0x00,0x00,0x00,0x00,0x00,0x00,
    0x00,0x00,0x00,0x00,0x00,0x00,0xD8,0x20,0x50,0x88,0x00,0x00,0x00,
    0x00,0x00,0x00,0x00,0x00,0x18,0xC0,0x20,0x18,0x00,0x00,0x00,0x00,
    0x00,0x00,0x00,0x00,0xF0,0xD8,0xA4,0xD8,0xF0,0x00,0x00,0x00,0x00,
    0x00,0x00,0x00,0x00,0xF8,0xD8,0xA8,0xD8,0xF8,0x00,0x00,0x00,0x00,
    0x00,0xFC,0x84,0xAC,0x84,0xAC,0x84,0xAC,0x84,0xAC,0x84,0xFC,0x00,
    0x00,0x00,0x1E,0x12,0x12,0x12,0x12,0x12,0x12,0x12,0x1E,0x00,0x00,
    0x00,0x00,0x1E,0x12,0x12,0x12,0x12,0x12,0x12,0x12,0x1E,0x00,0x00,
    0x00,0x00,0x00,0x00,0x3C,0x6C,0x94,0x6C,0x3C,0x00,0x00,0x00,0x00,
    0x00,0x00,0x00,0x20,0x50,0x88,0x88,0x88,0x50,0x20,0x00,0x00,0x00,
    0x00,0x00,0x00,0x10,0x20,0x60,0xD8,0x30,0x20,0x40,0x00,0x00,0x00,
    0x00,0x00,0x70,0x88,0xBC,0xA8,0x70,0x40,0xC0,0xE0,0xC0,0x00,0x00,
    0x00,0x00,0x00,0x00,0x70,0x00,0xF8,0x00,0x70,0x00,0x00,0x00,0x00,
    0x00,0x00,0x48,0xFC,0x48,0x48,0x48,0x90,0x90,0x90,0xF0,0x00,0x00,
    0x00,0x00,0x00,0x40,0x40,0xA8,0xFC,0xA8,0x40,0x40,0x00,0x00,0x00,
    0x00,0x00,0x00,0x40,0x60,0x50,0xFC,0x50,0x60,0x40,0x00,0x00,0x00,
    0x00,0x00,0x00,0x00,0x00,0x00,0x80,0xC0,0xA0,0x90,0xF8,0x00,0x00,
    0x00,0x00,0x00,0x00,0x00,0x00,0x84,0x84,0x84,0x84,0xFC,0x00,0x00,
    0x00,0x00,0x00,0x00,0x00,0x00,0x88,0x88,0x50,0x50,0x20,0x00,0x00,
    0x00,0x00,0xF8,0x20,0x20,0x20,0x20,0x20,0x20,0x20,0xF8,0x00,0x00,
    0x00,0x78,0x48,0x48,0x48,0x48,0x48,0x48,0x48,0x48,0x48,0x78,0x00,
    0x00,0xF8,0x88,0x88,0x88,0xF8,0x88,0xF8,0x88,0x88,0x88,0xF8,0x00,
    0x00,0xF8,0x88,0x88,0xA8,0x88,0xF8,0x88,0xA8,0x88,0x88,0xF8,0x00,
    0x00,0xF8,0x88,0x88,0xA8,0xD8,0x88,0xD8,0xA8,0x88,0x88,0xF8,0x00,
    0x00,0xF8,0x88,0x88,0x88,0xA8,0xD8,0xA8,0x88,0x88,0x88,0xF8,0x00,
    0x00,0xF8,0x88,0xA8,0xD8,0x88,0x88,0x88,0xD8,0xA8,0x88,0xF8,0x00,
    0x00,0x00,0x20,0x20,0x70,0xA8,0xA8,0xA8,0x70,0x20,0x20,0x00,0x00,
    0x00,0x00,0x00,0x70,0x88,0xA8,0xD8,0xA8,0x88,0x70,0x00,0x00,0x00,
    0x00,0x00,0x00,0x08,0x10,0x10,0xF8,0x40,0x40,0x80,0x00,0x00,0x00,
    0x00,0x00,0x00,0x80,0x40,0x40,0xF8,0x10,0x10,0x08,0x00,0x00,0x00,
    0x00,0xF8,0x98,0x98,0x98,0xA8,0xA8,0xA8,0xC8,0xC8,0xC8,0xF8,0x00,
    0x00,0xF8,0xC8,0xC8,0xC8,0xA8,0xA8,0xA8,0x98,0x98,0x98,0xF8,0x00,
    0x00,0xF8,0x88,0x88,0x98,0xA8,0xC8,0xA8,0x98,0x88,0x88,0xF8,0x00,
    0x00,0xF8,0x88,0x88,0xC8,0xA8,0x98,0xA8,0xC8,0x88,0x88,0xF8,0x00,
    0x00,0x00,0x10,0x10,0x30,0x50,0xF8,0x50,0x30,0x10,0x10,0x00,0x00,
    0x00,0x00,0x40,0x40,0x60,0x50,0xF8,0x50,0x60,0x40,0x40,0x00,0x00,
    0x00,0xF8,0x88,0x88,0xA8,0xC8,0xF8,0xC8,0xA8,0x88,0x88,0xF8,0x00,
    0x00,0xF8,0x88,0x88,0xA8,0x98,0xF8,0x98,0xA8,0x88,0x88,0xF8,0x00,
    0x00,0x00,0x80,0x80,0x70,0xC8,0xA8,0x98,0x70,0x08,0x08,0x00,0x00,
    0x00,0x00,0x20,0x20,0x20,0x20,0x20,0x20,0x20,0xF8,0x00,0xF8,0x00,
    0x00,0x00,0x20,0x20,0x20,0x20,0x70,0x70,0xA8,0xF8,0x20,0x20,0x00,
    0x00,0xF8,0x88,0x88,0x88,0xD8,0xD8,0xA8,0xA8,0x88,0x88,0xF8,0x00,
    0x00,0xF8,0x88,0x88,0xA8,0xA8,0xD8,0xD8,0xF8,0x88,0x88,0xF8,0x00,
    0x00,0x00,0x20,0x20,0x70,0xA8,0xA8,0x70,0x20,0x20,0xF8,0x00,0x00,
    0x00,0x00,0x20,0x70,0xA8,0x20,0x20,0xF8,0x20,0x20,0x20,0x00,0x00,
    0x00,0xF8,0xA8,0xF8,0xA8,0xA8,0xA8,0xA8,0xA8,0xA8,0xA8,0xF8,0x00,
    0x00,0x00,0xF8,0x00,0xF8,0x20,0x20,0x20,0x20,0x20,0x20,0x00,0x00,
    0x00,0x00,0x20,0x20,0xF8,0xA8,0x70,0x70,0x20,0x20,0x20,0x20,0x00,
    0x00,0xF8,0x88,0x88,0xA8,0xA8,0xD8,0xD8,0x88,0x88,0x88,0xF8,0x00,
    0x00,0xF8,0x88,0x88,0xF8,0xD8,0xD8,0xA8,0xA8,0x88,0x88,0xF8,0x00,
    0x00,0x00,0xF8,0x20,0x20,0x70,0xA8,0xA8,0x70,0x20,0x20,0x00,0x00,
    0x00,0x00,0x20,0x20,0x20,0xF8,0x20,0x20,0xA8,0x70,0x20,0x00,0x00,
    0x00,0xF8,0xA8,0xA8,0xA8,0xA8,0xA8,0xA8,0xA8,0xF8,0xA8,0xF8,0x00,
    0x00,0x00,0x20,0x20,0x20,0x00,0x00,0x00,0x00,0x00,0x00,0xF8,0x00,
    0x00,0x00,0x20,0x20,0x50,0x50,0x50,0x88,0x88,0xF8,0x00,0xF8,0x00,
    0x00,0x00,0x00,0x00,0x00,0x20,0x50,0x88,0x50,0x20,0x00,0xF8,0x00,
    0x00,0x00,0x00,0x00,0x00,0x20,0x50,0x20,0x00,0x00,0x00,0xF8,0x00,
    0x00,0x00,0x00,0x00,0x70,0x88,0x88,0x88,0x70,0x00,0x00,0xF8,0x00,
    0x00,0x00,0x00,0x00,0x70,0x88,0xA8,0xD8,0xA8,0x88,0x88,0x00,0x00,
    0x00,0xF8,0xA8,0xA8,0xA8,0x88,0x88,0x88,0x88,0x88,0x88,0xF8,0x00,
    0x00,0x00,0x00,0x70,0x88,0xA8,0xF8,0xA8,0xD8,0x88,0x70,0x00,0x00,
    0x00,0xF8,0x88,0x88,0x88,0xA8,0x88,0x88,0xA8,0x88,0x88,0xF8,0x00,
    0x00,0x50,0x50,0x00,0xF8,0x20,0x20,0x20,0x20,0x20,0x20,0x00,0x00,
    0x00,0x50,0x50,0x00,0xF8,0x88,0x88,0x50,0x50,0x20,0x20,0x00,0x00,
    0x00,0x50,0x50,0x00,0x20,0x20,0xF8,0x70,0x70,0x88,0x00,0x00,0x00,
    0x00,0x50,0x50,0x00,0x00,0x20,0x50,0x20,0x00,0x00,0x00,0x00,0x00,
    0x00,0x50,0x50,0x00,0x70,0x88,0x88,0x88,0x70,0x00,0x00,0x00,0x00,
    0x00,0x00,0x00,0xA8,0xA8,0xA8,0xA8,0xA8,0x70,0x20,0x20,0x00,0x00,
    0x00,0x00,0x10,0x10,0x78,0x90,0x90,0x90,0x90,0x78,0x10,0x10,0x00,
    0x00,0x50,0x50,0x00,0x00,0x00,0x40,0xA8,0xA8,0x10,0x00,0x00,0x00,
    0x00,0x50,0x50,0x00,0x00,0xC0,0x30,0x08,0x30,0xC0,0x00,0x00,0x00,
    0x00,0x00,0x00,0x00,0x00,0x00,0xF8,0x00,0x00,0x30,0x20,0x40,0x00,
    0x00,0x00,0xF8,0x88,0x88,0x50,0x58,0xA8,0xB0,0x20,0x20,0x00,0x00,
    0x00,0x00,0x20,0x50,0x88,0xE8,0xB8,0x88,0x88,0x50,0x20,0x00,0x00,
    0x00,0x00,0x20,0x20,0x20,0x68,0xA8,0xB0,0x20,0x20,0x20,0x00,0x00,
    0x00,0x00,0x00,0x20,0x70,0x20,0x00,0x00,0x30,0x20,0x40,0xF8,0x00,
    0x00,0xF8,0x88,0x98,0x98,0xF8,0xA8,0xF8,0xC8,0xC8,0x88,0xF8,0x00,
    0x00,0xF8,0x88,0xA8,0xD8,0x98,0xA8,0xA8,0x88,0xA8,0x88,0xF8,0x00,
    0x00,0x00,0x88,0xE8,0xB8,0x88,0x50,0x50,0x20,0x20,0x20,0x00,0x00,
    0x00,0x00,0x20,0x20,0x20,0x50,0x50,0x88,0xE8,0xB8,0x88,0x00,0x00,
    0x00,0x00,0x00,0x00,0x00,0x20,0x20,0x20,0x20,0x20,0x10,0x00,0x00,
    0x00,0x00,0x00,0x00,0x00,0x70,0x88,0x88,0x88,0x88,0xF0,0x80,0x80,
    0x00,0x00,0x00,0x00,0x00,0x50,0x88,0xA8,0xA8,0xA8,0x50,0x00,0x00,
    0x00,0x00,0x00,0x00,0x68,0x90,0x90,0x90,0x90,0x68,0x00,0xF8,0x00,
    0x00,0x00,0x00,0x00,0x70,0x88,0x60,0x80,0x88,0x70,0x00,0xF8,0x00,
    0x00,0x00,0x00,0x00,0x20,0x20,0x20,0x20,0x20,0x10,0x00,0xF8,0x00,
    0x00,0x00,0x00,0x00,0x50,0x88,0xA8,0xA8,0xA8,0x50,0x00,0xF8,0x00,
    0x00,0x00,0x00,0x00,0x00,0x68,0x90,0x90,0x90,0x90,0x68,0x00,0x00,
    0x00,0x00,0x08,0x08,0x08,0x38,0x1C,0x90,0x50,0x20,0x00,0x00,0x00,
    0x00,0x00,0x60,0x60,0x40,0xC0,0xC0,0x40,0x60,0xFC,0xC0,0xE0,0x00,
    0x00,0x00,0x00,0x00,0x00,0x00,0xD8,0x70,0x00,0x00,0x00,0x00,0x00,
    0x00,0x00,0x00,0x00,0x70,0x88,0x88,0xF8,0x50,0xD8,0x00,0x00,0x00,
    0x00,0x00,0x20,0x20,0x70,0xF8,0xF8,0xF8,0x70,0x20,0x20,0x00,0x00,
    0x00,0x00,0x00,0x70,0x08,0x78,0x88,0x88,0x78,0x00,0x88,0x50,0x20,
    0x00,0x00,0x00,0x00,0x00,0x60,0x10,0x70,0x90,0x90,0x74,0x00,0xFC,
    0x00,0x00,0x00,0x00,0x00,0x48,0x24,0x6C,0xB4,0xB4,0x6C,0x00,0x6C,
    0x00,0x00,0x00,0x00,0x00,0x20,0x94,0x30,0xD4,0x50,0xB4,0x00,0x00,
    0x00,0x00,0x00,0x00,0x00,0xF8,0xD4,0xD4,0xD4,0xF8,0x00,0x00,0x00,
    0x00,0x00,0x20,0xF8,0xA8,0xA8,0xA8,0xA8,0xA8,0xF8,0x20,0x00,0x00,
    0x00,0x00,0x00,0x20,0x50,0x88,0x24,0xF4,0x24,0x88,0x50,0x20,0x00,
    0x00,0x00,0x00,0x00,0x08,0x1C,0x28,0x40,0x9C,0x00,0x00,0x00,0x00,
    0x00,0x00,0x00,0x00,0x20,0xA8,0x70,0xA8,0x70,0xA8,0x20,0x00,0x00,
    0x00,0x00,0x00,0x00,0x00,0x78,0x84,0x84,0xCC,0xB4,0x78,0x00,0x00,
    0x00,0x00,0x00,0x00,0x78,0x84,0xFC,0xCC,0xB4,0x84,0x78,0x00,0x00,
    0x00,0x00,0x00,0x00,0xE8,0xC4,0xA4,0x14,0x84,0x78,0x00,0x00,0x00,
    0x00,0x00,0x00,0x00,0xF0,0xC8,0x00,0x50,0xA8,0x50,0x00,0x00,0x00,
    0x00,0x00,0x00,0x00,0x70,0x50,0x50,0x50,0x50,0xD8,0x00,0x00,0x00,
    0x00,0x00,0x00,0x00,0x78,0x50,0x50,0x50,0x50,0xF0,0x00,0x00,0x00,
    0x00,0x00,0x00,0x00,0xF8,0x20,0x50,0x88,0x50,0x20,0x00,0x00,0x00,
    0x00,0x00,0x00,0x00,0x20,0x50,0x88,0x50,0x20,0xF8,0x00,0x00,0x00,
    0x00,0x00,0x00,0x00,0xF8,0x20,0x50,0xF8,0x50,0x20,0x00,0x00,0x00,
    0x00,0x00,0x00,0x00,0x20,0x50,0xF8,0x50,0x20,0xF8,0x00,0x00,0x00,
    0x00,0x00,0x00,0x00,0x00,0xF8,0x00,0xA8,0x00,0x00,0x00,0x00,0x00,
    0x00,0x00,0x00,0x30,0x48,0x84,0x84,0x84,0x48,0x30,0x00,0x00,0x00,
    0x00,0xF8,0x88,0x88,0x88,0x88,0x88,0x88,0x88,0x88,0x88,0xF8,0x00,
    0x00,0x00,0x00,0x00,0x78,0x70,0x70,0x60,0x60,0x40,0x00,0x00,0x00,
    0x00,0x00,0x78,0x48,0x28,0x48,0xF8,0x48,0x28,0x48,0x78,0x00,0x00,
    0x00,0x00,0xF0,0x90,0xA0,0x90,0xF8,0x90,0xA0,0x90,0xF0,0x00,0x00,
    0x00,0x00,0x00,0x38,0x68,0x48,0xCC,0xCC,0xCC,0xFC,0xFC,0x00,0x00,
    0x00,0x00,0x00,0x00,0x78,0x84,0x94,0xA4,0x84,0x78,0x00,0x00,0x00,
    0x00,0x10,0x20,0x20,0x40,0x40,0x40,0x40,0x40,0x40,0x40,0x40,0x40,
    0x40,0x40,0x40,0x40,0x40,0x40,0x40,0x40,0x40,0x40,0x40,0x40,0x40,
    0x40,0x40,0x40,0x40,0x40,0x40,0x40,0x40,0x40,0x20,0x20,0x10,0x00,
    0x00,0x40,0x20,0x20,0x10,0x10,0x10,0x10,0x10,0x10,0x10,0x10,0x10,
    0x10,0x10,0x10,0x10,0x10,0x10,0x10,0x10,0x10,0x10,0x10,0x10,0x10,
    0x10,0x10,0x10,0x10,0x10,0x10,0x10,0x10,0x10,0x20,0x20,0x40,0x00,
    0x00,0x70,0x40,0x40,0x40,0x40,0x40,0x40,0x40,0x40,0x40,0x40,0x40,
    0x40,0x40,0x40,0x40,0x40,0x40,0x40,0x40,0x40,0x40,0x40,0x40,0x40,
    0x40,0x40,0x40,0x40,0x40,0x40,0x40,0x40,0x40,0x40,0x40,0x70,0x00,
    0x00,0x70,0x10,0x10,0x10,0x10,0x10,0x10,0x10,0x10,0x10,0x10,0x10,
    0x10,0x10,0x10,0x10,0x10,0x10,0x10,0x10,0x10,0x10,0x10,0x10,0x10,
    0x10,0x10,0x10,0x10,0x10,0x10,0x10,0x10,0x10,0x10,0x10,0x70,0x00,
    0x00,0x18,0x20,0x20,0x20,0x20,0x20,0x20,0x20,0x20,0x20,0x20,0x20,
    0x20,0x20,0x20,0x20,0x20,0x20,0xC0,0x20,0x20,0x20,0x20,0x20,0x20,
    0x20,0x20,0x20,0x20,0x20,0x20,0x20,0x20,0x20,0x20,0x20,0x18,0x00,
    0x20,0x20,0x20,0x20,0x20,0x20,0x20,0x20,0x20,0x20,0x20,0x20,0x20,
    0x00,0xC0,0x20,0x20,0x20,0x20,0x20,0x20,0x20,0x20,0x20,0x20,0x20,
    0x20,0x20,0x20,0x20,0x20,0x20,0x18,0x20,0x20,0x20,0x20,0x20,0x20,
    0x20,0x20,0x20,0x20,0x20,0x20,0x20,0x20,0x20,0x20,0x20,0xC0,0x00,
    0x20,0x20,0x20,0x20,0x20,0x20,0x20,0x20,0x20,0x20,0x20,0x20,0x20,
    0x00,0x00,0x00,0x00,0x00,0x00,0x00,0xFC,0x00,0x00,0x00,0x00,0x00,
    0x18,0x20,0x20,0x20,0x20,0x20,0x20,0x20,0x20,0x20,0x20,0x20,0xC0,
    0xC0,0x20,0x20,0x20,0x20,0x20,0x20,0x20,0x20,0x20,0x20,0x20,0x18,
    0x00,0xFC,0x80,0x40,0x40,0x40,0x40,0x20,0x20,0x20,0x20,0x10,0x10,
    0x10,0x10,0x20,0x20,0x20,0x20,0x40,0x40,0x40,0x40,0x80,0xFC,0x00,
    0x00,0x00,0xF8,0x88,0x00,0x00,0x00,0x00,0x00,0x00,0x00,0x00,0x00,
    0x00,0x00,0x00,0x00,0x00,0x00,0x00,0x00,0x00,0x88,0xF8,0x00,0x00,
    0x00,0x00,0x00,0x88,0xF8,0x00,0x00,0x00,0xF8,0x88,0x00,0x00,0x00,
    0x20,0x20,0x20,0x20,0x20,0xA0,0xA0,0x60,0x60,0x20,0x20,0x00,0x00,
    0x80,0x80,0x80,0x80,0x80,0x80,0x80,0x80,0x80,0x80,0x80,0x80,0x80,
    0x04,0x04,0x04,0x04,0x04,0x04,0x04,0x04,0x04,0x04,0x04,0x04,0x04,
    0xFC,0x00,0x00,0x00,0x00,0x00,0x00,0x00,0x00,0x00,0x00,0x00,0x00,
    0x00,0x00,0x00,0xFC,0x00,0x00,0x00,0x00,0x00,0x00,0x00,0x00,0x00,
    0x00,0x00,0x00,0x00,0x00,0x00,0x00,0x00,0x00,0xFC,0x00,0x00,0x00,
    0x00,0x00,0x00,0x00,0x00,0x00,0x00,0x00,0x00,0x00,0x00,0x00,0xFC,
    0x00,0x00,0xF8,0x80,0x80,0x80,0x80,0x80,0x80,0x80,0x80,0x00,0x00,
    0x00,0x00,0x80,0x80,0x80,0x80,0x80,0x80,0x80,0x80,0xF8,0x00,0x00,
    0x00,0x00,0x20,0x20,0x70,0xA8,0xA8,0xA8,0x70,0x20,0x20,0x00,0x00,
    0x00,0x00,0xF8,0x20,0x70,0xA8,0xA8,0xA8,0x70,0x20,0x20,0x00,0x00,
    0x00,0x00,0x20,0x20,0x70,0xA8,0xA8,0xA8,0x70,0x20,0xF8,0x00,0x00,
    0x00,0x00,0x20,0x20,0x20,0x70,0x70,0xA8,0xF8,0x20,0x20,0x00,0x00,
    0x00,0x00,0xF8,0x20,0x20,0x70,0x70,0xA8,0xF8,0x20,0x20,0x00,0x00,
    0x00,0x00,0x20,0x20,0x20,0x70,0x70,0xA8,0xF8,0x20,0xF8,0x00,0x00,
    0x00,0x00,0x20,0x20,0x20,0x20,0x68,0xB0,0x20,0x20,0x20,0x00,0x00,
    0x00,0x00,0xF8,0x20,0x20,0x20,0x68,0xB0,0x20,0x20,0x20,0x00,0x00,
    0x00,0x00,0x20,0x20,0x20,0x20,0x68,0xB0,0x20,0x20,0xF8,0x00,0x00,
    0x00,0x00,0xF8,0x20,0x20,0x20,0x20,0x20,0x20,0x20,0x20,0x00,0x00,
    0x00,0x00,0x20,0x20,0x20,0x20,0x20,0x20,0x20,0x20,0xF8,0x00,0x00,
    0x00,0x00,0xF8,0x08,0x08,0x08,0x08,0x08,0x08,0x08,0x08,0x00,0x00,
    0x00,0x00,0x08,0x08,0x08,0x08,0x08,0x08,0x08,0x08,0xF8,0x00,0x00,
    0x00,0x00,0x20,0xA8,0xA8,0x88,0x88,0x88,0x88,0x88,0xF8,0x00,0x00,
    0x00,0x00,0x18,0x18,0x18,0x18,0x58,0xF8,0xF0,0x40,0x00,0x00,0x00,
    0x00,0x00,0x1E,0x12,0x12,0x12,0x12,0x12,0x12,0x12,0x1E,0x00,0x00,
    0x00,0x00,0x1E,0x12,0x12,0x12,0x12,0x12,0x12,0x12,0x1E,0x00,0x00,
    0x00,0x00,0x1E,0x12,0x12,0x12,0x12,0x12,0x12,0x12,0x1E,0x00,0x00,
    0x00,0x00,0x1E,0x12,0x12,0x12,0x12,0x12,0x12,0x12,0x1E,0x00,0x00,
    0x00,0x00,0x1E,0x12,0x12,0x12,0x12,0x12,0x12,0x12,0x1E,0x00,0x00,
    0x00,0x00,0x1E,0x12,0x12,0x12,0x12,0x12,0x12,0x12,0x1E,0x00,0x00,
    0x00,0x00,0x1E,0x12,0x12,0x12,0x12,0x12,0x12,0x12,0x1E,0x00,0x00,
    0x00,0x00,0x1E,0x12,0x12,0x12,0x12,0x12,0x12,0x12,0x1E,0x00,0x00,
    0x00,0x00,0x1E,0x12,0x12,0x12,0x12,0x12,0x12,0x12,0x1E,0x00,0x00,
    0x00,0x00,0x1E,0x12,0x12,0x12,0x12,0x12,0x12,0x12,0x1E,0x00,0x00,
    0x00,0x00,0x1E,0x12,0x12,0x12,0x12,0x12,0x12,0x12,0x1E,0x00,0x00,
    0x00,0x00,0x1E,0x12,0x12,0x12,0x12,0x12,0x12,0x12,0x1E,0x00,0x00,
    0x00,0x00,0x1E,0x12,0x12,0x12,0x12,0x12,0x12,0x12,0x1E,0x00,0x00,
    0x00,0x00,0x1E,0x12,0x12,0x12,0x12,0x12,0x12,0x12,0x1E,0x00,0x00,
    0x00,0x00,0x1E,0x12,0x12,0x12,0x12,0x12,0x12,0x12,0x1E,0x00,0x00,
    0x00,0x00,0x1E,0x12,0x12,0x12,0x12,0x12,0x12,0x12,0x1E,0x00,0x00,
    0x00,0x00,0x1E,0x12,0x12,0x12,0x12,0x12,0x12,0x12,0x1E,0x00,0x00,
    0x00,0x00,0x1E,0x12,0x12,0x12,0x12,0x12,0x12,0x12,0x1E,0x00,0x00,
    0x00,0x00,0x1E,0x12,0x12,0x12,0x12,0x12,0x12,0x12,0x1E,0x00,0x00,
    0x00,0x00,0x1E,0x12,0x12,0x12,0x12,0x12,0x12,0x12,0x1E,0x00,0x00,
    0x00,0x00,0x1E,0x12,0x12,0x12,0x12,0x12,0x12,0x12,0x1E,0x00,0x00,
    0x00,0x00,0x1E,0x12,0x12,0x12,0x12,0x12,0x12,0x12,0x1E,0x00,0x00,
    0x00,0x00,0x1E,0x12,0x12,0x12,0x12,0x12,0x12,0x12,0x1E,0x00,0x00,
    0x00,0x00,0x1E,0x12,0x12,0x12,0x12,0x12,0x12,0x12,0x1E,0x00,0x00,
    0x00,0x00,0x1E,0x12,0x12,0x12,0x12,0x12,0x12,0x12,0x1E,0x00,0x00,
    0x00,0x00,0x1E,0x12,0x12,0x12,0x12,0x12,0x12,0x12,0x1E,0x00,0x00,
    0x00,0x00,0x1E,0x12,0x12,0x12,0x12,0x12,0x12,0x12,0x1E,0x00,0x00,
    0x00,0x00,0x1E,0x12,0x12,0x12,0x12,0x12,0x12,0x12,0x1E,0x00,0x00,
    0x00,0x00,0x1E,0x12,0x12,0x12,0x12,0x12,0x12,0x12,0x1E,0x00,0x00,
    0x00,0x00,0x1E,0x12,0x12,0x12,0x12,0x12,0x12,0x12,0x1E,0x00,0x00,
    0x00,0x00,0x1E,0x12,0x12,0x12,0x12,0x12,0x12,0x12,0x1E,0x00,0x00,
    0x00,0x00,0x1E,0x12,0x12,0x12,0x12,0x12,0x12,0x12,0x1E,0x00,0x00,
    0x00,0x00,0x1E,0x12,0x12,0x12,0x12,0x12,0x12,0x12,0x1E,0x00,0x00,
    0x00,0x00,0x1E,0x12,0x12,0x12,0x12,0x12,0x12,0x12,0x1E,0x00,0x00,
    0x00,0x00,0x1E,0x12,0x12,0x12,0x12,0x12,0x12,0x12,0x1E,0x00,0x00,
    0x00,0x00,0x1E,0x12,0x12,0x12,0x12,0x12,0x12,0x12,0x1E,0x00,0x00,
    0x00,0x00,0x1E,0x12,0x12,0x12,0x12,0x12,0x12,0x12,0x1E,0x00,0x00,
    0x00,0x00,0x1E,0x12,0x12,0x12,0x12,0x12,0x12,0x12,0x1E,0x00,0x00,
    0x00,0x00,0x1E,0x12,0x12,0x12,0x12,0x12,0x12,0x12,0x1E,0x00,0x00,
    0x00,0x00,0x1E,0x12,0x12,0x12,0x12,0x12,0x12,0x12,0x1E,0x00,0x00,
    0x00,0x00,0x1E,0x12,0x12,0x12,0x12,0x12,0x12,0x12,0x1E,0x00,0x00,
    0x00,0x00,0x1E,0x12,0x12,0x12,0x12,0x12,0x12,0x12,0x1E,0x00,0x00,
    0x00,0x00,0x1E,0x12,0x12,0x12,0x12,0x12,0x12,0x12,0x1E,0x00,0x00,
    0x00,0x00,0x1E,0x12,0x12,0x12,0x12,0x12,0x12,0x12,0x1E,0x00,0x00,
    0x00,0x00,0x1E,0x12,0x12,0x12,0x12,0x12,0x12,0x12,0x1E,0x00,0x00,
    0x00,0x00,0x1E,0x12,0x12,0x12,0x12,0x12,0x12,0x12,0x1E,0x00,0x00,
    0x00,0x00,0x1E,0x12,0x12,0x12,0x12,0x12,0x12,0x12,0x1E,0x00,0x00,
    0x00,0x00,0x1E,0x12,0x12,0x12,0x12,0x12,0x12,0x12,0x1E,0x00,0x00,
    0x00,0x00,0x1E,0x12,0x12,0x12,0x12,0x12,0x12,0x12,0x1E,0x00,0x00,
    0x00,0x90,0xD0,0xB0,0x90,0x50,0x50,0x70,0x20,0x20,0x20,0x38,0x00,
    0x00,0x60,0x80,0x40,0x20,0xE0,0x50,0x50,0x20,0x28,0x38,0x28,0x00,
    0x00,0x60,0x80,0x40,0x20,0xC0,0x70,0x20,0x20,0x28,0x10,0x28,0x00,
    0x00,0xE0,0x80,0xC0,0x80,0xE0,0x70,0x20,0x20,0x28,0x10,0x28,0x00,
    0x00,0xE0,0x80,0xC0,0x80,0xE0,0x50,0x50,0x20,0x38,0x10,0x10,0x00,
    0xE0,0x80,0xC0,0x80,0xE0,0x68,0x58,0x48,0x10,0x28,0x28,0x38,0x18,
    0x00,0x40,0xA0,0xE0,0xA0,0x30,0x40,0x30,0x00,0x28,0x30,0x28,0x00,
    0xC0,0xA0,0xC0,0xA0,0xF0,0x40,0x60,0x40,0x70,0x20,0x20,0x20,0x38,
    0x00,0x00,0xC0,0xA0,0xC0,0xA0,0xD8,0x20,0x10,0x08,0x30,0x00,0x00,
    0x00,0x00,0xA0,0xA0,0xE0,0xA0,0xA0,0x38,0x10,0x10,0x10,0x00,0x00,
    0x00,0x00,0x80,0x80,0x80,0xE0,0x38,0x20,0x30,0x20,0x20,0x00,0x00,
    0x00,0x00,0xA0,0xA0,0xA0,0x40,0x40,0x38,0x10,0x10,0x10,0x00,0x00,
    0x00,0x00,0xE0,0x80,0xC0,0x80,0xB8,0x20,0x30,0x20,0x20,0x00,0x00,
    0x00,0x00,0x60,0x80,0x80,0x60,0x30,0x28,0x30,0x28,0x28,0x00,0x00,
    0x00,0x00,0x60,0x80,0x40,0x20,0xD0,0x28,0x28,0x28,0x10,0x00,0x00,
    0x00,0x00,0x60,0x80,0x40,0x20,0xF8,0x10,0x10,0x10,0x38,0x00,0x00,
    0xC0,0xA0,0xA0,0xC0,0x40,0x40,0x40,0x70,0x38,0x20,0x30,0x20,0x38,
    0xC0,0xA0,0xA0,0xC0,0x30,0x40,0x40,0x30,0x00,0x10,0x30,0x10,0x38,
    0xC0,0xA0,0xA0,0xC0,0x30,0x40,0x40,0x30,0x00,0x30,0x08,0x10,0x38,
    0xC0,0xA0,0xA0,0xC0,0x30,0x40,0x40,0x30,0x10,0x28,0x10,0x08,0x30,
    0xC0,0xA0,0xA0,0xC0,0x30,0x40,0x40,0x30,0x00,0x20,0x30,0x38,0x10,
    0x90,0xD0,0xB0,0x00,0x20,0x50,0x70,0x50,0x00,0x28,0x30,0x30,0x28,
    0x60,0x80,0x40,0x20,0xC0,0x50,0x50,0x20,0x20,0x48,0x68,0x58,0x48,
    0xE0,0x80,0xC0,0x80,0xE0,0x70,0x20,0x20,0x30,0x28,0x30,0x28,0x30,
    0x70,0x80,0x80,0x70,0x20,0x50,0x70,0x50,0x00,0x68,0x58,0x48,0x00,
    0x00,0xE0,0x80,0xC0,0x80,0xE0,0x00,0x50,0x70,0x50,0x50,0x00,0x00,
    0x60,0x80,0x40,0x20,0xC0,0x50,0x50,0x20,0x30,0x28,0x30,0x28,0x30,
    0xE0,0x80,0xC0,0x80,0xF0,0x40,0x20,0x10,0x78,0x20,0x20,0x18,0x00,
    0x00,0x00,0xE0,0x80,0xC0,0x80,0x98,0x20,0x10,0x08,0x30,0x00,0x00,
    0x00,0x70,0x80,0xB0,0x90,0x60,0x18,0x20,0x10,0x08,0x30,0x00,0x00,
    0x00,0xC0,0xA0,0xC0,0xA0,0xA0,0x18,0x20,0x10,0x08,0x30,0x00,0x00,
    0x00,0x90,0x90,0x90,0x90,0x60,0x18,0x20,0x10,0x08,0x30,0x00,0x00,
    0x00,0x60,0x80,0x40,0x20,0xC0,0x30,0x28,0x30,0x20,0x20,0x00,0x00,
    0x00,0xC0,0xA0,0xA0,0xF0,0x40,0x60,0x40,0x70,0x20,0x20,0x38,0x00,
    0x00,0x00,0x40,0x50,0x60,0x40,0xF0,0x48,0x48,0x48,0x70,0x00,0x00,
    0x00,0x00,0x00,0x00,0x00,0x00,0x00,0x00,0x00,0x88,0xF8,0x00,0x00,
    0x00,0x00,0x90,0xD0,0xB0,0x90,0x20,0x20,0x20,0x20,0x38,0x00,0x00,
    0x00,0x00,0x48,0x48,0x90,0x90,0x20,0x48,0x48,0x90,0x90,0x00,0x00,
    0x00,0x00,0x70,0x88,0x88,0x80,0x40,0x20,0x20,0x00,0x20,0x00,0x00,
    0x00,0x00,0x1E,0x12,0x12,0x12,0x12,0x12,0x12,0x12,0x1E,0x00,0x00,
    0x00,0x00,0x1E,0x12,0x12,0x12,0x12,0x12,0x12,0x12,0x1E,0x00,0x00,
    0x00,0x00,0x1E,0x12,0x12,0x12,0x12,0x12,0x12,0x12,0x1E,0x00,0x00,
    0x00,0x00,0x1E,0x12,0x12,0x12,0x12,0x12,0x12,0x12,0x1E,0x00,0x00,
    0x00,0x00,0x1E,0x12,0x12,0x12,0x12,0x12,0x12,0x12,0x1E,0x00,0x00,
    0x00,0x00,0x1E,0x12,0x12,0x12,0x12,0x12,0x12,0x12,0x1E,0x00,0x00,
    0x00,0x00,0x1E,0x12,0x12,0x12,0x12,0x12,0x12,0x12,0x1E,0x00,0x00,
    0x00,0x00,0x1E,0x12,0x12,0x12,0x12,0x12,0x12,0x12,0x1E,0x00,0x00,
    0x00,0x00,0x1E,0x12,0x12,0x12,0x12,0x12,0x12,0x12,0x1E,0x00,0x00,
    0x00,0x00,0x1E,0x12,0x12,0x12,0x12,0x12,0x12,0x12,0x1E,0x00,0x00,
    0x00,0x00,0x1E,0x12,0x12,0x12,0x12,0x12,0x12,0x12,0x1E,0x00,0x00,
    0x00,0x00,0x1E,0x12,0x12,0x12,0x12,0x12,0x12,0x12,0x1E,0x00,0x00,
    0x00,0x00,0x1E,0x12,0x12,0x12,0x12,0x12,0x12,0x12,0x1E,0x00,0x00,
    0x00,0x00,0x1E,0x12,0x12,0x12,0x12,0x12,0x12,0x12,0x1E,0x00,0x00,
    0x00,0x00,0x1E,0x12,0x12,0x12,0x12,0x12,0x12,0x12,0x1E,0x00,0x00,
    0x00,0x00,0x1E,0x12,0x12,0x12,0x12,0x12,0x12,0x12,0x1E,0x00,0x00,
    0x00,0x00,0x1E,0x12,0x12,0x12,0x12,0x12,0x12,0x12,0x1E,0x00,0x00,
    0x00,0x00,0x1E,0x12,0x12,0x12,0x12,0x12,0x12,0x12,0x1E,0x00,0x00,
    0x00,0x00,0x1E,0x12,0x12,0x12,0x12,0x12,0x12,0x12,0x1E,0x00,0x00,
    0x00,0x00,0x1E,0x12,0x12,0x12,0x12,0x12,0x12,0x12,0x1E,0x00,0x00,
    0x00,0x00,0x1E,0x12,0x12,0x12,0x12,0x12,0x12,0x12,0x1E,0x00,0x00,
    0x00,0x00,0x1E,0x12,0x12,0x12,0x12,0x12,0x12,0x12,0x1E,0x00,0x00,
    0x00,0x00,0x1E,0x12,0x12,0x12,0x12,0x12,0x12,0x12,0x1E,0x00,0x00,
    0x00,0x00,0x1E,0x12,0x12,0x12,0x12,0x12,0x12,0x12,0x1E,0x00,0x00,
    0x00,0x00,0x1E,0x12,0x12,0x12,0x12,0x12,0x12,0x12,0x1E,0x00,0x00,
    0x00,0x00,0x00,0x00,0x00,0x00,0xFC,0x00,0x00,0x00,0x00,0x00,0x00,
    0x00,0x00,0x00,0x00,0x00,0x00,0xFC,0xFC,0x00,0x00,0x00,0x00,0x00,
    0x20,0x20,0x20,0x20,0x20,0x20,0x20,0x20,0x20,0x20,0x20,0x20,0x20,
    0x30,0x30,0x30,0x30,0x30,0x30,0x30,0x30,0x30,0x30,0x30,0x30,0x30,
    0x00,0x00,0x00,0x00,0x00,0x00,0xA8,0x00,0x00,0x00,0x00,0x00,0x00,
    0x00,0x00,0x00,0x00,0x00,0x00,0xA8,0xA8,0x00,0x00,0x00,0x00,0x00,
    0x00,0x20,0x20,0x00,0x00,0x20,0x20,0x00,0x00,0x20,0x20,0x00,0x00,
    0x00,0x30,0x30,0x00,0x00,0x30,0x30,0x00,0x00,0x30,0x30,0x00,0x00,
    0x00,0x00,0x00,0x00,0x00,0x00,0xA8,0x00,0x00,0x00,0x00,0x00,0x00,
    0x00,0x00,0x00,0x00,0x00,0x00,0xA8,0xA8,0x00,0x00,0x00,0x00,0x00,
    0x20,0x20,0x00,0x20,0x20,0x00,0x20,0x20,0x00,0x20,0x20,0x00,0x00,
    0x30,0x30,0x00,0x30,0x30,0x00,0x30,0x30,0x00,0x30,0x30,0x00,0x00,
    0x00,0x00,0x00,0x00,0x00,0x00,0x3C,0x20,0x20,0x20,0x20,0x20,0x20,
    0x00,0x00,0x00,0x00,0x00,0x00,0x3C,0x3C,0x20,0x20,0x20,0x20,0x20,
    0x00,0x00,0x00,0x00,0x00,0x00,0x3C,0x30,0x30,0x30,0x30,0x30,0x30,
    0x00,0x00,0x00,0x00,0x00,0x00,0x3C,0x3C,0x30,0x30,0x30,0x30,0x30,
    0x00,0x00,0x00,0x00,0x00,0x00,0xE0,0x20,0x20,0x20,0x20,0x20,0x20,
    0x00,0x00,0x00,0x00,0x00,0x00,0xE0,0xE0,0x20,0x20,0x20,0x20,0x20,
    0x00,0x00,0x00,0x00,0x00,0x00,0xF0,0x30,0x30,0x30,0x30,0x30,0x30,
    0x00,0x00,0x00,0x00,0x00,0x00,0xF0,0xF0,0x30,0x30,0x30,0x30,0x30,
    0x20,0x20,0x20,0x20,0x20,0x20,0x3C,0x00,0x00,0x00,0x00,0x00,0x00,
    0x20,0x20,0x20,0x20,0x20,0x20,0x3C,0x3C,0x00,0x00,0x00,0x00,0x00,
    0x30,0x30,0x30,0x30,0x30,0x30,0x3C,0x00,0x00,0x00,0x00,0x00,0x00,
    0x30,0x30,0x30,0x30,0x30,0x30,0x3C,0x3C,0x00,0x00,0x00,0x00,0x00,
    0x20,0x20,0x20,0x20,0x20,0x20,0xE0,0x00,0x00,0x00,0x00,0x00,0x00,
    0x20,0x20,0x20,0x20,0x20,0x20,0xE0,0xE0,0x00,0x00,0x00,0x00,0x00,
    0x30,0x30,0x30,0x30,0x30,0x30,0xF0,0x00,0x00,0x00,0x00,0x00,0x00,
    0x30,0x30,0x30,0x30,0x30,0x30,0xF0,0xF0,0x00,0x00,0x00,0x00,0x00,
    0x20,0x20,0x20,0x20,0x20,0x20,0x3C,0x20,0x20,0x20,0x20,0x20,0x20,
    0x20,0x20,0x20,0x20,0x20,0x20,0x3C,0x3C,0x20,0x20,0x20,0x20,0x20,
    0x30,0x30,0x30,0x30,0x30,0x30,0x3C,0x20,0x20,0x20,0x20,0x20,0x20,
    0x20,0x20,0x20,0x20,0x20,0x20,0x3C,0x30,0x30,0x30,0x30,0x30,0x30,
    0x30,0x30,0x30,0x30,0x30,0x30,0x3C,0x30,0x30,0x30,0x30,0x30,0x30,
    0x30,0x30,0x30,0x30,0x30,0x30,0x3C,0x3C,0x20,0x20,0x20,0x20,0x20,
    0x20,0x20,0x20,0x20,0x20,0x20,0x3C,0x3C,0x30,0x30,0x30,0x30,0x30,
    0x30,0x30,0x30,0x30,0x30,0x30,0x3C,0x3C,0x30,0x30,0x30,0x30,0x30,
    0x20,0x20,0x20,0x20,0x20,0x20,0xE0,0x20,0x20,0x20,0x20,0x20,0x20,
    0x20,0x20,0x20,0x20,0x20,0x20,0xE0,0xE0,0x20,0x20,0x20,0x20,0x20,
    0x30,0x30,0x30,0x30,0x30,0x30,0xF0,0x20,0x20,0x20,0x20,0x20,0x20,
    0x20,0x20,0x20,0x20,0x20,0x20,0xF0,0x30,0x30,0x30,0x30,0x30,0x30,
    0x30,0x30,0x30,0x30,0x30,0x30,0xF0,0x30,0x30,0x30,0x30,0x30,0x30,
    0x30,0x30,0x30,0x30,0x30,0x30,0xF0,0xF0,0x20,0x20,0x20,0x20,0x20,
    0x20,0x20,0x20,0x20,0x20,0x20,0xF0,0xF0,0x30,0x30,0x30,0x30,0x30,
    0x30,0x30,0x30,0x30,0x30,0x30,0xF0,0xF0,0x30,0x30,0x30,0x30,0x30,
    0x00,0x00,0x00,0x00,0x00,0x00,0xFC,0x20,0x20,0x20,0x20,0x20,0x20,
    0x00,0x00,0x00,0x00,0x00,0x00,0xFC,0xE0,0x20,0x20,0x20,0x20,0x20,
    0x00,0x00,0x00,0x00,0x00,0x00,0xFC,0x3C,0x20,0x20,0x20,0x20,0x20,
    0x00,0x00,0x00,0x00,0x00,0x00,0xFC,0xFC,0x20,0x20,0x20,0x20,0x20,
    0x00,0x00,0x00,0x00,0x00,0x00,0xFC,0x30,0x30,0x30,0x30,0x30,0x30,
    0x00,0x00,0x00,0x00,0x00,0x00,0xFC,0xF0,0x30,0x30,0x30,0x30,0x30,
    0x00,0x00,0x00,0x00,0x00,0x00,0xFC,0x3C,0x30,0x30,0x30,0x30,0x30,
    0x00,0x00,0x00,0x00,0x00,0x00,0xFC,0xFC,0x30,0x30,0x30,0x30,0x30,
    0x20,0x20,0x20,0x20,0x20,0x20,0xFC,0x00,0x00,0x00,0x00,0x00,0x00,
    0x20,0x20,0x20,0x20,0x20,0x20,0xFC,0xE0,0x00,0x00,0x00,0x00,0x00,
    0x20,0x20,0x20,0x20,0x20,0x20,0xFC,0x3C,0x00,0x00,0x00,0x00,0x00,
    0x20,0x20,0x20,0x20,0x20,0x20,0xFC,0xFC,0x00,0x00,0x00,0x00,0x00,
    0x30,0x30,0x30,0x30,0x30,0x30,0xFC,0x00,0x00,0x00,0x00,0x00,0x00,
    0x30,0x30,0x30,0x30,0x30,0x30,0xFC,0xF0,0x00,0x00,0x00,0x00,0x00,
    0x30,0x30,0x30,0x30,0x30,0x30,0xFC,0x3C,0x00,0x00,0x00,0x00,0x00,
    0x30,0x30,0x30,0x30,0x30,0x30,0xFC,0xFC,0x00,0x00,0x00,0x00,0x00,
    0x20,0x20,0x20,0x20,0x20,0x20,0xFC,0x20,0x20,0x20,0x20,0x20,0x20,
    0x20,0x20,0x20,0x20,0x20,0x20,0xFC,0xE0,0x20,0x20,0x20,0x20,0x20,
    0x20,0x20,0x20,0x20,0x20,0x20,0xFC,0x3C,0x20,0x20,0x20,0x20,0x20,
    0x20,0x20,0x20,0x20,0x20,0x20,0xFC,0xFC,0x20,0x20,0x20,0x20,0x20,
    0x30,0x30,0x30,0x30,0x30,0x30,0xFC,0x20,0x20,0x20,0x20,0x20,0x20,
    0x20,0x20,0x20,0x20,0x20,0x20,0xFC,0x30,0x30,0x30,0x30,0x30,0x30,
    0x30,0x30,0x30,0x30,0x30,0x30,0xFC,0x30,0x30,0x30,0x30,0x30,0x30,
    0x30,0x30,0x30,0x30,0x30,0x30,0xFC,0xF0,0x20,0x20,0x20,0x20,0x20,
    0x30,0x30,0x30,0x30,0x30,0x30,0xFC,0x3C,0x20,0x20,0x20,0x20,0x20,
    0x20,0x20,0x20,0x20,0x20,0x20,0xFC,0xF0,0x30,0x30,0x30,0x30,0x30,
    0x20,0x20,0x20,0x20,0x20,0x20,0xFC,0x3C,0x30,0x30,0x30,0x30,0x30,
    0x30,0x30,0x30,0x30,0x30,0x30,0xFC,0xFC,0x20,0x20,0x20,0x20,0x20,
    0x20,0x20,0x20,0x20,0x20,0x20,0xFC,0xFC,0x30,0x30,0x30,0x30,0x30,
    0x30,0x30,0x30,0x30,0x30,0x30,0xFC,0xF0,0x30,0x30,0x30,0x30,0x30,
    0x30,0x30,0x30,0x30,0x30,0x30,0xFC,0x3C,0x30,0x30,0x30,0x30,0x30,
    0x30,0x30,0x30,0x30,0x30,0x30,0xFC,0xFC,0x30,0x30,0x30,0x30,0x30,
    0x00,0x00,0x00,0x00,0x00,0x00,0xD8,0x00,0x00,0x00,0x00,0x00,0x00,
    0x00,0x00,0x00,0x00,0x00,0x00,0xD8,0xD8,0x00,0x00,0x00,0x00,0x00,
    0x20,0x20,0x20,0x20,0x00,0x00,0x00,0x20,0x20,0x20,0x20,0x00,0x00,
    0x30,0x30,0x30,0x30,0x00,0x00,0x00,0x30,0x30,0x30,0x30,0x00,0x00,
    0x00,0x00,0x00,0x00,0x00,0xFC,0x00,0xFC,0x00,0x00,0x00,0x00,0x00,
    0x50,0x50,0x50,0x50,0x50,0x50,0x50,0x50,0x50,0x50,0x50,0x50,0x50,
    0x00,0x00,0x00,0x00,0x00,0x3C,0x20,0x3C,0x20,0x20,0x20,0x20,0x20,
    0x00,0x00,0x00,0x00,0x00,0x00,0x7C,0x50,0x50,0x50,0x50,0x50,0x50,
    0x00,0x00,0x00,0x00,0x00,0x7C,0x40,0x5C,0x50,0x50,0x50,0x50,0x50,
    0x00,0x00,0x00,0x00,0x00,0xE0,0x20,0xE0,0x20,0x20,0x20,0x20,0x20,
    0x00,0x00,0x00,0x00,0x00,0x00,0xF0,0x50,0x50,0x50,0x50,0x50,0x50,
    0x00,0x00,0x00,0x00,0x00,0xF0,0x10,0xD0,0x50,0x50,0x50,0x50,0x50,
    0x20,0x20,0x20,0x20,0x20,0x3C,0x20,0x3C,0x00,0x00,0x00,0x00,0x00,
    0x50,0x50,0x50,0x50,0x50,0x50,0x7C,0x00,0x00,0x00,0x00,0x00,0x00,
    0x50,0x50,0x50,0x50,0x50,0x5C,0x40,0x7C,0x00,0x00,0x00,0x00,0x00,
    0x20,0x20,0x20,0x20,0x20,0xE0,0x20,0xE0,0x00,0x00,0x00,0x00,0x00,
    0x50,0x50,0x50,0x50,0x50,0x50,0xF0,0x00,0x00,0x00,0x00,0x00,0x00,
    0x50,0x50,0x50,0x50,0x50,0xD0,0x10,0xF0,0x00,0x00,0x00,0x00,0x00,
    0x20,0x20,0x20,0x20,0x20,0x3C,0x20,0x3C,0x20,0x20,0x20,0x20,0x20,
    0x50,0x50,0x50,0x50,0x50,0x50,0x5C,0x50,0x50,0x50,0x50,0x50,0x50,
    0x50,0x50,0x50,0x50,0x50,0x5C,0x40,0x5C,0x50,0x50,0x50,0x50,0x50,
    0x20,0x20,0x20,0x20,0x20,0xE0,0x20,0xE0,0x20,0x20,0x20,0x20,0x20,
    0x50,0x50,0x50,0x50,0x50,0x50,0xD0,0x50,0x50,0x50,0x50,0x50,0x50,
    0x50,0x50,0x50,0x50,0x50,0xD0,0x10,0xD0,0x50,0x50,0x50,0x50,0x50,
    0x00,0x00,0x00,0x00,0x00,0xFC,0x00,0xFC,0x20,0x20,0x20,0x20,0x20,
    0x00,0x00,0x00,0x00,0x00,0x00,0xFC,0x50,0x50,0x50,0x50,0x50,0x50,
    0x00,0x00,0x00,0x00,0x00,0xFC,0x00,0xDC,0x50,0x50,0x50,0x50,0x50,
    0x20,0x20,0x20,0x20,0x20,0xFC,0x00,0xFC,0x00,0x00,0x00,0x00,0x00,
    0x50,0x50,0x50,0x50,0x50,0x50,0xFC,0x00,0x00,0x00,0x00,0x00,0x00,
    0x50,0x50,0x50,0x50,0x50,0xDC,0x00,0xFC,0x00,0x00,0x00,0x00,0x00,
    0x20,0x20,0x20,0x20,0x20,0xFC,0x20,0xFC,0x20,0x20,0x20,0x20,0x20,
    0x50,0x50,0x50,0x50,0x50,0x50,0xFC,0x50,0x50,0x50,0x50,0x50,0x50,
    0x50,0x50,0x50,0x50,0x50,0xDC,0x00,0xDC,0x50,0x50,0x50,0x50,0x50,
    0x00,0x00,0x00,0x00,0x00,0x00,0x0C,0x10,0x20,0x20,0x20,0x20,0x20,
    0x00,0x00,0x00,0x00,0x00,0x00,0x80,0x40,0x20,0x20,0x20,0x20,0x20,
    0x20,0x20,0x20,0x20,0x20,0x40,0x80,0x00,0x00,0x00,0x00,0x00,0x00,
    0x20,0x20,0x20,0x20,0x20,0x10,0x0C,0x00,0x00,0x00,0x00,0x00,0x00,
    0x04,0x04,0x08,0x08,0x10,0x10,0x20,0x20,0x20,0x40,0x40,0x80,0x80,
    0x80,0x80,0x40,0x40,0x20,0x20,0x10,0x10,0x10,0x08,0x08,0x04,0x04,
    0x84,0x84,0x48,0x48,0x30,0x30,0x30,0x30,0x30,0x48,0x48,0x84,0x84,
    0x00,0x00,0x00,0x00,0x00,0x00,0xE0,0x00,0x00,0x00,0x00,0x00,0x00,
    0x20,0x20,0x20,0x20,0x20,0x20,0x20,0x00,0x00,0x00,0x00,0x00,0x00,
    0x00,0x00,0x00,0x00,0x00,0x00,0x3C,0x00,0x00,0x00,0x00,0x00,0x00,
    0x00,0x00,0x00,0x00,0x00,0x00,0x20,0x20,0x20,0x20,0x20,0x20,0x20,
    0x00,0x00,0x00,0x00,0x00,0x00,0xE0,0xE0,0x00,0x00,0x00,0x00,0x00,
    0x30,0x30,0x30,0x30,0x30,0x30,0x30,0x00,0x00,0x00,0x00,0x00,0x00,
    0x00,0x00,0x00,0x00,0x00,0x00,0x3C,0x3C,0x00,0x00,0x00,0x00,0x00,
    0x00,0x00,0x00,0x00,0x00,0x00,0x30,0x30,0x30,0x30,0x30,0x30,0x30,
    0x00,0x00,0x00,0x00,0x00,0x00,0xFC,0x1C,0x00,0x00,0x00,0x00,0x00,
    0x20,0x20,0x20,0x20,0x20,0x20,0x30,0x30,0x30,0x30,0x30,0x30,0x30,
    0x00,0x00,0x00,0x00,0x00,0x00,0xFC,0xE0,0x00,0x00,0x00,0x00,0x00,
    0x30,0x30,0x30,0x30,0x30,0x30,0x30,0x20,0x20,0x20,0x20,0x20,0x20,
    0xFC,0xFC,0xFC,0xFC,0xFC,0xFC,0x00,0x00,0x00,0x00,0x00,0x00,0x00,
    0x00,0x00,0x00,0x00,0x00,0x00,0x00,0x00,0x00,0x00,0x00,0xFC,0xFC,
    0x00,0x00,0x00,0x00,0x00,0x00,0x00,0x00,0x00,0x00,0xFC,0xFC,0xFC,
    0x00,0x00,0x00,0x00,0x00,0x00,0x00,0x00,0xFC,0xFC,0xFC,0xFC,0xFC,
    0x00,0x00,0x00,0x00,0x00,0x00,0xFC,0xFC,0xFC,0xFC,0xFC,0xFC,0xFC,
    0x00,0x00,0x00,0x00,0x00,0xFC,0xFC,0xFC,0xFC,0xFC,0xFC,0xFC,0xFC,
    0x00,0x00,0x00,0xFC,0xFC,0xFC,0xFC,0xFC,0xFC,0xFC,0xFC,0xFC,0xFC,
    0x00,0x00,0xFC,0xFC,0xFC,0xFC,0xFC,0xFC,0xFC,0xFC,0xFC,0xFC,0xFC,
    0xFC,0xFC,0xFC,0xFC,0xFC,0xFC,0xFC,0xFC,0xFC,0xFC,0xFC,0xFC,0xFC,
    0xF8,0xF8,0xF8,0xF8,0xF8,0xF8,0xF8,0xF8,0xF8,0xF8,0xF8,0xF8,0xF8,
    0xF0,0xF0,0xF0,0xF0,0xF0,0xF0,0xF0,0xF0,0xF0,0xF0,0xF0,0xF0,0xF0,
    0xF0,0xF0,0xF0,0xF0,0xF0,0xF0,0xF0,0xF0,0xF0,0xF0,0xF0,0xF0,0xF0,
    0xE0,0xE0,0xE0,0xE0,0xE0,0xE0,0xE0,0xE0,0xE0,0xE0,0xE0,0xE0,0xE0,
    0xC0,0xC0,0xC0,0xC0,0xC0,0xC0,0xC0,0xC0,0xC0,0xC0,0xC0,0xC0,0xC0,
    0xC0,0xC0,0xC0,0xC0,0xC0,0xC0,0xC0,0xC0,0xC0,0xC0,0xC0,0xC0,0xC0,
    0x80,0x80,0x80,0x80,0x80,0x80,0x80,0x80,0x80,0x80,0x80,0x80,0x80,
    0x1C,0x1C,0x1C,0x1C,0x1C,0x1C,0x1C,0x1C,0x1C,0x1C,0x1C,0x1C,0x1C,
    0xA8,0x00,0x54,0x00,0xA8,0x00,0x54,0x00,0xA8,0x00,0x54,0x00,0xA8,
    0xA8,0x54,0xA8,0x54,0xA8,0x54,0xA8,0x54,0xA8,0x54,0xA8,0x54,0xA8,
    0x54,0xFC,0xA8,0xFC,0x54,0xFC,0xA8,0xFC,0x54,0xFC,0xA8,0xFC,0x54,
    0xFC,0xFC,0x00,0x00,0x00,0x00,0x00,0x00,0x00,0x00,0x00,0x00,0x00,
    0x04,0x04,0x04,0x04,0x04,0x04,0x04,0x04,0x04,0x04,0x04,0x04,0x04,
    0x00,0x00,0x00,0x00,0x00,0x00,0xE0,0xE0,0xE0,0xE0,0xE0,0xE0,0xE0,
    0x00,0x00,0x00,0x00,0x00,0x00,0x1C,0x1C,0x1C,0x1C,0x1C,0x1C,0x1C,
    0xE0,0xE0,0xE0,0xE0,0xE0,0xE0,0x00,0x00,0x00,0x00,0x00,0x00,0x00,
    0xE0,0xE0,0xE0,0xE0,0xE0,0xE0,0xFC,0xFC,0xFC,0xFC,0xFC,0xFC,0xFC,
    0xE0,0xE0,0xE0,0xE0,0xE0,0xE0,0x1C,0x1C,0x1C,0x1C,0x1C,0x1C,0x1C,
    0xFC,0xFC,0xFC,0xFC,0xFC,0xFC,0xE0,0xE0,0xE0,0xE0,0xE0,0xE0,0xE0,
    0xFC,0xFC,0xFC,0xFC,0xFC,0xFC,0x1C,0x1C,0x1C,0x1C,0x1C,0x1C,0x1C,
    0x1C,0x1C,0x1C,0x1C,0x1C,0x1C,0x00,0x00,0x00,0x00,0x00,0x00,0x00,
    0x1C,0x1C,0x1C,0x1C,0x1C,0x1C,0xE0,0xE0,0xE0,0xE0,0xE0,0xE0,0xE0,
    0x1C,0x1C,0x1C,0x1C,0x1C,0x1C,0xFC,0xFC,0xFC,0xFC,0xFC,0xFC,0xFC,
    0x00,0x00,0x00,0x00,0x00,0xF8,0xF8,0xF8,0xF8,0xF8,0x00,0x00,0x00,
    0x00,0x00,0x00,0x00,0x00,0xF8,0x88,0x88,0x88,0xF8,0x00,0x00,0x00,
    0x00,0x00,0x00,0x00,0x00,0x70,0x88,0x88,0x88,0x70,0x00,0x00,0x00,
    0x00,0x00,0x00,0x00,0x00,0xF8,0x88,0xA8,0x88,0xF8,0x00,0x00,0x00,
    0x00,0x00,0x00,0x00,0x00,0x00,0xF8,0x88,0xF8,0x88,0xF8,0x00,0x00,
    0x00,0x00,0x00,0x00,0x00,0x00,0xF8,0xA8,0xA8,0xA8,0xF8,0x00,0x00,
    0x00,0x00,0x00,0x00,0x00,0x00,0xF8,0xA8,0xF8,0xA8,0xF8,0x00,0x00,
    0x00,0x00,0x00,0x00,0x00,0x00,0xF8,0xC8,0xA8,0x98,0xF8,0x00,0x00,
    0x00,0x00,0x00,0x00,0x00,0x00,0xF8,0x98,0xA8,0xC8,0xF8,0x00,0x00,
    0x00,0x00,0x00,0x00,0x00,0x00,0xF8,0xD8,0xA8,0xD8,0xF8,0x00,0x00,
    0x00,0x00,0x00,0x00,0x00,0x70,0x70,0x70,0x00,0x00,0x00,0x00,0x00,
    0x00,0x00,0x00,0x00,0x00,0x70,0x50,0x70,0x00,0x00,0x00,0x00,0x00,
    0x00,0x00,0x00,0x00,0xFC,0xFC,0xFC,0xFC,0xFC,0x00,0x00,0x00,0x00,
    0x00,0x00,0x00,0x00,0xFC,0x84,0x84,0x84,0xFC,0x00,0x00,0x00,0x00,
    0x00,0x78,0x78,0x78,0x78,0x78,0x78,0x78,0x78,0x78,0x78,0x78,0x00,
    0x00,0x78,0x48,0x48,0x48,0x48,0x48,0x48,0x48,0x48,0x48,0x78,0x00,
    0x00,0x00,0x00,0x00,0x00,0x3C,0x78,0xF0,0x00,0x00,0x00,0x00,0x00,
    0x00,0x00,0x00,0x00,0x00,0x3C,0x48,0xF0,0x00,0x00,0x00,0x00,0x00,
    0x00,0x00,0x20,0x20,0x20,0x70,0x70,0x70,0xF8,0xF8,0xF8,0x00,0x00,
    0x00,0x00,0x20,0x20,0x20,0x50,0x50,0x50,0x88,0x88,0xF8,0x00,0x00,
    0x00,0x00,0x00,0x00,0x20,0x20,0x70,0x70,0xF8,0x00,0x00,0x00,0x00,
    0x00,0x00,0x00,0x00,0x20,0x20,0x50,0x50,0xF8,0x00,0x00,0x00,0x00,
    0x00,0x00,0x80,0xC0,0xE0,0xF0,0xF8,0xF0,0xE0,0xC0,0x80,0x00,0x00,
    0x00,0x00,0x80,0xC0,0xA0,0x90,0x88,0x90,0xA0,0xC0,0x80,0x00,0x00,
    0x00,0x00,0x00,0x00,0x40,0x60,0x70,0x60,0x40,0x00,0x00,0x00,0x00,
    0x00,0x00,0x00,0x00,0x40,0x60,0x50,0x60,0x40,0x00,0x00,0x00,0x00,
    0x00,0x00,0x00,0x00,0xC0,0xF0,0xFC,0xF0,0xC0,0x00,0x00,0x00,0x00,
    0x00,0x00,0x00,0x00,0xC0,0xB0,0x8C,0xB0,0xC0,0x00,0x00,0x00,0x00,
    0x00,0x00,0xF8,0xF8,0xF8,0x70,0x70,0x70,0x20,0x20,0x20,0x00,0x00,
    0x00,0x00,0xF8,0x88,0x88,0x50,0x50,0x50,0x20,0x20,0x20,0x00,0x00,
    0x00,0x00,0x00,0x00,0x00,0xF8,0x70,0x70,0x20,0x20,0x00,0x00,0x00,
    0x00,0x00,0x00,0x00,0x00,0xF8,0x50,0x50,0x20,0x20,0x00,0x00,0x00,
    0x00,0x00,0x08,0x18,0x38,0x78,0xF8,0x78,0x38,0x18,0x08,0x00,0x00,
    0x00,0x00,0x08,0x18,0x28,0x48,0x88,0x48,0x28,0x18,0x08,0x00,0x00,
    0x00,0x00,0x00,0x00,0x10,0x30,0x70,0x30,0x10,0x00,0x00,0x00,0x00,
    0x00,0x00,0x00,0x00,0x10,0x30,0x50,0x30,0x10,0x00,0x00,0x00,0x00,
    0x00,0x00,0x00,0x00,0x0C,0x3C,0xFC,0x3C,0x0C,0x00,0x00,0x00,0x00,
    0x00,0x00,0x00,0x00,0x0C,0x34,0xC4,0x34,0x0C,0x00,0x00,0x00,0x00,
    0x00,0x00,0x00,0x00,0x20,0x70,0xF8,0x70,0x20,0x00,0x00,0x00,0x00,
    0x00,0x00,0x00,0x00,0x20,0x50,0x88,0x50,0x20,0x00,0x00,0x00,0x00,
    0x00,0x00,0x00,0x00,0x20,0x50,0xA8,0x50,0x20,0x00,0x00,0x00,0x00,
    0x00,0x00,0x00,0x00,0x30,0x48,0xB4,0xB4,0x48,0x30,0x00,0x00,0x00,
    0x00,0x00,0x20,0x20,0x50,0x50,0x88,0x50,0x50,0x20,0x20,0x00,0x00,
    0x00,0x00,0x00,0x00,0x30,0x48,0x84,0x84,0x48,0x30,0x00,0x00,0x00,
    0x00,0x00,0x00,0x00,0x20,0x08,0x80,0x04,0x40,0x10,0x00,0x00,0x00,
    0x00,0x00,0x00,0x00,0x00,0x00,0x70,0xA8,0xA8,0xA8,0x70,0x00,0x00,
    0x00,0x00,0x00,0x00,0x70,0x88,0xA8,0xD8,0xA8,0x88,0x70,0x00,0x00,
    0x00,0x00,0x00,0x00,0x30,0x78,0xFC,0xFC,0x78,0x30,0x00,0x00,0x00,
    0x00,0x00,0x00,0x00,0x30,0x68,0xE4,0xE4,0x68,0x30,0x00,0x00,0x00,
    0x00,0x00,0x00,0x00,0x30,0x58,0x9C,0x9C,0x58,0x30,0x00,0x00,0x00,
    0x00,0x00,0x00,0x00,0x30,0x48,0x84,0xFC,0x78,0x30,0x00,0x00,0x00,
    0x00,0x00,0x00,0x00,0x30,0x78,0xFC,0x84,0x48,0x30,0x00,0x00,0x00,
    0x00,0x00,0x00,0x00,0x30,0x58,0x9C,0x84,0x48,0x30,0x00,0x00,0x00,
    0x00,0x00,0x00,0x00,0x30,0x58,0x9C,0xFC,0x78,0x30,0x00,0x00,0x00,
    0x00,0x04,0x1C,0x3C,0x3C,0x7C,0x7C,0x3C,0x3C,0x1C,0x04,0x00,0x00,
    0x00,0x80,0xE0,0xF0,0xF0,0xF8,0xF8,0xF0,0xF0,0xE0,0x80,0x00,0x00,
    0xFC,0xFC,0xFC,0xFC,0xFC,0xCC,0x84,0x84,0xCC,0xFC,0xFC,0xFC,0xFC,
    0xFC,0xFC,0xFC,0xFC,0xCC,0xB4,0x78,0x78,0xB4,0xCC,0xFC,0xFC,0xFC,
    0xFC,0xFC,0xFC,0xFC,0xCC,0xB4,0x78,0x00,0x00,0x00,0x00,0x00,0x00,
    0x00,0x00,0x00,0x00,0x00,0x00,0x00,0x78,0xB4,0xCC,0xFC,0xFC,0xFC,
    0x00,0x00,0x00,0x00,0x20,0x40,0x80,0x00,0x00,0x00,0x00,0x00,0x00,
    0x00,0x00,0x00,0x00,0x10,0x08,0x04,0x00,0x00,0x00,0x00,0x00,0x00,
    0x00,0x00,0x00,0x00,0x00,0x00,0x00,0x04,0x08,0x10,0x00,0x00,0x00,
    0x00,0x00,0x00,0x00,0x00,0x00,0x00,0x80,0x40,0x20,0x00,0x00,0x00,
    0x00,0x00,0x00,0x00,0x30,0x48,0x84,0x00,0x00,0x00,0x00,0x00,0x00,
    0x00,0x00,0x00,0x00,0x00,0x00,0x00,0x84,0x48,0x30,0x00,0x00,0x00,
    0x00,0x00,0x00,0x00,0x00,0x08,0x18,0x38,0x78,0xF8,0x00,0x00,0x00,
    0x00,0x00,0x00,0x00,0x00,0x80,0xC0,0xE0,0xF0,0xF8,0x00,0x00,0x00,
    0x00,0x00,0x00,0x00,0x00,0xF8,0xF0,0xE0,0xC0,0x80,0x00,0x00,0x00,
    0x00,0x00,0x00,0x00,0x00,0xF8,0x78,0x38,0x18,0x08,0x00,0x00,0x00,
    0x00,0x00,0x00,0x00,0x70,0x88,0x88,0x88,0x70,0x00,0x00,0x00,0x00,
    0x00,0x00,0x00,0x00,0x00,0xF8,0xE8,0xE8,0xE8,0xF8,0x00,0x00,0x00,
    0x00,0x00,0x00,0x00,0x00,0xF8,0xB8,0xB8,0xB8,0xF8,0x00,0x00,0x00,
    0x00,0x00,0x00,0x00,0x00,0xF8,0xF8,0xE8,0xC8,0xF8,0x00,0x00,0x00,
    0x00,0x00,0x00,0x00,0x00,0xF8,0x98,0xB8,0xF8,0xF8,0x00,0x00,0x00,
    0x00,0x00,0x00,0x00,0x00,0xF8,0xA8,0xA8,0xA8,0xF8,0x00,0x00,0x00,
    0x00,0x00,0x20,0x20,0x20,0x50,0x50,0x70,0xA8,0x88,0xF8,0x00,0x00,
    0x00,0x00,0x20,0x20,0x20,0x70,0x70,0x70,0xE8,0xE8,0xF8,0x00,0x00,
    0x00,0x00,0x20,0x20,0x20,0x70,0x70,0x70,0xB8,0xB8,0xF8,0x00,0x00,
    0x00,0x00,0x00,0x00,0x30,0x48,0x84,0x84,0x84,0x48,0x30,0x00,0x00,
    0x00,0x00,0x00,0x00,0x00,0xF8,0xA8,0xE8,0x88,0xF8,0x00,0x00,0x00,
    0x00,0x00,0x00,0x00,0x00,0xF8,0x88,0xE8,0xA8,0xF8,0x00,0x00,0x00,
    0x00,0x00,0x00,0x00,0x00,0xF8,0x88,0xB8,0xA8,0xF8,0x00,0x00,0x00,
    0x00,0x00,0x00,0x00,0x00,0xF8,0xA8,0xB8,0x88,0xF8,0x00,0x00,0x00,
    0x00,0x00,0x00,0x00,0x00,0x70,0xA8,0xE8,0x88,0x70,0x00,0x00,0x00,
    0x00,0x00,0x00,0x00,0x00,0x70,0x88,0xE8,0xA8,0x70,0x00,0x00,0x00,
    0x00,0x00,0x00,0x00,0x00,0x70,0x88,0xB8,0xA8,0x70,0x00,0x00,0x00,
    0x00,0x00,0x00,0x00,0x00,0x70,0xA8,0xB8,0x88,0x70,0x00,0x00,0x00,
    0x00,0x00,0x00,0x00,0x00,0xF8,0x90,0xA0,0xC0,0x80,0x00,0x00,0x00,
    0x00,0x00,0x00,0x00,0x00,0xF8,0x48,0x28,0x18,0x08,0x00,0x00,0x00,
    0x00,0x00,0x00,0x00,0x00,0x80,0xC0,0xA0,0x90,0xF8,0x00,0x00,0x00,
    0x00,0x00,0x00,0x00,0x00,0x78,0x48,0x48,0x78,0x00,0x00,0x00,0x00,
    0x00,0x00,0x00,0x00,0x00,0x78,0x78,0x78,0x78,0x00,0x00,0x00,0x00,
    0x00,0x00,0x00,0x00,0x00,0x78,0x48,0x48,0x78,0x00,0x00,0x00,0x00,
    0x00,0x00,0x00,0x00,0x00,0x78,0x78,0x78,0x78,0x00,0x00,0x00,0x00,
    0x00,0x00,0x00,0x00,0x00,0x08,0x18,0x28,0x48,0xF8,0x00,0x00,0x00,
    0x00,0x00,0x20,0x20,0x88,0x20,0x70,0x20,0x88,0x20,0x20,0x00,0x00,
    0x00,0x00,0x00,0x00,0x00,0x60,0xF8,0xFC,0x00,0x00,0x00,0x00,0x00,
    0x00,0x00,0x20,0x70,0xF8,0xF8,0x20,0x20,0x20,0x20,0x40,0x00,0x00,
    0xA0,0x20,0x74,0x50,0xA8,0x50,0x54,0x70,0x88,0x88,0x70,0x00,0x00,
    0x00,0x08,0x48,0x50,0x54,0x44,0x08,0x60,0x90,0x90,0x60,0x00,0x00,
    0x00,0x00,0x00,0x20,0x20,0xF8,0x70,0x70,0x88,0x00,0x00,0x00,0x00,
    0x00,0x00,0x00,0x20,0x20,0xF8,0x50,0x70,0x88,0x00,0x00,0x00,0x00,
    0x00,0x00,0x08,0x10,0x20,0x40,0x80,0x40,0x28,0x18,0x38,0x00,0x00,
    0x00,0x00,0xF8,0x88,0x90,0x90,0xA0,0xA0,0x98,0x98,0xB8,0x00,0x00,
    0x00,0x00,0x00,0x00,0x00,0x70,0x88,0xA8,0x88,0x70,0x00,0x00,0x00,
    0x00,0x00,0x00,0x00,0x70,0x88,0x88,0x50,0x50,0xA8,0x50,0x00,0x00,
    0x00,0x00,0x00,0x00,0x50,0xA8,0x50,0x50,0x88,0x88,0x70,0x00,0x00,
    0x00,0x00,0x00,0x00,0x00,0x00,0x08,0x70,0x90,0x90,0x60,0x00,0x00,
    0x00,0x00,0x30,0x48,0x48,0x30,0x20,0x60,0x90,0x90,0x60,0x00,0x00,
    0x00,0x00,0x00,0x00,0x70,0xF8,0xA8,0x70,0xF8,0xF8,0xF8,0x00,0x00,
    0x00,0x00,0x00,0x00,0x70,0xA8,0xA8,0x70,0x88,0x88,0xF8,0x00,0x00,
    0x00,0x00,0xFC,0x84,0x84,0x84,0x84,0x84,0x84,0x84,0xFC,0x00,0x00,
    0x00,0x00,0xFC,0x84,0x8C,0x8C,0x94,0x94,0xD4,0xA4,0xFC,0x00,0x00,
    0x00,0x00,0xFC,0xCC,0xCC,0xB4,0xB4,0xB4,0xCC,0xCC,0xFC,0x00,0x00,
    0x00,0x00,0x88,0x88,0x50,0x50,0x20,0x50,0x50,0x88,0x88,0x00,0x00,
    0x00,0x00,0x1E,0x12,0x12,0x12,0x12,0x12,0x12,0x12,0x1E,0x00,0x00,
    0x00,0x00,0x1E,0x12,0x12,0x12,0x12,0x12,0x12,0x12,0x1E,0x00,0x00,
    0x00,0x00,0x20,0x50,0x88,0x88,0x88,0x88,0x88,0x88,0xF8,0x00,0x00,
    0x00,0x00,0x20,0x70,0xF8,0xF8,0xF8,0xF8,0xF8,0xF8,0xF8,0x00,0x00,
    0x00,0x00,0x1E,0x12,0x12,0x12,0x12,0x12,0x12,0x12,0x1E,0x00,0x00,
    0x00,0x00,0x00,0x08,0x24,0x74,0xF8,0xE8,0xF4,0x74,0x28,0x00,0x00,
    0x00,0x00,0x00,0x00,0x00,0x00,0xFC,0x7C,0x7C,0x3C,0x00,0x00,0x00,
    0x00,0x00,0x00,0x00,0x00,0x00,0xFC,0xF8,0xF8,0xF0,0x00,0x00,0x00,
    0x00,0x00,0x00,0x00,0x00,0x00,0xFC,0x4C,0x4C,0x3C,0x00,0x00,0x00,
    0x00,0x00,0x08,0x08,0x18,0x78,0x68,0x48,0x48,0x78,0x78,0x00,0x00,
    0x00,0x00,0x00,0x00,0x00,0x00,0xFC,0xC8,0xC8,0xF0,0x00,0x00,0x00,
    0x00,0x00,0x78,0x78,0x48,0x48,0x68,0x78,0x18,0x08,0x08,0x00,0x00,
    0x00,0x00,0x70,0xA8,0xF8,0x50,0x70,0x20,0x88,0x70,0x88,0x00,0x00,
    0x00,0x00,0xF0,0x08,0x08,0x10,0x20,0x40,0x80,0x80,0x78,0x00,0x00,
    0x00,0x00,0x00,0x00,0x70,0xD8,0xD8,0xA8,0xA8,0x70,0x00,0x00,0x00,
    0x00,0x00,0x00,0x00,0x50,0xA8,0x50,0x50,0x20,0x70,0x00,0x00,0x00,
    0x00,0x00,0x20,0x50,0xF8,0x50,0x70,0x50,0x70,0x50,0x20,0x00,0x00,
    0x00,0x00,0x20,0x50,0x50,0x20,0xF8,0x20,0x20,0x20,0x20,0x00,0x00,
    0x00,0x00,0x20,0x70,0x20,0xF8,0x20,0x60,0x30,0x20,0x20,0x00,0x00,
    0x00,0x00,0x30,0x28,0x28,0x30,0xA8,0x70,0x20,0x70,0xA8,0x00,0x00,
    0x00,0x00,0x20,0x70,0x20,0xF8,0x20,0x20,0x20,0x20,0x20,0x00,0x00,
    0x00,0x00,0x00,0x70,0x20,0xA8,0xF8,0xA8,0x20,0x70,0x00,0x00,0x00,
    0x00,0x00,0x78,0xE4,0xC8,0xDC,0xC8,0xD4,0xC0,0xE4,0x78,0x00,0x00,
    0xA8,0x50,0x00,0x20,0xA8,0xA8,0xA8,0xA8,0xA8,0x70,0x70,0x00,0x00,
    0x00,0x00,0x20,0x70,0xA8,0xF8,0xA8,0xF8,0xA8,0x70,0xA8,0x00,0x00,
    0x00,0x00,0x70,0x88,0x28,0x68,0xC8,0xA8,0x18,0x48,0xB4,0x00,0x00,
    0x00,0x00,0x70,0xA8,0xA8,0xA8,0xA8,0xF8,0xA8,0xA8,0x70,0x00,0x00,
    0x00,0x00,0x00,0x00,0x00,0x78,0x84,0xEC,0xA4,0xFC,0x78,0x00,0x00,
    0x00,0x00,0x00,0xF8,0xF8,0x00,0xF8,0xF8,0x00,0xF8,0xF8,0x00,0x00,
    0x00,0x00,0x00,0xD8,0xD8,0x00,0xF8,0xF8,0x00,0xF8,0xF8,0x00,0x00,
    0x00,0x00,0x00,0xF8,0xF8,0x00,0xD8,0xD8,0x00,0xF8,0xF8,0x00,0x00,
    0x00,0x00,0x00,0xD8,0xD8,0x00,0xD8,0xD8,0x00,0xF8,0xF8,0x00,0x00,
    0x00,0x00,0x00,0xF8,0xF8,0x00,0xF8,0xF8,0x00,0xD8,0xD8,0x00,0x00,
    0x00,0x00,0x00,0xD8,0xD8,0x00,0xF8,0xF8,0x00,0xD8,0xD8,0x00,0x00,
    0x00,0x00,0x00,0xF8,0xF8,0x00,0xD8,0xD8,0x00,0xD8,0xD8,0x00,0x00,
    0x00,0x00,0x00,0xD8,0xD8,0x00,0xD8,0xD8,0x00,0xD8,0xD8,0x00,0x00,
    0x00,0x00,0x00,0x00,0x20,0xA8,0x70,0xD8,0x70,0xA8,0x20,0x00,0x00,
    0x00,0x00,0x78,0x84,0xCC,0x84,0xB4,0x84,0xB4,0xCC,0x84,0x78,0x00,
    0x00,0x00,0x78,0x84,0xCC,0x84,0xB4,0x84,0xCC,0xB4,0x84,0x78,0x00,
    0x00,0x00,0x78,0xFC,0xB4,0xFC,0xCC,0xFC,0xB4,0xCC,0x78,0x00,0x00,
    0x00,0x00,0x20,0x20,0x88,0x20,0x50,0x20,0x88,0x20,0x20,0x00,0x00,
    0x00,0x00,0x70,0xC8,0x28,0x28,0x28,0x28,0x28,0xC8,0x70,0x00,0x00,
    0x00,0x00,0x70,0x98,0xA0,0xA0,0xA0,0xA0,0xA0,0x98,0x70,0x00,0x00,
    0x00,0x00,0x88,0x70,0x88,0x88,0x88,0x70,0x20,0x70,0x20,0x00,0x00,
    0x00,0x00,0x00,0x70,0x88,0x88,0x88,0x70,0x20,0x70,0x20,0x00,0x00,
    0x00,0x00,0x00,0x20,0x70,0x20,0x70,0x88,0x88,0x88,0x70,0x00,0x00,
    0x00,0x00,0x00,0x00,0x1C,0x0C,0x74,0x88,0x88,0x88,0x70,0x00,0x00,
    0x00,0x00,0x08,0x48,0xA8,0x28,0x28,0x48,0xF8,0x08,0x08,0x00,0x00,
    0x00,0x00,0x40,0xE0,0x40,0x50,0x68,0x48,0x48,0x50,0x50,0x00,0x00,
    0x00,0x00,0x88,0xA8,0xA8,0xF8,0xA8,0xA8,0xA8,0x20,0x50,0x20,0x00,
    0x00,0x00,0xA8,0xFC,0xA8,0xA8,0xA8,0x70,0x20,0x70,0x20,0x00,0x00,
    0x00,0x00,0xF0,0x88,0x88,0x88,0xF0,0x80,0x80,0x80,0xF8,0x00,0x00,
    0x00,0x00,0x50,0xA8,0xA8,0x20,0x20,0x20,0x20,0x20,0x20,0x00,0x00,
    0x00,0x00,0x00,0x00,0x00,0x88,0x88,0x50,0x20,0x50,0x20,0x00,0x00,
    0x00,0x00,0x00,0x00,0x00,0xF8,0x50,0x50,0x50,0x50,0xF8,0x00,0x00,
    0x00,0x00,0x00,0x30,0x48,0xA0,0x40,0x10,0x28,0x90,0x60,0x00,0x00,
    0x00,0x00,0x00,0x70,0x88,0x88,0x48,0x28,0x68,0xA8,0x48,0x04,0x00,
    0x00,0x00,0xAC,0xFC,0xAC,0xAC,0xAC,0xAC,0xA8,0xA8,0xA8,0x18,0x28,
    0x00,0x00,0x00,0x00,0x70,0x88,0x50,0x50,0xD8,0x00,0xF8,0x00,0x00,
    0x00,0x00,0xA8,0xF8,0xA8,0xA8,0xA8,0xA8,0xA8,0xA8,0xA8,0x0C,0x00,
    0x00,0x00,0x00,0x00,0x00,0x38,0x18,0xA8,0x40,0xA0,0x00,0x00,0x00,
    0x00,0x00,0x00,0x80,0x90,0xA8,0xB0,0xC8,0x88,0x08,0x30,0x00,0x00,
    0x00,0x00,0x00,0x00,0x00,0x54,0xA8,0x00,0x00,0x54,0xA8,0x00,0x00,
    0x00,0x00,0x88,0x50,0x50,0x50,0xF8,0x50,0x50,0x50,0x88,0x00,0x00,
    0x20,0x70,0x70,0xA8,0xF8,0x88,0x50,0x50,0xF8,0x88,0xF8,0x00,0x00,
    0x00,0xA8,0xF8,0x88,0xF8,0x50,0x50,0x88,0xF8,0x88,0xF8,0x00,0x00,
    0x00,0x00,0x00,0xA8,0xF8,0x88,0x50,0x50,0x50,0x88,0xF8,0x00,0x00,
    0x00,0x20,0x50,0x70,0xD8,0x88,0x50,0x50,0x70,0x88,0xF8,0x00,0x00,
    0x00,0x00,0x10,0x38,0x68,0x88,0xE8,0x28,0x38,0x48,0x78,0x00,0x00,
    0x00,0x00,0x00,0x20,0x50,0x20,0x50,0x50,0x70,0x88,0xF8,0x00,0x00,
    0x20,0x70,0x70,0xA8,0xF8,0xF8,0x70,0x70,0xF8,0xF8,0xF8,0x00,0x00,
    0x00,0xA8,0xF8,0xF8,0xF8,0x70,0x70,0xF8,0xF8,0xF8,0xF8,0x00,0x00,
    0x00,0x00,0x00,0xA8,0xF8,0xF8,0x70,0x70,0x70,0xF8,0xF8,0x00,0x00,
    0x00,0x20,0x70,0x70,0xD8,0x88,0x50,0x50,0x70,0xF8,0xF8,0x00,0x00,
    0x00,0x00,0x10,0x38,0x58,0xF8,0xF8,0x38,0x38,0x78,0x78,0x00,0x00,
    0x00,0x00,0x00,0x20,0x70,0x20,0x70,0x70,0x70,0xF8,0xF8,0x00,0x00,
    0x00,0x00,0x00,0x20,0x20,0x70,0x70,0xF8,0xF8,0x20,0x70,0x00,0x00,
    0x00,0x00,0x00,0x00,0x50,0xA8,0xA8,0x88,0x50,0x20,0x20,0x00,0x00,
    0x00,0x00,0x00,0x00,0x20,0x50,0x50,0x88,0x50,0x50,0x20,0x00,0x00,
    0x00,0x00,0x20,0x70,0x20,0xA8,0xF8,0xF8,0xA8,0x20,0x70,0x00,0x00,
    0x00,0x00,0x00,0x20,0x20,0x50,0x50,0x88,0xF8,0x20,0x70,0x00,0x00,
    0x00,0x00,0x00,0x00,0x50,0xF8,0xF8,0xF8,0x70,0x20,0x20,0x00,0x00,
    0x00,0x00,0x00,0x00,0x20,0x70,0x70,0xF8,0x70,0x70,0x20,0x00,0x00,
    0x00,0x00,0x00,0x20,0x50,0x20,0x70,0xA8,0x70,0x20,0x70,0x00,0x00,
    0x00,0x00,0x00,0x90,0x48,0x90,0x48,0x00,0x50,0x88,0x70,0x00,0x00,
    0x00,0x00,0x10,0x10,0x10,0x10,0x10,0x10,0x70,0xF0,0x60,0x00,0x00,
    0x00,0x00,0x10,0x18,0x14,0x10,0x10,0x10,0x70,0xF0,0x60,0x00,0x00,
    0x00,0x00,0x40,0x60,0x50,0x48,0x48,0xC8,0xC8,0x18,0x18,0x00,0x00,
    0x00,0x00,0x40,0x60,0x50,0x68,0x58,0xC8,0xC8,0x18,0x18,0x00,0x00,
    0x00,0x00,0x80,0x80,0x80,0xB0,0xC8,0x88,0x88,0x90,0xE0,0x00,0x00,
    0x00,0x00,0x80,0x88,0x98,0xA8,0xC8,0x98,0xA8,0xC8,0x88,0x08,0x00,
    0x00,0x00,0x10,0x58,0x70,0xD0,0x50,0x58,0x70,0xD0,0x40,0x00,0x00,
    0x00,0x00,0x50,0x20,0xA8,0x70,0xA8,0x20,0x20,0x20,0x50,0x00,0x00,
    0x00,0x20,0x50,0x20,0xA8,0xD8,0xA8,0x20,0x20,0x20,0x50,0x20,0x00,
    0x00,0x00,0x00,0x30,0x08,0xC4,0x4C,0x80,0x94,0xA8,0x10,0x00,0x00,
    0x00,0x10,0x08,0xC4,0xCC,0xAC,0xA0,0xA4,0xA4,0x94,0x38,0x10,0x00,
    0x00,0x10,0x08,0xC4,0xEC,0xDC,0xB0,0xC4,0xF4,0x94,0x38,0x10,0x00,
    0x00,0x10,0x08,0xC4,0xEC,0xDC,0x90,0xB4,0xD4,0xB4,0x38,0x10,0x00,
    0x00,0x10,0x08,0xC4,0xCC,0xCC,0xD0,0xFC,0x94,0x94,0x38,0x10,0x00,
    0x00,0x10,0x08,0xC4,0xCC,0xFC,0xC0,0xE4,0x94,0xF4,0x38,0x10,0x00,
    0x00,0x10,0x08,0xC4,0xDC,0xAC,0xE0,0xD4,0xD4,0xB4,0x38,0x10,0x00,
    0x00,0x10,0x08,0xC4,0xCC,0xFC,0x90,0xA4,0xA4,0xB4,0x38,0x10,0x00,
    0x00,0x10,0x08,0xC4,0xCC,0x8C,0x80,0x84,0x84,0x94,0x38,0x10,0x00,
    0x00,0x00,0x00,0x30,0x28,0xCC,0xCC,0x80,0x94,0xB8,0x10,0x00,0x00,
    0x00,0x78,0xFC,0xCC,0xD4,0x30,0x30,0x7C,0x68,0x44,0xEC,0xFC,0x78,
    0x00,0x78,0x84,0x30,0x28,0xCC,0xCC,0x80,0x94,0xB8,0x10,0x84,0x78,
    0x00,0x00,0x1E,0x12,0x12,0x12,0x12,0x12,0x12,0x12,0x1E,0x00,0x00,
    0x00,0x00,0x1E,0x12,0x12,0x12,0x12,0x12,0x12,0x12,0x1E,0x00,0x00,
    0x00,0x00,0xF8,0x88,0x88,0x88,0xA8,0x88,0x88,0x88,0xF8,0x00,0x00,
    0x00,0x00,0xF8,0x88,0xC8,0x88,0x88,0x88,0x98,0x88,0xF8,0x00,0x00,
    0x00,0x00,0xF8,0x88,0xC8,0x88,0xA8,0x88,0x98,0x88,0xF8,0x00,0x00,
    0x00,0x00,0xF8,0x88,0xD8,0x88,0x88,0x88,0xD8,0x88,0xF8,0x00,0x00,
    0x00,0x00,0xF8,0x88,0xD8,0x88,0xA8,0x88,0xD8,0x88,0xF8,0x00,0x00,
    0x00,0x00,0xF8,0x88,0xD8,0x88,0xD8,0x88,0xD8,0x88,0xF8,0x00,0x00,
    0x00,0x00,0x00,0x00,0x00,0x70,0x88,0x98,0x88,0x70,0x00,0x00,0x00,
    0x00,0x00,0x00,0x00,0x00,0x70,0x88,0xD8,0x88,0x70,0x00,0x00,0x00,
    0x00,0x00,0x00,0x00,0x00,0x70,0xF8,0xE8,0xF8,0x70,0x00,0x00,0x00,
    0x00,0x00,0x00,0x00,0x00,0x70,0xF8,0xA8,0xF8,0x70,0x00,0x00,0x00,
    0x00,0x00,0x1E,0x12,0x12,0x12,0x12,0x12,0x12,0x12,0x1E,0x00,0x00,
    0x00,0x00,0x1E,0x12,0x12,0x12,0x12,0x12,0x12,0x12,0x1E,0x00,0x00,
    0x00,0x00,0x1E,0x12,0x12,0x12,0x12,0x12,0x12,0x12,0x1E,0x00,0x00,
    0x00,0x00,0x1E,0x12,0x12,0x12,0x12,0x12,0x12,0x12,0x1E,0x00,0x00,
    0x00,0x00,0x1E,0x12,0x12,0x12,0x12,0x12,0x12,0x12,0x1E,0x00,0x00,
    0x00,0x00,0x1E,0x12,0x12,0x12,0x12,0x12,0x12,0x12,0x1E,0x00,0x00,
    0x00,0x00,0x1E,0x12,0x12,0x12,0x12,0x12,0x12,0x12,0x1E,0x00,0x00,
    0x00,0x00,0x1E,0x12,0x12,0x12,0x12,0x12,0x12,0x12,0x1E,0x00,0x00,
    0x00,0x00,0x1E,0x12,0x12,0x12,0x12,0x12,0x12,0x12,0x1E,0x00,0x00,
    0x00,0x00,0x1E,0x12,0x12,0x12,0x12,0x12,0x12,0x12,0x1E,0x00,0x00,
    0x00,0x00,0x1E,0x12,0x12,0x12,0x12,0x12,0x12,0x12,0x1E,0x00,0x00,
    0x00,0x00,0x1E,0x12,0x12,0x12,0x12,0x12,0x12,0x12,0x1E,0x00,0x00,
    0x00,0x00,0x1E,0x12,0x12,0x12,0x12,0x12,0x12,0x12,0x1E,0x00,0x00,
    0x00,0x00,0x1E,0x12,0x12,0x12,0x12,0x12,0x12,0x12,0x1E,0x00,0x00,
    0x00,0x00,0x1E,0x12,0x12,0x12,0x12,0x12,0x12,0x12,0x1E,0x00,0x00,
    0x00,0x00,0x1E,0x12,0x12,0x12,0x12,0x12,0x12,0x12,0x1E,0x00,0x00,
    0x00,0x00,0x1E,0x12,0x12,0x12,0x12,0x12,0x12,0x12,0x1E,0x00,0x00,
    0x00,0x00,0x1E,0x12,0x12,0x12,0x12,0x12,0x12,0x12,0x1E,0x00,0x00,
    0x00,0x00,0x1E,0x12,0x12,0x12,0x12,0x12,0x12,0x12,0x1E,0x00,0x00,
    0x00,0x00,0x1E,0x12,0x12,0x12,0x12,0x12,0x12,0x12,0x1E,0x00,0x00,
    0x00,0x00,0x1E,0x12,0x12,0x12,0x12,0x12,0x12,0x12,0x1E,0x00,0x00,
    0x00,0x00,0x1E,0x12,0x12,0x12,0x12,0x12,0x12,0x12,0x1E,0x00,0x00,
    0x00,0x00,0x1E,0x12,0x12,0x12,0x12,0x12,0x12,0x12,0x1E,0x00,0x00,
    0x00,0x00,0x1E,0x12,0x12,0x12,0x12,0x12,0x12,0x12,0x1E,0x00,0x00,
    0x00,0x00,0x1E,0x12,0x12,0x12,0x12,0x12,0x12,0x12,0x1E,0x00,0x00,
    0x00,0x00,0x1E,0x12,0x12,0x12,0x12,0x12,0x12,0x12,0x1E,0x00,0x00,
    0x00,0x00,0x1E,0x12,0x12,0x12,0x12,0x12,0x12,0x12,0x1E,0x00,0x00,
    0x00,0x00,0x1E,0x12,0x12,0x12,0x12,0x12,0x12,0x12,0x1E,0x00,0x00,
    0x00,0x00,0x1E,0x12,0x12,0x12,0x12,0x12,0x12,0x12,0x1E,0x00,0x00,
    0x00,0x00,0x1E,0x12,0x12,0x12,0x12,0x12,0x12,0x12,0x1E,0x00,0x00,
    0x00,0x00,0x1E,0x12,0x12,0x12,0x12,0x12,0x12,0x12,0x1E,0x00,0x00,
    0x00,0x00,0x1E,0x12,0x12,0x12,0x12,0x12,0x12,0x12,0x1E,0x00,0x00,
    0x00,0x00,0x1E,0x12,0x12,0x12,0x12,0x12,0x12,0x12,0x1E,0x00,0x00,
    0x00,0x00,0x1E,0x12,0x12,0x12,0x12,0x12,0x12,0x12,0x1E,0x00,0x00,
    0x00,0x00,0x1E,0x12,0x12,0x12,0x12,0x12,0x12,0x12,0x1E,0x00,0x00,
    0x00,0x00,0x1E,0x12,0x12,0x12,0x12,0x12,0x12,0x12,0x1E,0x00,0x00,
    0x00,0x00,0x1E,0x12,0x12,0x12,0x12,0x12,0x12,0x12,0x1E,0x00,0x00,
    0x00,0x00,0x1E,0x12,0x12,0x12,0x12,0x12,0x12,0x12,0x1E,0x00,0x00,
    0x00,0x00,0x1E,0x12,0x12,0x12,0x12,0x12,0x12,0x12,0x1E,0x00,0x00,
    0x00,0x00,0x1E,0x12,0x12,0x12,0x12,0x12,0x12,0x12,0x1E,0x00,0x00,
    0x00,0x00,0x1E,0x12,0x12,0x12,0x12,0x12,0x12,0x12,0x1E,0x00,0x00,
    0x00,0x00,0x1E,0x12,0x12,0x12,0x12,0x12,0x12,0x12,0x1E,0x00,0x00,
    0x00,0x00,0x1E,0x12,0x12,0x12,0x12,0x12,0x12,0x12,0x1E,0x00,0x00,
    0x00,0x00,0x1E,0x12,0x12,0x12,0x12,0x12,0x12,0x12,0x1E,0x00,0x00,
    0x00,0x00,0x1E,0x12,0x12,0x12,0x12,0x12,0x12,0x12,0x1E,0x00,0x00,
    0x00,0x00,0x1E,0x12,0x12,0x12,0x12,0x12,0x12,0x12,0x1E,0x00,0x00,
    0x00,0x00,0x1E,0x12,0x12,0x12,0x12,0x12,0x12,0x12,0x1E,0x00,0x00,
    0x00,0x00,0x1E,0x12,0x12,0x12,0x12,0x12,0x12,0x12,0x1E,0x00,0x00,
    0x00,0x00,0x1E,0x12,0x12,0x12,0x12,0x12,0x12,0x12,0x1E,0x00,0x00,
    0x00,0x00,0x1E,0x12,0x12,0x12,0x12,0x12,0x12,0x12,0x1E,0x00,0x00,
    0x00,0x00,0x1E,0x12,0x12,0x12,0x12,0x12,0x12,0x12,0x1E,0x00,0x00,
    0x00,0x00,0x1E,0x12,0x12,0x12,0x12,0x12,0x12,0x12,0x1E,0x00,0x00,
    0x00,0x00,0x1E,0x12,0x12,0x12,0x12,0x12,0x12,0x12,0x1E,0x00,0x00,
    0x00,0x00,0x1E,0x12,0x12,0x12,0x12,0x12,0x12,0x12,0x1E,0x00,0x00,
    0x00,0x00,0x1E,0x12,0x12,0x12,0x12,0x12,0x12,0x12,0x1E,0x00,0x00,
    0x00,0x00,0x1E,0x12,0x12,0x12,0x12,0x12,0x12,0x12,0x1E,0x00,0x00,
    0x00,0x00,0x1E,0x12,0x12,0x12,0x12,0x12,0x12,0x12,0x1E,0x00,0x00,
    0x00,0x00,0x1E,0x12,0x12,0x12,0x12,0x12,0x12,0x12,0x1E,0x00,0x00,
    0x00,0x00,0x1E,0x12,0x12,0x12,0x12,0x12,0x12,0x12,0x1E,0x00,0x00,
    0x00,0x00,0x1E,0x12,0x12,0x12,0x12,0x12,0x12,0x12,0x1E,0x00,0x00,
    0x00,0x00,0x1E,0x12,0x12,0x12,0x12,0x12,0x12,0x12,0x1E,0x00,0x00,
    0x00,0x00,0x1E,0x12,0x12,0x12,0x12,0x12,0x12,0x12,0x1E,0x00,0x00,
    0x00,0x00,0x1E,0x12,0x12,0x12,0x12,0x12,0x12,0x12,0x1E,0x00,0x00,
    0x00,0x00,0x1E,0x12,0x12,0x12,0x12,0x12,0x12,0x12,0x1E,0x00,0x00,
    0x00,0x00,0x1E,0x12,0x12,0x12,0x12,0x12,0x12,0x12,0x1E,0x00,0x00,
    0x00,0x00,0x1E,0x12,0x12,0x12,0x12,0x12,0x12,0x12,0x1E,0x00,0x00,
    0x00,0x00,0x1E,0x12,0x12,0x12,0x12,0x12,0x12,0x12,0x1E,0x00,0x00,
    0x00,0x00,0x1E,0x12,0x12,0x12,0x12,0x12,0x12,0x12,0x1E,0x00,0x00,
    0x00,0x00,0x1E,0x12,0x12,0x12,0x12,0x12,0x12,0x12,0x1E,0x00,0x00,
    0x00,0x00,0x1E,0x12,0x12,0x12,0x12,0x12,0x12,0x12,0x1E,0x00,0x00,
    0x00,0x00,0x1E,0x12,0x12,0x12,0x12,0x12,0x12,0x12,0x1E,0x00,0x00,
    0x00,0x00,0x1E,0x12,0x12,0x12,0x12,0x12,0x12,0x12,0x1E,0x00,0x00,
    0x00,0x00,0x1E,0x12,0x12,0x12,0x12,0x12,0x12,0x12,0x1E,0x00,0x00,
    0x00,0x00,0x1E,0x12,0x12,0x12,0x12,0x12,0x12,0x12,0x1E,0x00,0x00,
    0x00,0x00,0x1E,0x12,0x12,0x12,0x12,0x12,0x12,0x12,0x1E,0x00,0x00,
    0x00,0x00,0x1E,0x12,0x12,0x12,0x12,0x12,0x12,0x12,0x1E,0x00,0x00,
    0x00,0x00,0x1E,0x12,0x12,0x12,0x12,0x12,0x12,0x12,0x1E,0x00,0x00,
    0x00,0x00,0x1E,0x12,0x12,0x12,0x12,0x12,0x12,0x12,0x1E,0x00,0x00,
    0x00,0x00,0x1E,0x12,0x12,0x12,0x12,0x12,0x12,0x12,0x1E,0x00,0x00,
    0x00,0x00,0x1E,0x12,0x12,0x12,0x12,0x12,0x12,0x12,0x1E,0x00,0x00,
    0x00,0x00,0x1E,0x12,0x12,0x12,0x12,0x12,0x12,0x12,0x1E,0x00,0x00,
    0x00,0x00,0x1E,0x12,0x12,0x12,0x12,0x12,0x12,0x12,0x1E,0x00,0x00,
    0x00,0x00,0x1E,0x12,0x12,0x12,0x12,0x12,0x12,0x12,0x1E,0x00,0x00,
    0x00,0x00,0x1E,0x12,0x12,0x12,0x12,0x12,0x12,0x12,0x1E,0x00,0x00,
    0x00,0x00,0x1E,0x12,0x12,0x12,0x12,0x12,0x12,0x12,0x1E,0x00,0x00,
    0x00,0x00,0x1E,0x12,0x12,0x12,0x12,0x12,0x12,0x12,0x1E,0x00,0x00,
    0x00,0x00,0x1E,0x12,0x12,0x12,0x12,0x12,0x12,0x12,0x1E,0x00,0x00,
    0x00,0x00,0x1E,0x12,0x12,0x12,0x12,0x12,0x12,0x12,0x1E,0x00,0x00,
    0x00,0x00,0x1E,0x12,0x12,0x12,0x12,0x12,0x12,0x12,0x1E,0x00,0x00,
    0x00,0x00,0x1E,0x12,0x12,0x12,0x12,0x12,0x12,0x12,0x1E,0x00,0x00,
    0x00,0x00,0x1E,0x12,0x12,0x12,0x12,0x12,0x12,0x12,0x1E,0x00,0x00,
    0x00,0x00,0x1E,0x12,0x12,0x12,0x12,0x12,0x12,0x12,0x1E,0x00,0x00,
    0x00,0x00,0x1E,0x12,0x12,0x12,0x12,0x12,0x12,0x12,0x1E,0x00,0x00,
    0x00,0x00,0x1E,0x12,0x12,0x12,0x12,0x12,0x12,0x12,0x1E,0x00,0x00,
    0x00,0x00,0x1E,0x12,0x12,0x12,0x12,0x12,0x12,0x12,0x1E,0x00,0x00,
    0x00,0x00,0x1E,0x12,0x12,0x12,0x12,0x12,0x12,0x12,0x1E,0x00,0x00,
    0x00,0x00,0x1E,0x12,0x12,0x12,0x12,0x12,0x12,0x12,0x1E,0x00,0x00,
    0x00,0x00,0x1E,0x12,0x12,0x12,0x12,0x12,0x12,0x12,0x1E,0x00,0x00,
    0x00,0x00,0x1E,0x12,0x12,0x12,0x12,0x12,0x12,0x12,0x1E,0x00,0x00,
    0x00,0x00,0x1E,0x12,0x12,0x12,0x12,0x12,0x12,0x12,0x1E,0x00,0x00,
    0x00,0x00,0x1E,0x12,0x12,0x12,0x12,0x12,0x12,0x12,0x1E,0x00,0x00,
    0x00,0x00,0x1E,0x12,0x12,0x12,0x12,0x12,0x12,0x12,0x1E,0x00,0x00,
    0x00,0x00,0x1E,0x12,0x12,0x12,0x12,0x12,0x12,0x12,0x1E,0x00,0x00,
    0x00,0x00,0x1E,0x12,0x12,0x12,0x12,0x12,0x12,0x12,0x1E,0x00,0x00,
    0x00,0x00,0x1E,0x12,0x12,0x12,0x12,0x12,0x12,0x12,0x1E,0x00,0x00,
    0x00,0x00,0x1E,0x12,0x12,0x12,0x12,0x12,0x12,0x12,0x1E,0x00,0x00,
    0x00,0x00,0x1E,0x12,0x12,0x12,0x12,0x12,0x12,0x12,0x1E,0x00,0x00,
    0x00,0x00,0x1E,0x12,0x12,0x12,0x12,0x12,0x12,0x12,0x1E,0x00,0x00,
    0x00,0x00,0x1E,0x12,0x12,0x12,0x12,0x12,0x12,0x12,0x1E,0x00,0x00,
    0x00,0x00,0x1E,0x12,0x12,0x12,0x12,0x12,0x12,0x12,0x1E,0x00,0x00,
    0x00,0x00,0x1E,0x12,0x12,0x12,0x12,0x12,0x12,0x12,0x1E,0x00,0x00,
    0x00,0x00,0x1E,0x12,0x12,0x12,0x12,0x12,0x12,0x12,0x1E,0x00,0x00,
    0x00,0x00,0x1E,0x12,0x12,0x12,0x12,0x12,0x12,0x12,0x1E,0x00,0x00,
    0x00,0x00,0x1E,0x12,0x12,0x12,0x12,0x12,0x12,0x12,0x1E,0x00,0x00,
    0x00,0x00,0x1E,0x12,0x12,0x12,0x12,0x12,0x12,0x12,0x1E,0x00,0x00,
    0x00,0x00,0x1E,0x12,0x12,0x12,0x12,0x12,0x12,0x12,0x1E,0x00,0x00,
    0x00,0x00,0x1E,0x12,0x12,0x12,0x12,0x12,0x12,0x12,0x1E,0x00,0x00,
    0x00,0x00,0x1E,0x12,0x12,0x12,0x12,0x12,0x12,0x12,0x1E,0x00,0x00,
};

_Static_assert(sizeof(font6x13_regular) == 2016 * 13, "font6x13_regular size");

const uint8_t font6x13_bold[] = {
    0x00,0x00,0x1E,0x12,0x12,0x12,0x12,0x12,0x12,0x12,0x1E,0x00,0x00,
    0x00,0x00,0x00,0x00,0x00,0x00,0x00,0x00,0x00,0x00,0x00,0x00,0x00,
    0x00,0x00,0x30,0x30,0x30,0x30,0x30,0x30,0x30,0x00,0x30,0x00,0x00,
    0x00,0x00,0xD8,0xD8,0xD8,0x00,0x00,0x00,0x00,0x00,0x00,0x00,0x00,
    0x00,0x00,0x00,0x78,0x78,0xFC,0x78,0xFC,0x78,0x78,0x00,0x00,0x00,
    0x00,0x00,0x00,0x30,0x78,0xF0,0x78,0x3C,0x78,0x30,0x00,0x00,0x00,
    0x00,0x00,0x6C,0xFC,0x78,0x18,0x30,0x60,0x78,0xFC,0xD8,0x00,0x00,
    0x00,0x00,0x00,0x00,0x60,0xF0,0xF0,0x60,0xFC,0xD8,0x7C,0x00,0x00,
    0x00,0x00,0x30,0x30,0x30,0x00,0x00,0x00,0x00,0x00,0x00,0x00,0x00,
    0x00,0x18,0x30,0x30,0x60,0x60,0x60,0x60,0x60,0x30,0x30,0x18,0x00,
    0x00,0x60,0x30,0x30,0x18,0x18,0x18,0x18,0x18,0x30,0x30,0x60,0x00,
    0x00,0x00,0x00,0x00,0xCC,0x78,0xFC,0x78,0xCC,0x00,0x00,0x00,0x00,
    0x00,0x00,0x00,0x00,0x30,0x30,0xFC,0x30,0x30,0x00,0x00,0x00,0x00,
    0x00,0x00,0x00,0x00,0x00,0x00,0x00,0x00,0x00,0x38,0x30,0x60,0x00,
    0x00,0x00,0x00,0x00,0x00,0x00,0xFC,0x00,0x00,0x00,0x00,0x00,0x00,
    0x00,0x00,0x00,0x00,0x00,0x00,0x00,0x00,0x00,0x30,0x78,0x30,0x00,
    0x00,0x00,0x0C,0x0C,0x18,0x18,0x30,0x60,0x60,0xC0,0xC0,0x00,0x00,
    0x00,0x00,0x30,0x78,0xCC,0xCC,0xCC,0xCC,0xCC,0x78,0x30,0x00,0x00,
    0x00,0x00,0x30,0x70,0xF0,0x30,0x30,0x30,0x30,0x30,0xFC,0x00,0x00,
    0x00,0x00,0x78,0xCC,0xCC,0x0C,0x18,0x30,0x60,0xC0,0xFC,0x00,0x00,
    0x00,0x00,0xFC,0x0C,0x18,0x30,0x78,0x0C,0x0C,0xCC,0x78,0x00,0x00,
    0x00,0x00,0x18,0x18,0x38,0x78,0x58,0xD8,0xFC,0x18,0x18,0x00,0x00,
    0x00,0x00,0xFC,0xC0,0xC0,0xF8,0xEC,0x0C,0x0C,0xCC,0x78,0x00,0x00,
    0x00,0x00,0x38,0x60,0xC0,0xC0,0xF8,0xEC,0xCC,0xCC,0x78,0x00,0x00,
    0x00,0x00,0xFC,0x0C,0x18,0x18,0x30,0x30,0x60,0x60,0x60,0x00,0x00,
    0x00,0x00,0x78,0xCC,0xCC,0xCC,0x78,0xCC,0xCC,0xCC,0x78,0x00,0x00,
    0x00,0x00,0x78,0xCC,0xCC,0xDC,0x7C,0x0C,0x0C,0x18,0x70,0x00,0x00,
    0x00,0x00,0x00,0x30,0x78,0x30,0x00,0x00,0x30,0x78,0x30,0x00,0x00,
    0x00,0x00,0x00,0x00,0x30,0x78,0x30,0x00,0x00,0x38,0x30,0x60,0x00,
    0x00,0x00,0x0C,0x18,0x30,0x60,0xC0,0x60,0x30,0x18,0x0C,0x00,0x00,
    0x00,0x00,0x00,0x00,0x00,0xFC,0x00,0x00,0xFC,0x00,0x00,0x00,0x00,
    0x00,0x00,0xC0,0x60,0x30,0x18,0x0C,0x18,0x30,0x60,0xC0,0x00,0x00,
    0x00,0x00,0x78,0xCC,0xCC,0x0C,0x18,0x30,0x30,0x00,0x30,0x00,0x00,
    0x00,0x00,0x78,0xCC,0xCC,0xDC,0xFC,0xFC,0xF8,0xC0,0x7C,0x00,0x00,
    0x00,0x00,0x30,0x78,0xCC,0xCC,0xCC,0xFC,0xCC,0xCC,0xCC,0x00,0x00,
    0x00,0x00,0xF8,0x6C,0x6C,0x6C,0x78,0x6C,0x6C,0x6C,0xF8,0x00,0x00,
    0x00,0x00,0x78,0xCC,0xC0,0xC0,0xC0,0xC0,0xC0,0xCC,0x78,0x00,0x00,
    0x00,0x00,0xF8,0x6C,0x6C,0x6C,0x6C,0x6C,0x6C,0x6C,0xF8,0x00,0x00,
    0x00,0x00,0xFC,0xC0,0xC0,0xC0,0xF8,0xC0,0xC0,0xC0,0xFC,0x00,0x00,
    0x00,0x00,0xFC,0xC0,0xC0,0xC0,0xF8,0xC0,0xC0,0xC0,0xC0,0x00,0x00,
    0x00,0x00,0x78,0xCC,0xC0,0xC0,0xC0,0xDC,0xCC,0xCC,0x78,0x00,0x00,
    0x00,0x00,0xCC,0xCC,0xCC,0xCC,0xFC,0xCC,0xCC,0xCC,0xCC,0x00,0x00,
    0x00,0x00,0x78,0x30,0x30,0x30,0x30,0x30,0x30,0x30,0x78,0x00,0x00,
    0x00,0x00,0x3C,0x0C,0x0C,0x0C,0x0C,0x0C,0x0C,0xCC,0x78,0x00,0x00,
    0x00,0x00,0xCC,0xCC,0xD8,0xF0,0xE0,0xF0,0xD8,0xCC,0xCC,0x00,0x00,
    0x00,0x00,0xC0,0xC0,0xC0,0xC0,0xC0,0xC0,0xC0,0xC0,0xFC,0x00,0x00,
    0x00,0x00,0xCC,0xCC,0xFC,0xFC,0xFC,0xCC,0xCC,0xCC,0xCC,0x00,0x00,
    0x00,0x00,0xCC,0xEC,0xEC,0xFC,0xFC,0xDC,0xDC,0xCC,0xCC,0x00,0x00,
    0x00,0x00,0x78,0xCC,0xCC,0xCC,0xCC,0xCC,0xCC,0xCC,0x78,0x00,0x00,
    0x00,0x00,0xF8,0xCC,0xCC,0xCC,0xF8,0xC0,0xC0,0xC0,0xC0,0x00,0x00,
    0x00,0x00,0x78,0xCC,0xCC,0xCC,0xCC,0xCC,0xCC,0xFC,0x78,0x0C,0x00,
    0x00,0x00,0xF8,0xCC,0xCC,0xCC,0xF8,0xF0,0xD8,0xCC,0xCC,0x00,0x00,
    0x00,0x00,0x78,0xCC,0xC0,0xC0,0x78,0x0C,0x0C,0xCC,0x78,0x00,0x00,
    0x00,0x00,0xFC,0x30,0x30,0x30,0x30,0x30,0x30,0x30,0x30,0x00,0x00,
    0x00,0x00,0xCC,0xCC,0xCC,0xCC,0xCC,0xCC,0xCC,0xCC,0x78,0x00,0x00,
    0x00,0x00,0xCC,0xCC,0xCC,0xCC,0x78,0x78,0x78,0x30,0x30,0x00,0x00,
    0x00,0x00,0xCC,0xCC,0xCC,0xCC,0xFC,0xFC,0xFC,0xFC,0xCC,0x00,0x00,
    0x00,0x00,0xCC,0xCC,0x78,0x78,0x30,0x78,0x78,0xCC,0xCC,0x00,0x00,
    0x00,0x00,0xCC,0xCC,0x78,0x78,0x30,0x30,0x30,0x30,0x30,0x00,0x00,
    0x00,0x00,0xFC,0x0C,0x18,0x18,0x30,0x60,0x60,0xC0,0xFC,0x00,0x00,
    0x00,0x78,0x60,0x60,0x60,0x60,0x60,0x60,0x60,0x60,0x60,0x78,0x00,
    0x00,0x00,0xC0,0xC0,0x60,0x60,0x30,0x18,0x18,0x0C,0x0C,0x00,0x00,
    0x00,0x78,0x18,0x18,0x18,0x18,0x18,0x18,0x18,0x18,0x18,0x78,0x00,
    0x00,0x00,0x30,0x78,0xCC,0x00,0x00,0x00,0x00,0x00,0x00,0x00,0x00,
    0x00,0x00,0x00,0x00,0x00,0x00,0x00,0x00,0x00,0x00,0x00,0xFC,0x00,
    0x00,0x60,0x30,0x00,0x00,0x00,0x00,0x00,0x00,0x00,0x00,0x00,0x00,
    0x00,0x00,0x00,0x00,0x00,0x78,0x0C,0x7C,0xCC,0xDC,0x6C,0x00,0x00,
    0x00,0x00,0xC0,0xC0,0xC0,0xD8,0xEC,0xCC,0xCC,0xEC,0xD8,0x00,0x00,
    0x00,0x00,0x00,0x00,0x00,0x78,0xCC,0xC0,0xC0,0xCC,0x78,0x00,0x00,
    0x00,0x00,0x0C,0x0C,0x0C,0x6C,0xDC,0xCC,0xCC,0xDC,0x6C,0x00,0x00,
    0x00,0x00,0x00,0x00,0x00,0x78,0xCC,0xFC,0xC0,0xC0,0x78,0x00,0x00,
    0x00,0x00,0x38,0x6C,0x60,0x60,0xF8,0x60,0x60,0x60,0x60,0x00,0x00,
    0x00,0x00,0x00,0x00,0x00,0x7C,0xD8,0xD8,0x70,0xC0,0x78,0xCC,0x78,
    0x00,0x00,0xC0,0xC0,0xC0,0xD8,0xEC,0xCC,0xCC,0xCC,0xCC,0x00,0x00,
    0x00,0x00,0x30,0x30,0x00,0x70,0x30,0x30,0x30,0x30,0x78,0x00,0x00,
    0x00,0x00,0x18,0x18,0x00,0x38,0x18,0x18,0x18,0x18,0xD8,0xD8,0x70,
    0x00,0x00,0xC0,0xC0,0xC0,0xD8,0xF0,0xE0,0xF0,0xD8,0xCC,0x00,0x00,
    0x00,0x00,0x70,0x30,0x30,0x30,0x30,0x30,0x30,0x30,0x78,0x00,0x00,
    0x00,0x00,0x00,0x00,0x00,0xF8,0xFC,0xFC,0xFC,0xFC,0xCC,0x00,0x00,
    0x00,0x00,0x00,0x00,0x00,0xD8,0xEC,0xCC,0xCC,0xCC,0xCC,0x00,0x00,
    0x00,0x00,0x00,0x00,0x00,0x78,0xCC,0xCC,0xCC,0xCC,0x78,0x00,0x00,
    0x00,0x00,0x00,0x00,0x00,0xD8,0xEC,0xCC,0xEC,0xD8,0xC0,0xC0,0xC0,
    0x00,0x00,0x00,0x00,0x00,0x6C,0xDC,0xCC,0xDC,0x6C,0x0C,0x0C,0x0C,
    0x00,0x00,0x00,0x00,0x00,0xD8,0xEC,0xC0,0xC0,0xC0,0xC0,0x00,0x00,
    0x00,0x00,0x00,0x00,0x00,0x78,0xCC,0x70,0x18,0xCC,0x78,0x00,0x00,
    0x00,0x00,0x00,0x60,0x60,0xF8,0x60,0x60,0x60,0x6C,0x38,0x00,0x00,
    0x00,0x00,0x00,0x00,0x00,0xCC,0xCC,0xCC,0xCC,0xDC,0x6C,0x00,0x00,
    0x00,0x00,0x00,0x00,0x00,0xCC,0xCC,0xCC,0x78,0x78,0x30,0x00,0x00,
    0x00,0x00,0x00,0x00,0x00,0xCC,0xCC,0xFC,0xFC,0xFC,0x48,0x00,0x00,
    0x00,0x00,0x00,0x00,0x00,0xCC,0x78,0x30,0x30,0x78,0xCC,0x00,0x00,
    0x00,0x00,0x00,0x00,0x00,0xCC,0xCC,0xCC,0xDC,0x6C,0x0C,0xCC,0x78,
    0x00,0x00,0x00,0x00,0x00,0xFC,0x18,0x30,0x60,0xC0,0xFC,0x00,0x00,
    0x00,0x38,0x60,0x60,0x60,0x30,0xE0,0x30,0x60,0x60,0x60,0x38,0x00,
    0x00,0x00,0x30,0x30,0x30,0x30,0x30,0x30,0x30,0x30,0x30,0x00,0x00,
    0x00,0xE0,0x30,0x30,0x30,0x60,0x38,0x60,0x30,0x30,0x30,0xE0,0x00,
    0x00,0x00,0x68,0xF8,0x90,0x00,0x00,0x00,0x00,0x00,0x00,0x00,0x00,
    0x00,0x00,0x00,0x00,0x00,0x00,0x00,0x00,0x00,0x00,0x00,0x00,0x00,
    0x00,0x30,0x30,0x00,0x30,0x30,0x30,0x30,0x30,0x30,0x30,0x00,0x00,
    0x00,0x00,0x10,0x78,0xD4,0xD0,0xD0,0xD4,0x78,0x10,0x00,0x00,0x00,
    0x00,0x00,0x38,0x6C,0x60,0x60,0xF8,0x60,0x60,0x64,0xF8,0x00,0x00,
    0x00,0x00,0x00,0x00,0xCC,0xFC,0x48,0x48,0xFC,0xCC,0x00,0x00,0x00,
    0x00,0x00,0xCC,0xCC,0x78,0x78,0xFC,0x30,0xFC,0x30,0x30,0x00,0x00,
    0x00,0x30,0x30,0x30,0x30,0x00,0x00,0x30,0x30,0x30,0x30,0x00,0x00,
    0x00,0x78,0xCC,0xC0,0x78,0xCC,0xCC,0x78,0x0C,0xCC,0x78,0x00,0x00,
    0x00,0x00,0xCC,0xCC,0x00,0x00,0x00,0x00,0x00,0x00,0x00,0x00,0x00,
    0x00,0x00,0x78,0xCC,0xB4,0xEC,0xE4,0xEC,0xB4,0xCC,0x78,0x00,0x00,
    0x00,0x00,0xF8,0x0C,0xFC,0x8C,0xFC,0x00,0xFC,0x00,0x00,0x00,0x00,
    0x00,0x00,0x00,0x34,0x68,0xD0,0xA0,0xD0,0x68,0x34,0x00,0x00,0x00,
    0x00,0x00,0x00,0x00,0x00,0xFC,0xFC,0x04,0x04,0x00,0x00,0x00,0x00,
    0x00,0x00,0x00,0x00,0x00,0x00,0x78,0x00,0x00,0x00,0x00,0x00,0x00,
    0x00,0x00,0x78,0xCC,0xBC,0xAC,0xBC,0xB4,0xAC,0xCC,0x78,0x00,0x00,
    0x00,0x00,0xF8,0xF8,0x00,0x00,0x00,0x00,0x00,0x00,0x00,0x00,0x00,
    0x00,0x00,0x78,0xCC,0xCC,0x78,0x00,0x00,0x00,0x00,0x00,0x00,0x00,
    0x00,0x00,0x30,0x30,0xFC,0xFC,0x30,0x30,0x00,0xFC,0xFC,0x00,0x00,
    0x00,0xE0,0xB0,0x30,0x60,0xC0,0xF0,0x00,0x00,0x00,0x00,0x00,0x00,
    0x00,0xE0,0xB0,0x60,0x30,0xB0,0xE0,0x00,0x00,0x00,0x00,0x00,0x00,
    0x00,0x30,0x60,0x00,0x00,0x00,0x00,0x00,0x00,0x00,0x00,0x00,0x00,
    0x00,0x00,0x00,0x00,0x00,0xCC,0xCC,0xCC,0xCC,0xCC,0xFC,0x80,0x80,
    0x00,0x00,0x7C,0xFC,0xF4,0xF4,0xF4,0x74,0x34,0x34,0x34,0x00,0x00,
    0x00,0x00,0x00,0x00,0x00,0x30,0x30,0x00,0x00,0x00,0x00,0x00,0x00,
    0x00,0x00,0x00,0x00,0x00,0x00,0x00,0x00,0x00,0x00,0x00,0x30,0x60,
    0x00,0x60,0xE0,0x60,0x60,0x60,0xF0,0x00,0x00,0x00,0x00,0x00,0x00,
    0x00,0x70,0xF8,0x88,0xF8,0x70,0x00,0xF8,0x00,0x00,0x00,0x00,0x00,
    0x00,0x00,0x00,0xB0,0x58,0x2C,0x14,0x2C,0x58,0xB0,0x00,0x00,0x00,
    0x00,0x60,0xE0,0x60,0x60,0x64,0xFC,0x1C,0x34,0x3C,0x0C,0x00,0x00,
    0x00,0x60,0xE0,0x60,0x60,0x78,0xEC,0x0C,0x18,0x30,0x3C,0x00,0x00,
    0x00,0xE0,0xB0,0x60,0x30,0xB4,0xEC,0x1C,0x34,0x3C,0x0C,0x00,0x00,
    0x00,0x30,0x30,0x00,0x30,0x30,0x60,0xC0,0xCC,0xCC,0x78,0x00,0x00,
    0x00,0x60,0x30,0x00,0x30,0x78,0xCC,0xCC,0xFC,0xCC,0xCC,0x00,0x00,
    0x00,0x18,0x30,0x00,0x30,0x78,0xCC,0xCC,0xFC,0xCC,0xCC,0x00,0x00,
    0x00,0x38,0x6C,0x00,0x30,0x78,0xCC,0xCC,0xFC,0xCC,0xCC,0x00,0x00,
    0x00,0x34,0x58,0x00,0x30,0x78,0xCC,0xCC,0xFC,0xCC,0xCC,0x00,0x00,
    0x00,0xCC,0xCC,0x00,0x30,0x78,0xCC,0xCC,0xFC,0xCC,0xCC,0x00,0x00,
    0x00,0x30,0x48,0x78,0x30,0x78,0xCC,0xCC,0xFC,0xCC,0xCC,0x00,0x00,
    0x00,0x00,0x7C,0xB0,0xB0,0xB0,0xB8,0xF0,0xF0,0xB0,0xBC,0x00,0x00,
    0x00,0x00,0x78,0xCC,0xC0,0xC0,0xC0,0xC0,0xC0,0xCC,0x78,0x30,0x60,
    0x00,0x60,0x30,0x00,0xFC,0xC0,0xC0,0xF8,0xC0,0xC0,0xFC,0x00,0x00,
    0x00,0x18,0x30,0x00,0xFC,0xC0,0xC0,0xF8,0xC0,0xC0,0xFC,0x00,0x00,
    0x00,0x38,0x6C,0x00,0xFC,0xC0,0xC0,0xF8,0xC0,0xC0,0xFC,0x00,0x00,
    0x00,0xCC,0xCC,0x00,0xFC,0xC0,0xC0,0xF8,0xC0,0xC0,0xFC,0x00,0x00,
    0x00,0x60,0x30,0x00,0x78,0x30,0x30,0x30,0x30,0x30,0x78,0x00,0x00,
    0x00,0x18,0x30,0x00,0x78,0x30,0x30,0x30,0x30,0x30,0x78,0x00,0x00,
    0x00,0x70,0xD8,0x00,0x78,0x30,0x30,0x30,0x30,0x30,0x78,0x00,0x00,
    0x00,0xCC,0xCC,0x00,0x78,0x30,0x30,0x30,0x30,0x30,0x78,0x00,0x00,
    0x00,0x00,0xF8,0x6C,0x6C,0x6C,0xEC,0x6C,0x6C,0x6C,0xF8,0x00,0x00,
    0x00,0x34,0x58,0x00,0xCC,0xEC,0xEC,0xFC,0xDC,0xDC,0xCC,0x00,0x00,
    0x00,0x60,0x30,0x00,0x78,0xCC,0xCC,0xCC,0xCC,0xCC,0x78,0x00,0x00,
    0x00,0x18,0x30,0x00,0x78,0xCC,0xCC,0xCC,0xCC,0xCC,0x78,0x00,0x00,
    0x00,0x38,0x6C,0x00,0x78,0xCC,0xCC,0xCC,0xCC,0xCC,0x78,0x00,0x00,
    0x00,0x34,0x58,0x00,0x78,0xCC,0xCC,0xCC,0xCC,0xCC,0x78,0x00,0x00,
    0x00,0xCC,0xCC,0x00,0x78,0xCC,0xCC,0xCC,0xCC,0xCC,0x78,0x00,0x00,
    0x00,0x00,0x00,0x00,0x00,0xCC,0x78,0x30,0x78,0xCC,0x00,0x00,0x00,
    0x00,0x00,0x00,0x04,0x78,0xDC,0xDC,0xCC,0xEC,0xEC,0x78,0x80,0x00,
    0x00,0x60,0x30,0x00,0xCC,0xCC,0xCC,0xCC,0xCC,0xCC,0x78,0x00,0x00,
    0x00,0x18,0x30,0x00,0xCC,0xCC,0xCC,0xCC,0xCC,0xCC,0x78,0x00,0x00,
    0x00,0x38,0x6C,0x00,0xCC,0xCC,0xCC,0xCC,0xCC,0xCC,0x78,0x00,0x00,
    0x00,0x6C,0x6C,0x00,0xCC,0xCC,0xCC,0xCC,0xCC,0xCC,0x78,0x00,0x00,
    0x00,0x18,0x30,0x00,0xCC,0x48,0x78,0x30,0x30,0x30,0x30,0x00,0x00,
    0x00,0x00,0xC0,0xF8,0xCC,0xCC,0xCC,0xF8,0xC0,0xC0,0xC0,0x00,0x00,
    0x00,0x00,0x00,0x78,0xCC,0xCC,0xF8,0xCC,0xCC,0xCC,0xF8,0x80,0x00,
    0x00,0x00,0x60,0x30,0x00,0x78,0x0C,0x7C,0xCC,0xDC,0x6C,0x00,0x00,
    0x00,0x00,0x18,0x30,0x00,0x78,0x0C,0x7C,0xCC,0xDC,0x6C,0x00,0x00,
    0x00,0x00,0x38,0x6C,0x00,0x78,0x0C,0x7C,0xCC,0xDC,0x6C,0x00,0x00,
    0x00,0x00,0x34,0x58,0x00,0x78,0x0C,0x7C,0xCC,0xDC,0x6C,0x00,0x00,
    0x00,0x00,0x6C,0x6C,0x00,0x78,0x0C,0x7C,0xCC,0xDC,0x6C,0x00,0x00,
    0x00,0x38,0x28,0x38,0x00,0x78,0x0C,0x7C,0xCC,0xDC,0x6C,0x00,0x00,
    0x00,0x00,0x00,0x00,0x00,0x78,0x34,0x78,0xB0,0xB4,0x68,0x00,0x00,
    0x00,0x00,0x00,0x00,0x00,0x78,0xCC,0xC0,0xC0,0xCC,0x78,0x30,0x60,
    0x00,0x00,0x60,0x30,0x00,0x78,0xCC,0xFC,0xC0,0xC0,0x78,0x00,0x00,
    0x00,0x00,0x18,0x30,0x00,0x78,0xCC,0xFC,0xC0,0xC0,0x78,0x00,0x00,
    0x00,0x00,0x38,0x6C,0x00,0x78,0xCC,0xFC,0xC0,0xC0,0x78,0x00,0x00,
    0x00,0x00,0x6C,0x6C,0x00,0x78,0xCC,0xFC,0xC0,0xC0,0x78,0x00,0x00,
    0x00,0x00,0x60,0x30,0x00,0x70,0x30,0x30,0x30,0x30,0x78,0x00,0x00,
    0x00,0x00,0x18,0x30,0x00,0x70,0x30,0x30,0x30,0x30,0x78,0x00,0x00,
    0x00,0x00,0x70,0xD8,0x00,0x70,0x30,0x30,0x30,0x30,0x78,0x00,0x00,
    0x00,0x00,0xD8,0xD8,0x00,0x70,0x30,0x30,0x30,0x30,0x78,0x00,0x00,
    0x00,0xD8,0x70,0xF0,0x98,0x78,0xCC,0xCC,0xCC,0xCC,0x78,0x00,0x00,
    0x00,0x00,0x34,0x58,0x00,0xD8,0xEC,0xCC,0xCC,0xCC,0xCC,0x00,0x00,
    0x00,0x00,0x60,0x30,0x00,0x78,0xCC,0xCC,0xCC,0xCC,0x78,0x00,0x00,
    0x00,0x00,0x18,0x30,0x00,0x78,0xCC,0xCC,0xCC,0xCC,0x78,0x00,0x00,
    0x00,0x00,0x38,0x6C,0x00,0x78,0xCC,0xCC,0xCC,0xCC,0x78,0x00,0x00,
    0x00,0x00,0x34,0x58,0x00,0x78,0xCC,0xCC,0xCC,0xCC,0x78,0x00,0x00,
    0x00,0x00,0xCC,0xCC,0x00,0x78,0xCC,0xCC,0xCC,0xCC,0x78,0x00,0x00,
    0x00,0x00,0x00,0x30,0x30,0x00,0xFC,0x00,0x30,0x30,0x00,0x00,0x00,
    0x00,0x00,0x00,0x04,0x78,0xCC,0xDC,0xCC,0xEC,0xCC,0x78,0x80,0x00,
    0x00,0x00,0x60,0x30,0x00,0xCC,0xCC,0xCC,0xCC,0xDC,0x6C,0x00,0x00,
    0x00,0x00,0x18,0x30,0x00,0xCC,0xCC,0xCC,0xCC,0xDC,0x6C,0x00,0x00,
    0x00,0x00,0x38,0x6C,0x00,0xCC,0xCC,0xCC,0xCC,0xDC,0x6C,0x00,0x00,
    0x00,0x00,0xCC,0xCC,0x00,0xCC,0xCC,0xCC,0xCC,0xDC,0x6C,0x00,0x00,
    0x00,0x00,0x18,0x30,0x00,0xCC,0xCC,0xCC,0xDC,0x6C,0x0C,0xCC,0x78,
    0x00,0x00,0x00,0xC0,0xC0,0xD8,0xEC,0xCC,0xEC,0xD8,0xC0,0xC0,0xC0,
    0x00,0x00,0xCC,0xCC,0x00,0xCC,0xCC,0xCC,0xDC,0x6C,0x0C,0xCC,0x78,
    0x00,0x00,0x1E,0x12,0x12,0x12,0x12,0x12,0x12,0x12,0x1E,0x00,0x00,
    0x00,0x00,0x1E,0x12,0x12,0x12,0x12,0x12,0x12,0x12,0x1E,0x00,0x00,
    0x00,0x00,0x1E,0x12,0x12,0x12,0x12,0x12,0x12,0x12,0x1E,0x00,0x00,
    0x00,0x00,0x1E,0x12,0x12,0x12,0x12,0x12,0x12,0x12,0x1E,0x00,0x00,
    0x00,0x00,0x30,0x60,0x00,0x00,0x00,0x00,0x00,0x00,0x00,0x00,0x00,
    0x00,0x00,0x00,0x00,0x00,0x00,0x00,0x00,0x00,0x00,0x00,0x30,0x60,
    0x00,0x00,0x1E,0x12,0x12,0x12,0x12,0x12,0x12,0x12,0x1E,0x00,0x00,
    0x00,0x00,0x1E,0x12,0x12,0x12,0x12,0x12,0x12,0x12,0x1E,0x00,0x00,
    0x00,0x00,0x1E,0x12,0x12,0x12,0x12,0x12,0x12,0x12,0x1E,0x00,0x00,
    0x00,0x00,0x1E,0x12,0x12,0x12,0x12,0x12,0x12,0x12,0x1E,0x00,0x00,
    0x00,0x00,0x00,0x00,0x00,0x00,0x00,0x00,0x00,0x00,0x00,0x60,0x70,
    0x00,0x00,0x1E,0x12,0x12,0x12,0x12,0x12,0x12,0x12,0x1E,0x00,0x00,
    0x00,0x00,0x1E,0x12,0x12,0x12,0x12,0x12,0x12,0x12,0x1E,0x00,0x00,
    0x00,0x00,0x1E,0x12,0x12,0x12,0x12,0x12,0x12,0x12,0x1E,0x00,0x00,
    0x00,0x00,0x00,0x00,0x30,0x78,0x30,0x00,0x00,0x38,0x30,0x60,0x00,
    0x00,0x00,0x1E,0x12,0x12,0x12,0x12,0x12,0x12,0x12,0x1E,0x00,0x00,
    0x00,0x00,0x1E,0x12,0x12,0x12,0x12,0x12,0x12,0x12,0x1E,0x00,0x00,
    0x00,0x00,0x1E,0x12,0x12,0x12,0x12,0x12,0x12,0x12,0x1E,0x00,0x00,
    0x00,0x00,0x1E,0x12,0x12,0x12,0x12,0x12,0x12,0x12,0x1E,0x00,0x00,
    0x00,0x00,0x1E,0x12,0x12,0x12,0x12,0x12,0x12,0x12,0x1E,0x00,0x00,
    0x00,0x00,0x30,0x60,0x00,0x00,0x00,0x00,0x00,0x00,0x00,0x00,0x00,
    0x00,0x00,0x9C,0xB4,0x00,0x00,0x00,0x00,0x00,0x00,0x00,0x00,0x00,
    0x00,0x00,0x90,0xB8,0x6C,0x6C,0x6C,0x7C,0x6C,0x6C,0x6C,0x00,0x00,
    0x00,0x00,0x00,0x00,0x00,0x30,0x30,0x00,0x00,0x00,0x00,0x00,0x00,
    0x00,0x00,0xFC,0xE0,0x60,0x60,0x78,0x60,0x60,0x60,0x7C,0x00,0x00,
    0x00,0x00,0xEC,0xEC,0x6C,0x6C,0x7C,0x6C,0x6C,0x6C,0x6C,0x00,0x00,
    0x00,0x00,0xF8,0xB0,0x30,0x30,0x30,0x30,0x30,0x30,0x78,0x00,0x00,
    0x00,0x00,0x1E,0x12,0x12,0x12,0x12,0x12,0x12,0x12,0x1E,0x00,0x00,
    0x00,0x00,0xB8,0xEC,0x6C,0x6C,0x6C,0x6C,0x6C,0x6C,0x38,0x00,0x00,
    0x00,0x00,0x1E,0x12,0x12,0x12,0x12,0x12,0x12,0x12,0x1E,0x00,0x00,
    0x00,0x00,0xA4,0xA4,0x3C,0x3C,0x18,0x18,0x18,0x18,0x18,0x00,0x00,
    0x00,0x00,0xB8,0xEC,0x6C,0x6C,0x6C,0x6C,0x28,0x28,0x6C,0x00,0x00,
    0x00,0x00,0x9C,0xB4,0x00,0x30,0x30,0x30,0x30,0x3C,0x18,0x00,0x00,
    0x00,0x00,0x30,0x78,0xCC,0xCC,0xCC,0xFC,0xCC,0xCC,0xCC,0x00,0x00,
    0x00,0x00,0xF8,0xCC,0xCC,0xCC,0xF8,0xCC,0xCC,0xCC,0xF8,0x00,0x00,
    0x00,0x00,0xFC,0xC0,0xC0,0xC0,0xC0,0xC0,0xC0,0xC0,0xC0,0x00,0x00,
    0x00,0x00,0x30,0x30,0x78,0x78,0x78,0xCC,0xCC,0xCC,0xFC,0x00,0x00,
    0x00,0x00,0xFC,0xC0,0xC0,0xC0,0xF8,0xC0,0xC0,0xC0,0xFC,0x00,0x00,
    0x00,0x00,0xFC,0x0C,0x18,0x18,0x30,0x60,0x60,0xC0,0xFC,0x00,0x00,
    0x00,0x00,0xCC,0xCC,0xCC,0xCC,0xFC,0xCC,0xCC,0xCC,0xCC,0x00,0x00,
    0x00,0x00,0x78,0xCC,0xCC,0xCC,0xFC,0xCC,0xCC,0xCC,0x78,0x00,0x00,
    0x00,0x00,0x78,0x30,0x30,0x30,0x30,0x30,0x30,0x30,0x78,0x00,0x00,
    0x00,0x00,0xCC,0xCC,0xD8,0xF0,0xE0,0xF0,0xD8,0xCC,0xCC,0x00,0x00,
    0x00,0x00,0x30,0x30,0x78,0x78,0x78,0xCC,0xCC,0xCC,0xCC,0x00,0x00,
    0x00,0x00,0xCC,0xCC,0xFC,0xFC,0xFC,0xCC,0xCC,0xCC,0xCC,0x00,0x00,
    0x00,0x00,0xCC,0xEC,0xEC,0xFC,0xFC,0xDC,0xDC,0xCC,0xCC,0x00,0x00,
    0x00,0x00,0xFC,0x00,0x00,0x00,0x78,0x00,0x00,0x00,0xFC,0x00,0x00,
    0x00,0x00,0x78,0xCC,0xCC,0xCC,0xCC,0xCC,0xCC,0xCC,0x78,0x00,0x00,
    0x00,0x00,0xFC,0xCC,0xCC,0xCC,0xCC,0xCC,0xCC,0xCC,0xCC,0x00,0x00,
    0x00,0x00,0xF8,0xCC,0xCC,0xCC,0xF8,0xC0,0xC0,0xC0,0xC0,0x00,0x00,
    0x00,0x00,0x1E,0x12,0x12,0x12,0x12,0x12,0x12,0x12,0x1E,0x00,0x00,
    0x00,0x00,0xFC,0xC0,0x60,0x30,0x30,0x60,0xC0,0xC0,0xFC,0x00,0x00,
    0x00,0x00,0xFC,0x30,0x30,0x30,0x30,0x30,0x30,0x30,0x30,0x00,0x00,
    0x00,0x00,0xCC,0xCC,0x78,0x78,0x30,0x30,0x30,0x30,0x30,0x00,0x00,
    0x00,0x00,0x30,0x78,0xFC,0xB4,0xB4,0xB4,0xFC,0x78,0x30,0x00,0x00,
    0x00,0x00,0xCC,0xCC,0x78,0x78,0x30,0x78,0x78,0xCC,0xCC,0x00,0x00,
    0x00,0x00,0xCC,0xCC,0xFC,0xFC,0xFC,0xFC,0x78,0x30,0x30,0x00,0x00,
    0x00,0x00,0x78,0xCC,0xCC,0xCC,0xCC,0xCC,0x48,0x48,0xCC,0x00,0x00,
    0x00,0xCC,0xCC,0x00,0x78,0x30,0x30,0x30,0x30,0x30,0x78,0x00,0x00,
    0x00,0xCC,0xCC,0x00,0xCC,0x48,0x78,0x30,0x30,0x30,0x30,0x00,0x00,
    0x00,0x18,0x30,0x00,0x00,0x78,0xCC,0xCC,0xCC,0xDC,0x6C,0x00,0x00,
    0x00,0x00,0x18,0x30,0x00,0x78,0xCC,0x70,0xC0,0xCC,0x78,0x00,0x00,
    0x00,0x00,0x18,0x30,0x00,0xF8,0xEC,0xCC,0xCC,0xCC,0xCC,0x0C,0x0C,
    0x00,0x00,0x30,0x60,0x00,0x60,0x60,0x60,0x60,0x78,0x30,0x00,0x00,
    0x00,0x00,0x9C,0xB4,0x00,0xCC,0xCC,0xCC,0xCC,0xFC,0x78,0x00,0x00,
    0x00,0x00,0x00,0x00,0x00,0x78,0xCC,0xCC,0xCC,0xDC,0x6C,0x00,0x00,
    0x00,0x00,0x70,0xD8,0xD8,0xF8,0xCC,0xCC,0xCC,0xEC,0xF8,0xC0,0xC0,
    0x00,0x00,0x00,0x00,0x00,0xCC,0xCC,0xCC,0x78,0x78,0x30,0x30,0x30,
    0x00,0x00,0x78,0xCC,0x60,0x78,0xCC,0xCC,0xCC,0xCC,0x78,0x00,0x00,
    0x00,0x00,0x00,0x00,0x00,0x78,0xCC,0x70,0xC0,0xCC,0x78,0x00,0x00,
    0x00,0x00,0xFC,0x30,0x60,0x60,0xC0,0xC0,0xC0,0xC0,0x78,0x0C,0x38,
    0x00,0x00,0x00,0x00,0x00,0xF8,0xEC,0xCC,0xCC,0xCC,0xCC,0x0C,0x0C,
    0x00,0x00,0x70,0xD8,0xD8,0xD8,0xF8,0xD8,0xD8,0xD8,0x70,0x00,0x00,
    0x00,0x00,0x00,0x00,0x00,0x60,0x60,0x60,0x60,0x78,0x30,0x00,0x00,
    0x00,0x00,0x00,0x00,0x00,0xCC,0xD8,0xF0,0xF0,0xD8,0xCC,0x00,0x00,
    0x00,0x00,0x78,0xCC,0x0C,0x7C,0xDC,0xCC,0xCC,0xCC,0xCC,0x00,0x00,
    0x00,0x00,0x00,0x00,0x00,0xCC,0xCC,0xCC,0xCC,0xDC,0xFC,0xC0,0xC0,
    0x00,0x00,0x00,0x00,0x00,0xCC,0xCC,0xCC,0x78,0x78,0x30,0x00,0x00,
    0x00,0x00,0xFC,0x30,0x60,0x60,0x38,0x60,0xC0,0xC0,0x78,0x0C,0x38,
    0x00,0x00,0x00,0x00,0x00,0x78,0xCC,0xCC,0xCC,0xCC,0x78,0x00,0x00,
    0x00,0x00,0x00,0x00,0x00,0xFC,0xCC,0xCC,0xCC,0xCC,0xCC,0x00,0x00,
    0x00,0x00,0x00,0x00,0x00,0x78,0xCC,0xCC,0xCC,0xEC,0xF8,0xC0,0xC0,
    0x00,0x00,0x00,0x00,0x00,0x78,0xCC,0xC0,0xC0,0xC0,0x78,0x0C,0x38,
    0x00,0x00,0x00,0x00,0x00,0x7C,0xD8,0xCC,0xCC,0xCC,0x78,0x00,0x00,
    0x00,0x00,0x00,0x00,0x00,0xFC,0x30,0x30,0x30,0x3C,0x18,0x00,0x00,
    0x00,0x00,0x00,0x00,0x00,0xCC,0xCC,0xCC,0xCC,0xCC,0x78,0x00,0x00,
    0x00,0x00,0x00,0x00,0x00,0x78,0xFC,0xB4,0xB4,0xFC,0x78,0x30,0x30,
    0x00,0x00,0x00,0x00,0x00,0xCC,0xCC,0x78,0x30,0x30,0x78,0xCC,0xCC,
    0x00,0x00,0x00,0x00,0x00,0xCC,0xCC,0xFC,0xFC,0xFC,0x78,0x30,0x30,
    0x00,0x00,0x00,0x00,0x00,0xCC,0xCC,0xFC,0xFC,0xFC,0x78,0x00,0x00,
    0x00,0x00,0xCC,0xCC,0x00,0x30,0x30,0x30,0x30,0x3C,0x18,0x00,0x00,
    0x00,0x00,0xCC,0xCC,0x00,0xCC,0xCC,0xCC,0xCC,0xCC,0x78,0x00,0x00,
    0x00,0x00,0x18,0x30,0x00,0x78,0xCC,0xCC,0xCC,0xCC,0x78,0x00,0x00,
    0x00,0x00,0x18,0x30,0x00,0xCC,0xCC,0xCC,0xCC,0xCC,0x78,0x00,0x00,
    0x00,0x00,0x18,0x30,0x00,0xCC,0xCC,0xFC,0xFC,0xFC,0x78,0x00,0x00,
    0x00,0x00,0x1E,0x12,0x12,0x12,0x12,0x12,0x12,0x12,0x1E,0x00,0x00,
    0x00,0x00,0x70,0xD8,0xD8,0xF8,0xCC,0xCC,0xCC,0xCC,0x78,0x00,0x00,
    0x00,0x00,0x70,0xD8,0xD8,0x7C,0x18,0xD8,0xD8,0xD8,0x70,0x00,0x00,
    0x00,0x00,0x48,0xFC,0xB4,0x30,0x30,0x30,0x30,0x30,0x30,0x00,0x00,
    0x00,0x00,0x48,0xFC,0xB4,0x30,0xB0,0xB0,0x30,0x30,0x30,0x00,0x00,
    0x00,0xCC,0xCC,0x00,0x48,0xFC,0xB4,0x30,0x30,0x30,0x30,0x00,0x00,
    0x00,0x00,0x00,0x30,0x30,0x78,0xFC,0xB4,0xB4,0xFC,0x78,0x30,0x30,
    0x00,0x00,0x00,0x00,0x00,0xFC,0xCC,0xFC,0xFC,0xFC,0x78,0x00,0x00,
    0x00,0x00,0x18,0x30,0x00,0xCC,0x78,0x70,0x60,0xF4,0xDC,0x0C,0x38,
    0x00,0x00,0x70,0x88,0x88,0x88,0x88,0x88,0x88,0x88,0x70,0x20,0x20,
    0x00,0x00,0x00,0x00,0x00,0x70,0x88,0x88,0x88,0x88,0x70,0x20,0x20,
    0x00,0x00,0x38,0x6C,0xC0,0xC0,0xC0,0xC0,0xC0,0x78,0x0C,0x18,0x00,
    0x00,0x00,0x00,0x00,0x0C,0x78,0xC0,0xC0,0xC0,0xC0,0x78,0x0C,0x38,
    0x00,0x00,0xFC,0xC0,0xC0,0xC0,0xF8,0xC0,0xC0,0xC0,0xC0,0x00,0x00,
    0x00,0x00,0x00,0x00,0x00,0xF8,0xC0,0xC0,0xF0,0xC0,0xC0,0xC0,0xC0,
    0x00,0x00,0xC0,0xCC,0xDC,0xDC,0xFC,0xEC,0xEC,0xCC,0x0C,0x00,0x00,
    0x00,0x00,0x60,0x60,0x60,0xC0,0xC0,0xFC,0x0C,0x0C,0x18,0x18,0x18,
    0x00,0x00,0x30,0x30,0x78,0x78,0x78,0xCC,0xDC,0xDC,0xDC,0x00,0x00,
    0x00,0x00,0xE0,0x30,0x18,0x38,0x6C,0x5C,0x3C,0x2C,0x0C,0x0C,0x0C,
    0x00,0x00,0xA8,0xA8,0xA8,0xA8,0xA8,0xA8,0xA8,0x78,0x08,0xF0,0x00,
    0x00,0x00,0x00,0x00,0x00,0xA8,0xA8,0xA8,0xA8,0x78,0x08,0xF0,0x00,
    0x00,0x00,0x48,0xA8,0x88,0x88,0x88,0x78,0x08,0x08,0x08,0x00,0x00,
    0x00,0x00,0x00,0x00,0x00,0x48,0xA8,0x88,0x78,0x08,0x08,0x00,0x00,
    0x00,0x00,0x80,0x80,0x80,0xB0,0xC8,0x88,0x88,0x88,0x08,0xF0,0x00,
    0x00,0x00,0x20,0x20,0x20,0x70,0xA8,0xA8,0x48,0x08,0xF0,0x00,0x00,
    0x00,0x00,0x70,0x88,0x48,0x10,0x20,0x40,0x88,0x88,0x70,0x00,0x00,
    0x00,0x00,0x00,0x00,0x70,0x88,0x88,0x88,0x70,0x80,0x78,0x00,0x00,
    0x00,0x00,0x50,0xA8,0x20,0x50,0x50,0x50,0x88,0x88,0xF8,0x00,0x00,
    0x00,0x00,0x00,0x00,0x00,0x50,0xA8,0x20,0x50,0x88,0xF8,0x00,0x00,
    0x00,0x00,0x08,0x70,0x80,0xB0,0xC8,0x88,0x88,0x88,0x70,0x00,0x00,
    0x00,0x00,0x00,0x00,0x08,0x70,0x80,0xB0,0xC8,0x88,0x70,0x00,0x00,
    0x00,0x00,0x70,0x20,0xF8,0xA8,0x20,0x20,0x20,0x20,0x70,0x00,0x00,
    0x00,0x00,0x20,0x30,0x20,0xF8,0xA0,0x20,0x20,0x20,0x20,0x60,0x20,
    0x00,0x00,0x00,0x00,0x00,0xCC,0x78,0x70,0x60,0xF0,0xDC,0x00,0x00,
    0x00,0x00,0x00,0x00,0x00,0x78,0xCC,0xCC,0xCC,0xEC,0xF8,0xC0,0x78,
    0x00,0x00,0x00,0x00,0x00,0x78,0xC4,0xC0,0xC0,0xC4,0x78,0x00,0x00,
    0x00,0x00,0x00,0x18,0x00,0x38,0x18,0x18,0x18,0x18,0xD8,0xD8,0x70,
    0x00,0x00,0x78,0xCC,0xCC,0xCC,0xFC,0xCC,0xCC,0xCC,0x78,0x00,0x00,
    0x00,0x00,0x00,0x00,0x00,0x78,0xC0,0xF0,0xC0,0xC0,0x78,0x00,0x00,
    0x00,0x00,0x00,0x00,0x00,0x70,0x08,0x38,0x08,0x08,0x70,0x00,0x00,
    0x00,0x00,0x1E,0x12,0x12,0x12,0x12,0x12,0x12,0x12,0x1E,0x00,0x00,
    0x00,0x00,0x1E,0x12,0x12,0x12,0x12,0x12,0x12,0x12,0x1E,0x00,0x00,
    0x00,0x00,0x1E,0x12,0x12,0x12,0x12,0x12,0x12,0x12,0x1E,0x00,0x00,
    0x00,0x00,0x1E,0x12,0x12,0x12,0x12,0x12,0x12,0x12,0x1E,0x00,0x00,
    0x00,0x00,0x1E,0x12,0x12,0x12,0x12,0x12,0x12,0x12,0x1E,0x00,0x00,
    0x00,0x00,0x1E,0x12,0x12,0x12,0x12,0x12,0x12,0x12,0x1E,0x00,0x00,
    0x00,0x00,0x1E,0x12,0x12,0x12,0x12,0x12,0x12,0x12,0x1E,0x00,0x00,
    0x00,0x00,0x1E,0x12,0x12,0x12,0x12,0x12,0x12,0x12,0x1E,0x00,0x00,
    0x00,0x00,0x1E,0x12,0x12,0x12,0x12,0x12,0x12,0x12,0x1E,0x00,0x00,
    0x00,0x40,0x20,0x00,0xF8,0x80,0x80,0xF0,0x80,0x80,0xF8,0x00,0x00,
    0x00,0xCC,0xCC,0x00,0xFC,0xC0,0xC0,0xF8,0xC0,0xC0,0xFC,0x00,0x00,
    0x00,0x00,0xF8,0x60,0x60,0x78,0x6C,0x6C,0x6C,0x6C,0x6C,0x0C,0x18,
    0x00,0x30,0x60,0x00,0xFC,0xC0,0xC0,0xC0,0xC0,0xC0,0xC0,0x00,0x00,
    0x00,0x00,0x3C,0x60,0xC0,0xC0,0xF8,0xC0,0xC0,0x60,0x3C,0x00,0x00,
    0x00,0x00,0x78,0xCC,0xC0,0xC0,0x78,0x0C,0x0C,0xCC,0x78,0x00,0x00,
    0x00,0x00,0x78,0x30,0x30,0x30,0x30,0x30,0x30,0x30,0x78,0x00,0x00,
    0x00,0xCC,0xCC,0x00,0xFC,0x30,0x30,0x30,0x30,0x30,0xFC,0x00,0x00,
    0x00,0x00,0x3C,0x0C,0x0C,0x0C,0x0C,0x0C,0x0C,0xCC,0x78,0x00,0x00,
    0x00,0x00,0x70,0x50,0x50,0x58,0xDC,0xD4,0x94,0x9C,0x98,0x00,0x00,
    0x00,0x00,0x90,0x90,0x90,0xF8,0xFC,0x94,0x94,0x9C,0x98,0x00,0x00,
    0x00,0x00,0xF8,0x60,0x60,0x78,0x6C,0x6C,0x6C,0x6C,0x6C,0x00,0x00,
    0x18,0x30,0x00,0xCC,0xD8,0xF0,0xE0,0xF0,0xD8,0xCC,0xCC,0x00,0x00,
    0x00,0x40,0x20,0x00,0x88,0x98,0x98,0xA8,0xC8,0xC8,0x88,0x00,0x00,
    0x00,0x44,0x38,0x00,0xCC,0xCC,0xCC,0x7C,0x0C,0xCC,0x78,0x00,0x00,
    0x00,0x00,0xCC,0xCC,0xCC,0xCC,0xCC,0xCC,0xCC,0xCC,0xFC,0x30,0x30,
    0x00,0x00,0x30,0x78,0xCC,0xCC,0xCC,0xFC,0xCC,0xCC,0xCC,0x00,0x00,
    0x00,0x00,0xF8,0xC0,0xC0,0xC0,0xF8,0xCC,0xCC,0xCC,0xF8,0x00,0x00,
    0x00,0x00,0xF8,0xCC,0xCC,0xCC,0xF8,0xCC,0xCC,0xCC,0xF8,0x00,0x00,
    0x00,0x00,0xFC,0xC0,0xC0,0xC0,0xC0,0xC0,0xC0,0xC0,0xC0,0x00,0x00,
    0x00,0x00,0x3C,0x6C,0x6C,0x6C,0x6C,0x6C,0x6C,0x6C,0xFC,0x84,0x00,
    0x00,0x00,0xFC,0xC0,0xC0,0xC0,0xF8,0xC0,0xC0,0xC0,0xFC,0x00,0x00,
    0x00,0x00,0xB4,0xB4,0xB4,0xFC,0x30,0xFC,0xB4,0xB4,0xB4,0x00,0x00,
    0x00,0x00,0x78,0xCC,0x0C,0x0C,0x38,0x0C,0x0C,0xCC,0x78,0x00,0x00,
    0x00,0x00,0xCC,0xDC,0xDC,0xFC,0xFC,0xEC,0xEC,0xCC,0xCC,0x00,0x00,
    0x00,0x44,0x38,0x00,0xCC,0xCC,0xDC,0xFC,0xEC,0xCC,0xCC,0x00,0x00,
    0x00,0x00,0xCC,0xCC,0xD8,0xF0,0xE0,0xF0,0xD8,0xCC,0xCC,0x00,0x00,
    0x00,0x00,0x3C,0x6C,0x6C,0x6C,0x6C,0x6C,0x6C,0xCC,0xCC,0x00,0x00,
    0x00,0x00,0xCC,0xCC,0xFC,0xFC,0xFC,0xCC,0xCC,0xCC,0xCC,0x00,0x00,
    0x00,0x00,0xCC,0xCC,0xCC,0xCC,0xFC,0xCC,0xCC,0xCC,0xCC,0x00,0x00,
    0x00,0x00,0x78,0xCC,0xCC,0xCC,0xCC,0xCC,0xCC,0xCC,0x78,0x00,0x00,
    0x00,0x00,0xFC,0xCC,0xCC,0xCC,0xCC,0xCC,0xCC,0xCC,0xCC,0x00,0x00,
    0x00,0x00,0xF8,0xCC,0xCC,0xCC,0xCC,0xF8,0xC0,0xC0,0xC0,0x00,0x00,
    0x00,0x00,0x78,0xCC,0xC0,0xC0,0xC0,0xC0,0xC0,0xCC,0x78,0x00,0x00,
    0x00,0x00,0xFC,0x30,0x30,0x30,0x30,0x30,0x30,0x30,0x30,0x00,0x00,
    0x00,0x00,0xCC,0xCC,0xCC,0xCC,0xCC,0x7C,0x0C,0x0C,0x78,0x00,0x00,
    0x00,0x00,0x78,0x30,0x78,0xB4,0xB4,0xB4,0x78,0x30,0x78,0x00,0x00,
    0x00,0x00,0xCC,0xCC,0x78,0x78,0x30,0x78,0x78,0xCC,0xCC,0x00,0x00,
    0x00,0x00,0xD8,0xD8,0xD8,0xD8,0xD8,0xD8,0xD8,0xD8,0xFC,0x0C,0x0C,
    0x00,0x00,0xCC,0xCC,0xCC,0xCC,0x7C,0x0C,0x0C,0x0C,0x0C,0x00,0x00,
    0x00,0x00,0xAC,0xAC,0xAC,0xAC,0xAC,0xAC,0xAC,0xAC,0xFC,0x00,0x00,
    0x00,0x00,0xAC,0xAC,0xAC,0xAC,0xAC,0xAC,0xAC,0xAC,0xFC,0x0C,0x0C,
    0x00,0x00,0xE0,0xE0,0x60,0x60,0x78,0x6C,0x6C,0x6C,0x78,0x00,0x00,
    0x00,0x00,0xCC,0xCC,0xCC,0xEC,0xDC,0xDC,0xDC,0xDC,0xEC,0x00,0x00,
    0x00,0x00,0xC0,0xC0,0xC0,0xC0,0xF8,0xCC,0xCC,0xCC,0xF8,0x00,0x00,
    0x00,0x00,0xF0,0x18,0x0C,0x0C,0x7C,0x0C,0x0C,0x18,0xF0,0x00,0x00,
    0x00,0x00,0x98,0xBC,0xA4,0xE4,0xE4,0xE4,0xA4,0xBC,0x98,0x00,0x00,
    0x00,0x00,0x7C,0xCC,0xCC,0xCC,0x7C,0x3C,0x6C,0xCC,0xCC,0x00,0x00,
    0x00,0x00,0x00,0x00,0x00,0x78,0x0C,0x7C,0xCC,0xDC,0x7C,0x00,0x00,
    0x00,0x00,0x00,0x78,0xC0,0xC0,0xF8,0xCC,0xCC,0xCC,0x78,0x00,0x00,
    0x00,0x00,0x00,0x00,0x00,0xF8,0xCC,0xF8,0xCC,0xCC,0xF8,0x00,0x00,
    0x00,0x00,0x00,0x00,0x00,0xFC,0xC0,0xC0,0xC0,0xC0,0xC0,0x00,0x00,
    0x00,0x00,0x00,0x00,0x00,0x3C,0x6C,0x6C,0x6C,0x6C,0xFC,0x84,0x00,
    0x00,0x00,0x00,0x00,0x00,0x78,0xCC,0xFC,0xC0,0xCC,0x78,0x00,0x00,
    0x00,0x00,0x00,0x00,0x00,0xB4,0xB4,0x78,0x78,0xB4,0xB4,0x00,0x00,
    0x00,0x00,0x00,0x00,0x00,0x78,0xCC,0x18,0x0C,0xCC,0x78,0x00,0x00,
    0x00,0x00,0x00,0x00,0x00,0xCC,0xCC,0xDC,0xEC,0xCC,0xCC,0x00,0x00,
    0x00,0x00,0x44,0x38,0x00,0xCC,0xCC,0xDC,0xEC,0xCC,0xCC,0x00,0x00,
    0x00,0x00,0x00,0x00,0x00,0xCC,0xD8,0xF0,0xD8,0xCC,0xCC,0x00,0x00,
    0x00,0x00,0x00,0x00,0x00,0x3C,0x6C,0x6C,0x6C,0x6C,0xCC,0x00,0x00,
    0x00,0x00,0x00,0x00,0x00,0xCC,0xFC,0xFC,0xFC,0xCC,0xCC,0x00,0x00,
    0x00,0x00,0x00,0x00,0x00,0xCC,0xCC,0xFC,0xCC,0xCC,0xCC,0x00,0x00,
    0x00,0x00,0x00,0x00,0x00,0x78,0xCC,0xCC,0xCC,0xCC,0x78,0x00,0x00,
    0x00,0x00,0x00,0x00,0x00,0xFC,0xCC,0xCC,0xCC,0xCC,0xCC,0x00,0x00,
    0x00,0x00,0x00,0x00,0x00,0xF8,0xCC,0xCC,0xCC,0xF8,0xC0,0xC0,0xC0,
    0x00,0x00,0x00,0x00,0x00,0x78,0xCC,0xC0,0xC0,0xCC,0x78,0x00,0x00,
    0x00,0x00,0x00,0x00,0x00,0xFC,0xB4,0x30,0x30,0x30,0x30,0x00,0x00,
    0x00,0x00,0x00,0x00,0x00,0xCC,0xCC,0xCC,0xDC,0x6C,0x0C,0xCC,0x78,
    0x00,0x00,0x30,0x30,0x30,0x78,0xB4,0xB4,0xB4,0x78,0x30,0x30,0x30,
    0x00,0x00,0x00,0x00,0x00,0xCC,0x78,0x30,0x78,0xCC,0xCC,0x00,0x00,
    0x00,0x00,0x00,0x00,0x00,0xD8,0xD8,0xD8,0xD8,0xD8,0xFC,0x0C,0x0C,
    0x00,0x00,0x00,0x00,0x00,0xCC,0xCC,0xCC,0x7C,0x0C,0x0C,0x00,0x00,
    0x00,0x00,0x00,0x00,0x00,0xAC,0xAC,0xAC,0xAC,0xAC,0xFC,0x00,0x00,
    0x00,0x00,0x00,0x00,0x00,0xAC,0xAC,0xAC,0xAC,0xAC,0xFC,0x0C,0x0C,
    0x00,0x00,0x00,0x00,0x00,0xE0,0x60,0x78,0x6C,0x6C,0x78,0x00,0x00,
    0x00,0x00,0x00,0x00,0x00,0x8C,0x8C,0xEC,0xBC,0xBC,0xEC,0x00,0x00,
    0x00,0x00,0x00,0x00,0x00,0xC0,0xC0,0xF8,0xCC,0xCC,0xF8,0x00,0x00,
    0x00,0x00,0x00,0x00,0x00,0xF0,0x18,0x78,0x18,0x18,0xF0,0x00,0x00,
    0x00,0x00,0x00,0x00,0x00,0x98,0xBC,0xE4,0xE4,0xBC,0x98,0x00,0x00,
    0x00,0x00,0x00,0x00,0x00,0x7C,0xCC,0xCC,0x7C,0x6C,0xCC,0x00,0x00,
    0x00,0x00,0x40,0x20,0x00,0x70,0x88,0xF8,0x80,0x88,0x70,0x00,0x00,
    0x00,0x00,0xCC,0xCC,0x00,0x78,0xCC,0xFC,0xC0,0xCC,0x78,0x00,0x00,
    0x00,0x00,0x60,0xF8,0x60,0x78,0x6C,0x6C,0x6C,0x6C,0x6C,0x0C,0x18,
    0x00,0x00,0x30,0x60,0x00,0xFC,0xC0,0xC0,0xC0,0xC0,0xC0,0x00,0x00,
    0x00,0x00,0x00,0x00,0x00,0x78,0xC0,0xF0,0xC0,0xC0,0x78,0x00,0x00,
    0x00,0x00,0x00,0x00,0x00,0x78,0xCC,0x70,0x18,0xCC,0x78,0x00,0x00,
    0x00,0x00,0x30,0x30,0x00,0x70,0x30,0x30,0x30,0x30,0x78,0x00,0x00,
    0x00,0x00,0xCC,0xCC,0x00,0x70,0x30,0x30,0x30,0x30,0x78,0x00,0x00,
    0x00,0x00,0x18,0x18,0x00,0x38,0x18,0x18,0x18,0x18,0xD8,0xD8,0x70,
    0x00,0x00,0x00,0x00,0x00,0xF0,0xD0,0xD8,0xD4,0xD4,0xD8,0x00,0x00,
    0x00,0x00,0x00,0x00,0x00,0xD0,0xD0,0xF8,0xD4,0xD4,0xD8,0x00,0x00,
    0x00,0x00,0x60,0xF8,0x60,0x78,0x6C,0x6C,0x6C,0x6C,0x6C,0x00,0x00,
    0x00,0x00,0x30,0x60,0x00,0xCC,0xD8,0xF0,0xD8,0xCC,0xCC,0x00,0x00,
    0x00,0x00,0x40,0x20,0x00,0x88,0x88,0x98,0xA8,0xC8,0x88,0x00,0x00,
    0x00,0x00,0x44,0x38,0x00,0xCC,0xCC,0xCC,0xDC,0x6C,0x0C,0xCC,0x78,
    0x00,0x00,0x00,0x00,0x00,0xCC,0xCC,0xCC,0xCC,0xCC,0xFC,0x30,0x30,
    0x00,0x00,0x48,0xCC,0x84,0x84,0xB4,0xB4,0xFC,0xFC,0x48,0x00,0x00,
    0x00,0x00,0x00,0x00,0x00,0x48,0x84,0xB4,0xB4,0xFC,0x48,0x00,0x00,
    0x00,0x00,0x60,0xF8,0x60,0x60,0x78,0x6C,0x6C,0x6C,0x78,0x00,0x00,
    0x00,0x00,0x60,0x60,0x60,0xF0,0x60,0x78,0x6C,0x6C,0x78,0x00,0x00,
    0x00,0x00,0xCC,0xD8,0xD8,0xD8,0xFC,0xD8,0xD8,0xD8,0xCC,0x00,0x00,
    0x00,0x00,0x00,0x00,0x00,0xCC,0xD8,0xFC,0xD8,0xD8,0xCC,0x00,0x00,
    0x00,0x00,0x30,0x30,0x78,0x48,0x48,0xFC,0xB4,0xB4,0xB4,0x00,0x00,
    0x00,0x00,0x00,0x00,0x00,0x30,0x78,0x48,0xFC,0xB4,0xB4,0x00,0x00,
    0x00,0x00,0xC8,0xC8,0xC8,0xDC,0xFC,0xD4,0xDC,0xD4,0xD4,0x00,0x00,
    0x00,0x00,0x00,0x00,0x00,0xC8,0xC8,0xFC,0xD4,0xDC,0xD4,0x00,0x00,
    0x00,0x00,0xFC,0xFC,0x48,0x48,0x78,0xFC,0xB4,0xB4,0xB4,0x00,0x00,
    0x00,0x00,0x00,0x00,0x00,0xFC,0x48,0x48,0xFC,0xB4,0xB4,0x00,0x00,
    0x00,0x00,0xB8,0xA8,0xA8,0x90,0xF8,0xB8,0xFC,0xD4,0xD4,0x00,0x00,
    0x00,0x00,0x00,0x00,0x00,0xDC,0xD4,0xC8,0xFC,0xD4,0xD4,0x00,0x00,
    0x00,0x48,0x30,0x00,0x78,0xCC,0x0C,0x38,0x0C,0x0C,0x78,0xC0,0x78,
    0x00,0x48,0x30,0x00,0x00,0x78,0xCC,0x18,0x0C,0x0C,0x78,0xC0,0x78,
    0x00,0x00,0xB4,0xB4,0xB4,0xB4,0xFC,0x78,0x30,0x30,0x30,0x00,0x00,
    0x00,0x00,0x00,0x00,0x00,0xB4,0xB4,0xB4,0xB4,0xFC,0x78,0x30,0x30,
    0x00,0x00,0x78,0xCC,0xCC,0xCC,0xFC,0xCC,0xCC,0xCC,0x78,0x00,0x00,
    0x00,0x00,0x00,0x00,0x00,0x70,0xD8,0xF8,0xD8,0xD8,0x70,0x00,0x00,
    0x00,0x00,0xCC,0xCC,0xCC,0xCC,0x6C,0x6C,0x6C,0x38,0x38,0x00,0x00,
    0x00,0x00,0x00,0x00,0x00,0xCC,0xCC,0xCC,0x6C,0x6C,0x38,0x00,0x00,
    0x90,0xD8,0x48,0x00,0xCC,0xCC,0x6C,0x6C,0x6C,0x38,0x38,0x00,0x00,
    0x00,0x90,0xD8,0x48,0x00,0xCC,0xCC,0xCC,0x6C,0x6C,0x38,0x00,0x00,
    0x00,0x00,0x40,0xE0,0xA0,0xB4,0xB4,0xB4,0xBC,0xEC,0x44,0x0C,0x18,
    0x00,0x00,0x00,0x00,0x00,0x54,0xF4,0xB4,0xBC,0xEC,0x44,0x0C,0x18,
    0x00,0x30,0x78,0xCC,0xCC,0xCC,0xCC,0xCC,0xCC,0xCC,0x78,0x30,0x00,
    0x00,0x00,0x00,0x00,0x30,0x78,0xCC,0xCC,0xCC,0xCC,0x78,0x30,0x00,
    0x0C,0xFC,0xC0,0x00,0x48,0xCC,0x84,0xB4,0xB4,0xFC,0x48,0x00,0x00,
    0x00,0x0C,0xFC,0xC0,0x00,0x48,0xCC,0x84,0xB4,0xFC,0x48,0x00,0x00,
    0x00,0xFC,0xB4,0x00,0x48,0xCC,0x84,0xB4,0xB4,0xFC,0x48,0x00,0x00,
    0x00,0x00,0xFC,0xB4,0x00,0x48,0xCC,0x84,0xB4,0xFC,0x48,0x00,0x00,
    0x00,0x00,0x70,0x88,0x88,0x80,0x80,0x80,0x80,0x80,0x70,0x10,0x10,
    0x00,0x00,0x00,0x00,0x00,0x70,0x88,0x80,0x80,0x70,0x10,0x10,0x00,
    0x00,0x00,0x00,0x28,0x10,0xB0,0x48,0x40,0xA0,0x00,0x00,0x00,0x00,
    0x04,0xFC,0x80,0x00,0x00,0x00,0x00,0x00,0x00,0x00,0x00,0x00,0x00,
    0x00,0x70,0x8C,0x00,0x00,0x00,0x00,0x00,0x00,0x00,0x00,0x00,0x00,
    0x00,0x70,0xC8,0x00,0x00,0x00,0x00,0x00,0x00,0x00,0x00,0x00,0x00,
    0x00,0x70,0x98,0x00,0x00,0x00,0x00,0x00,0x00,0x00,0x00,0x00,0x00,
    0x00,0x00,0x1E,0x12,0x12,0x12,0x12,0x12,0x12,0x12,0x1E,0x00,0x00,
    0x40,0xA0,0x08,0x14,0x00,0x00,0x00,0x00,0x00,0x40,0xA0,0x08,0x14,
    0x40,0x84,0xC8,0x0C,0x00,0x00,0x00,0x00,0x00,0x40,0x84,0xC8,0x0C,
    0x00,0x88,0x70,0x00,0x88,0x98,0x98,0xA8,0xC8,0xC8,0x88,0x10,0x10,
    0x00,0x00,0x88,0x70,0x00,0x88,0x88,0x98,0xA8,0xC8,0x88,0x10,0x10,
    0x00,0x00,0x40,0x40,0xE0,0x40,0x70,0x48,0x48,0x48,0x70,0x00,0x00,
    0x00,0x00,0x00,0x00,0x40,0xE0,0x40,0x70,0x48,0x48,0x70,0x00,0x00,
    0x00,0x00,0xF0,0x88,0x88,0x88,0xA8,0xF0,0x88,0x80,0x80,0x00,0x00,
    0x00,0x00,0x00,0x00,0x00,0xF0,0x88,0x88,0xA8,0xF0,0x88,0x80,0x80,
    0x00,0x0C,0xFC,0xC0,0xC0,0xC0,0xC0,0xC0,0xC0,0xC0,0xC0,0x00,0x00,
    0x00,0x00,0x00,0x00,0x0C,0xFC,0xC0,0xC0,0xC0,0xC0,0xC0,0x00,0x00,
    0x00,0x00,0x78,0x48,0x40,0x40,0xE0,0x40,0x40,0x40,0x40,0x00,0x00,
    0x00,0x00,0x00,0x00,0x00,0x78,0x48,0xE0,0x40,0x40,0x40,0x00,0x00,
    0x00,0x00,0xF8,0x80,0x80,0x80,0xF0,0x88,0x88,0x88,0x88,0x10,0x00,
    0x00,0x00,0x00,0x00,0x00,0xF8,0x80,0xF0,0x88,0x88,0x88,0x10,0x00,
    0x00,0x00,0xA8,0xA8,0xA8,0x70,0x20,0x70,0xA8,0xA8,0xAC,0x04,0x04,
    0x00,0x00,0x00,0x00,0x00,0xA8,0xA8,0x70,0x70,0xA8,0xAC,0x04,0x04,
    0x00,0x00,0x70,0x88,0x08,0x08,0x30,0x08,0x08,0x88,0x70,0x20,0x40,
    0x00,0x00,0x00,0x00,0x00,0x70,0x88,0x30,0x08,0x88,0x70,0x20,0x40,
    0x00,0x00,0x90,0x90,0xA0,0xA0,0xC0,0xA0,0x90,0x90,0x98,0x08,0x08,
    0x00,0x00,0x00,0x00,0x00,0x90,0xA0,0xC0,0xA0,0x90,0x98,0x08,0x08,
    0x00,0x00,0x88,0xA8,0xB0,0xA0,0xE0,0xA0,0xB0,0xA8,0x88,0x00,0x00,
    0x00,0x00,0x00,0x00,0x00,0xA8,0xB0,0xE0,0xB0,0xA8,0x88,0x00,0x00,
    0x00,0x00,0x48,0xE8,0x50,0x60,0x60,0x60,0x50,0x48,0x48,0x00,0x00,
    0x00,0x00,0x40,0x40,0xE0,0x48,0x50,0x60,0x50,0x48,0x48,0x00,0x00,
    0x00,0x00,0xC8,0x48,0x50,0x60,0x60,0x60,0x50,0x48,0x48,0x00,0x00,
    0x00,0x00,0x00,0x00,0x00,0xC8,0x50,0x60,0x50,0x48,0x48,0x00,0x00,
    0x00,0x00,0x90,0x90,0x90,0x90,0xF0,0x90,0x90,0x90,0x98,0x08,0x08,
    0x00,0x00,0x00,0x00,0x00,0x90,0x90,0xF0,0x90,0x90,0x98,0x08,0x08,
    0x00,0x00,0xB8,0xA0,0xA0,0xA0,0xE0,0xA0,0xA0,0xA0,0xA0,0x00,0x00,
    0x00,0x00,0x00,0x00,0x00,0xB8,0xA0,0xE0,0xA0,0xA0,0xA0,0x00,0x00,
    0x00,0x00,0xE0,0xA0,0xA0,0xA0,0xB0,0xA8,0xA8,0xA8,0xA8,0x08,0x10,
    0x00,0x00,0x00,0x00,0x00,0xE0,0xA0,0xB0,0xA8,0xA8,0xA8,0x08,0x10,
    0x00,0x00,0x70,0x88,0x80,0x90,0xA8,0xA8,0xA8,0x70,0x20,0x18,0x00,
    0x00,0x00,0x00,0x00,0x00,0x70,0x80,0x90,0xA8,0x70,0x20,0x18,0x00,
    0x00,0x00,0x70,0x88,0x80,0x80,0x80,0x80,0x80,0x88,0x70,0x20,0x10,
    0x00,0x00,0x00,0x00,0x00,0x70,0x88,0x80,0x80,0x88,0x70,0x20,0x10,
    0x00,0x00,0xF8,0x20,0x20,0x20,0x20,0x20,0x20,0x20,0x30,0x10,0x10,
    0x00,0x00,0x00,0x00,0x00,0xF8,0xA8,0x20,0x20,0x20,0x30,0x10,0x10,
    0x00,0x00,0x88,0x88,0x50,0x50,0x20,0x20,0x20,0x20,0x20,0x00,0x00,
    0x00,0x00,0x00,0x00,0x00,0x88,0x88,0x50,0x50,0x20,0x20,0x20,0x20,
    0x00,0x00,0x88,0x88,0x50,0x50,0x20,0xF8,0x20,0x20,0x20,0x00,0x00,
    0x00,0x00,0x00,0x00,0x00,0x88,0x88,0x50,0x50,0x20,0xF8,0x20,0x20,
    0x00,0x00,0x88,0x88,0x50,0x50,0x20,0x50,0x50,0x88,0x8C,0x04,0x04,
    0x00,0x00,0x00,0x00,0x00,0x88,0x50,0x20,0x50,0x88,0x8C,0x04,0x04,
    0x00,0x00,0xE8,0x48,0x48,0x48,0x48,0x48,0x48,0x48,0x78,0x08,0x08,
    0x00,0x00,0x00,0x00,0x00,0xE8,0x48,0x48,0x48,0x48,0x78,0x08,0x08,
    0x00,0x00,0x90,0x90,0x90,0x90,0x90,0x70,0x10,0x10,0x18,0x08,0x08,
    0x00,0x00,0x00,0x00,0x00,0x90,0x90,0x90,0x70,0x10,0x18,0x08,0x08,
    0x00,0x00,0x88,0x88,0x88,0xA8,0xA8,0x78,0x28,0x28,0x08,0x00,0x00,
    0x00,0x00,0x00,0x00,0x00,0x88,0x88,0xA8,0x78,0x28,0x08,0x00,0x00,
    0x00,0x00,0x80,0x80,0x80,0xF0,0x88,0x88,0x88,0x88,0x88,0x00,0x00,
    0x00,0x00,0x80,0x80,0x80,0x80,0xE0,0x90,0x90,0x90,0x90,0x00,0x00,
    0x00,0x00,0x30,0x48,0x48,0x48,0xF8,0x40,0x40,0x48,0x30,0x00,0x00,
    0x00,0x00,0x00,0x00,0x00,0x30,0x48,0xF8,0x40,0x48,0x30,0x00,0x00,
    0x00,0x00,0x30,0x48,0x48,0x48,0xF8,0x40,0x40,0x48,0x30,0x20,0x10,
    0x00,0x00,0x00,0x00,0x00,0x30,0x48,0xF8,0x40,0x48,0x30,0x20,0x10,
    0x00,0x00,0x70,0x20,0x20,0x20,0x20,0x20,0x20,0x20,0x70,0x00,0x00,
    0x88,0x70,0x00,0xA8,0xA8,0xA8,0x70,0x70,0xA8,0xA8,0xA8,0x00,0x00,
    0x00,0x00,0x88,0x70,0x00,0xA8,0xA8,0x70,0x70,0xA8,0xA8,0x00,0x00,
    0x00,0x00,0x88,0x88,0x90,0xA0,0xC0,0xA0,0x90,0x88,0x88,0x08,0x30,
    0x00,0x00,0x00,0x00,0x00,0x88,0x90,0xE0,0x90,0x88,0x88,0x08,0x30,
    0x00,0x00,0x38,0x48,0x48,0x48,0x48,0x48,0x48,0x88,0x88,0x10,0x10,
    0x00,0x00,0x00,0x00,0x00,0x38,0x48,0x48,0x48,0x48,0x88,0x10,0x10,
    0x00,0x00,0x88,0x88,0x88,0x88,0xF8,0x88,0x88,0x88,0x88,0x08,0x30,
    0x00,0x00,0x00,0x00,0x00,0x88,0x88,0xF8,0x88,0x88,0x88,0x08,0x30,
    0x00,0x00,0x88,0x88,0x88,0x88,0xF8,0x88,0x88,0x88,0x88,0x10,0x10,
    0x00,0x00,0x00,0x00,0x00,0x88,0x88,0xF8,0x88,0x88,0x88,0x10,0x10,
    0x00,0x00,0x88,0x88,0x88,0x88,0x88,0x78,0x08,0x08,0x18,0x10,0x10,
    0x00,0x00,0x00,0x00,0x00,0x88,0x88,0x88,0x78,0x08,0x18,0x10,0x10,
    0x00,0x00,0x88,0xD8,0xD8,0xA8,0xA8,0x88,0x88,0x88,0x88,0x10,0x10,
    0x00,0x00,0x00,0x00,0x00,0x88,0xD8,0xA8,0xA8,0x88,0x88,0x10,0x10,
    0x00,0x00,0x1E,0x12,0x12,0x12,0x12,0x12,0x12,0x12,0x1E,0x00,0x00,
    0x00,0x88,0x70,0x00,0x20,0x50,0x88,0x88,0xF8,0x88,0x88,0x00,0x00,
    0x00,0x00,0x88,0x70,0x00,0x70,0x08,0x78,0x88,0x98,0x68,0x00,0x00,
    0x00,0x50,0x50,0x00,0x20,0x50,0x88,0x88,0xF8,0x88,0x88,0x00,0x00,
    0x00,0x00,0x50,0x50,0x00,0x70,0x08,0x78,0x88,0x98,0x68,0x00,0x00,
    0x00,0x00,0x58,0xA0,0xA0,0xA0,0xB0,0xE0,0xA0,0xA0,0xB8,0x00,0x00,
    0x00,0x00,0x00,0x00,0x00,0x70,0x28,0x70,0xA0,0xA8,0x50,0x00,0x00,
    0x00,0x88,0x70,0x00,0xF8,0x80,0x80,0xF0,0x80,0x80,0xF8,0x00,0x00,
    0x00,0x00,0x88,0x70,0x00,0x70,0x88,0xF8,0x80,0x88,0x70,0x00,0x00,
    0x00,0x00,0x70,0x88,0x08,0x08,0xF8,0x88,0x88,0x88,0x70,0x00,0x00,
    0x00,0x00,0x00,0x00,0x00,0x70,0x88,0x08,0xF8,0x88,0x70,0x00,0x00,
    0x00,0x50,0x50,0x00,0x70,0x88,0x08,0xF8,0x88,0x88,0x70,0x00,0x00,
    0x00,0x00,0x50,0x50,0x00,0x70,0x88,0x08,0xF8,0x88,0x70,0x00,0x00,
    0x00,0x50,0x50,0x00,0xA8,0xA8,0x70,0x20,0x70,0xA8,0xA8,0x00,0x00,
    0x00,0x00,0x50,0x50,0x00,0xA8,0xA8,0x70,0x70,0xA8,0xA8,0x00,0x00,
    0x00,0x50,0x50,0x00,0x70,0x88,0x08,0x30,0x08,0x88,0x70,0x00,0x00,
    0x00,0x00,0x50,0x50,0x00,0x70,0x88,0x30,0x08,0x88,0x70,0x00,0x00,
    0x00,0x00,0xF8,0x08,0x10,0x20,0x70,0x08,0x08,0x88,0x70,0x00,0x00,
    0x00,0x00,0x00,0x00,0x00,0xF8,0x10,0x20,0x70,0x08,0x08,0x88,0x70,
    0x00,0x00,0xF8,0x00,0x88,0x98,0x98,0xA8,0xC8,0xC8,0x88,0x00,0x00,
    0x00,0x00,0x00,0xF8,0x00,0x88,0x88,0x98,0xA8,0xC8,0x88,0x00,0x00,
    0x00,0x50,0x50,0x00,0x88,0x98,0x98,0xA8,0xC8,0xC8,0x88,0x00,0x00,
    0x00,0x00,0x50,0x50,0x00,0x88,0x88,0x98,0xA8,0xC8,0x88,0x00,0x00,
    0x00,0x50,0x50,0x00,0x70,0x88,0x88,0x88,0x88,0x88,0x70,0x00,0x00,
    0x00,0x00,0x50,0x50,0x00,0x70,0x88,0x88,0x88,0x88,0x70,0x00,0x00,
    0x00,0x00,0x70,0x88,0x88,0xE8,0xB8,0x88,0x88,0x88,0x70,0x00,0x00,
    0x00,0x00,0x00,0x00,0x00,0x70,0x88,0xE8,0xB8,0x88,0x70,0x00,0x00,
    0x00,0x50,0x50,0x00,0x70,0x88,0xE8,0xB8,0x88,0x88,0x70,0x00,0x00,
    0x00,0x00,0x50,0x50,0x00,0x70,0x88,0xE8,0xB8,0x88,0x70,0x00,0x00,
    0x00,0x50,0x50,0x00,0xE0,0x10,0x08,0x78,0x08,0x10,0xE0,0x00,0x00,
    0x00,0x00,0x50,0x50,0x00,0xF0,0x08,0x38,0x08,0x08,0xF0,0x00,0x00,
    0x00,0x00,0xF8,0x00,0x88,0x88,0x98,0x68,0x08,0x88,0x70,0x00,0x00,
    0x00,0x00,0x00,0xF8,0x00,0x88,0x88,0x88,0x98,0x68,0x08,0x88,0x70,
    0x00,0x50,0x50,0x00,0x88,0x88,0x98,0x68,0x08,0x88,0x70,0x00,0x00,
    0x00,0x00,0x50,0x50,0x00,0x88,0x88,0x88,0x98,0x68,0x08,0x88,0x70,
    0x00,0x48,0x90,0x00,0x88,0x88,0x98,0x68,0x08,0x88,0x70,0x00,0x00,
    0x00,0x00,0x48,0x90,0x00,0x88,0x88,0x88,0x98,0x68,0x08,0x88,0x70,
    0x00,0x50,0x50,0x00,0x88,0x88,0x88,0x78,0x08,0x08,0x08,0x00,0x00,
    0x00,0x00,0x50,0x50,0x00,0x88,0x88,0x88,0x78,0x08,0x08,0x00,0x00,
    0x00,0x00,0x1E,0x12,0x12,0x12,0x12,0x12,0x12,0x12,0x1E,0x00,0x00,
    0x00,0x00,0x1E,0x12,0x12,0x12,0x12,0x12,0x12,0x12,0x1E,0x00,0x00,
    0x00,0x50,0x50,0x00,0x88,0x88,0xE8,0x98,0x98,0x98,0xE8,0x00,0x00,
    0x00,0x00,0x50,0x50,0x00,0x88,0x88,0xE8,0x98,0x98,0xE8,0x00,0x00,
    0x00,0x00,0x1E,0x12,0x12,0x12,0x12,0x12,0x12,0x12,0x1E,0x00,0x00,
    0x00,0x00,0x1E,0x12,0x12,0x12,0x12,0x12,0x12,0x12,0x1E,0x00,0x00,
    0x00,0x00,0x1E,0x12,0x12,0x12,0x12,0x12,0x12,0x12,0x1E,0x00,0x00,
    0x00,0x00,0x1E,0x12,0x12,0x12,0x12,0x12,0x12,0x12,0x1E,0x00,0x00,
    0x00,0x00,0x1E,0x12,0x12,0x12,0x12,0x12,0x12,0x12,0x1E,0x00,0x00,
    0x00,0x00,0x1E,0x12,0x12,0x12,0x12,0x12,0x12,0x12,0x1E,0x00,0x00,
    0x00,0x00,0x00,0x00,0x00,0x00,0x00,0x00,0x00,0x00,0x00,0x00,0x00,
    0x00,0x00,0x00,0x00,0x00,0x00,0x00,0x00,0x00,0x00,0x00,0x00,0x00,
    0x00,0x00,0x00,0x00,0x00,0x00,0x00,0x00,0x00,0x00,0x00,0x00,0x00,
    0x00,0x00,0x00,0x00,0x00,0x00,0x00,0x00,0x00,0x00,0x00,0x00,0x00,
    0x00,0x00,0x00,0x00,0x00,0x00,0x00,0x00,0x00,0x00,0x00,0x00,0x00,
    0x00,0x00,0x00,0x00,0x00,0x00,0x00,0x00,0x00,0x00,0x00,0x00,0x00,
    0x00,0x00,0x00,0x00,0x00,0x00,0x00,0x00,0x00,0x00,0x00,0x00,0x00,
    0x00,0x00,0x00,0x00,0x00,0x00,0x00,0x00,0x00,0x00,0x00,0x00,0x00,
    0x00,0x00,0x00,0x00,0x00,0x00,0x00,0x00,0x00,0x00,0x00,0x00,0x00,
    0x00,0x00,0x00,0x00,0x00,0x00,0x00,0x00,0x00,0x00,0x00,0x00,0x00,
    0x00,0x00,0x00,0x00,0x00,0x00,0x00,0x00,0x00,0x00,0x00,0x00,0x00,
    0x00,0x00,0x00,0x00,0x00,0x00,0x00,0x00,0x00,0x00,0x00,0x00,0x00,
    0x00,0x00,0x00,0x00,0x00,0x00,0x00,0x00,0x00,0x00,0x00,0x00,0x00,
    0x00,0x00,0x00,0x00,0x00,0x00,0x00,0x00,0x00,0x00,0x00,0x00,0x00,
    0x00,0x00,0x00,0x00,0x00,0x00,0x00,0x00,0x00,0x00,0x00,0x00,0x00,
    0x00,0x00,0x00,0x00,0x00,0x00,0x00,0x00,0x00,0x00,0x00,0x00,0x00,
    0x00,0x00,0x00,0x00,0x00,0x00,0x78,0x00,0x00,0x00,0x00,0x00,0x00,
    0x00,0x00,0x00,0x00,0x00,0x00,0x78,0x00,0x00,0x00,0x00,0x00,0x00,
    0x00,0x00,0x00,0x00,0x00,0x00,0xFC,0x00,0x00,0x00,0x00,0x00,0x00,
    0x00,0x00,0x00,0x00,0x00,0x00,0xF8,0x00,0x00,0x00,0x00,0x00,0x00,
    0x00,0x00,0x00,0x00,0x00,0x00,0xFC,0x00,0x00,0x00,0x00,0x00,0x00,
    0x00,0x00,0x00,0x00,0x00,0x00,0xFC,0x00,0x00,0x00,0x00,0x00,0x00,
    0x00,0x00,0xD8,0xD8,0xD8,0xD8,0xD8,0xD8,0xD8,0xD8,0xD8,0x00,0x00,
    0x00,0x00,0x00,0x00,0x00,0x00,0x00,0x00,0x00,0x00,0xFC,0x00,0xFC,
    0x00,0x00,0x30,0x60,0x70,0x00,0x00,0x00,0x00,0x00,0x00,0x00,0x00,
    0x00,0x00,0x70,0x30,0x60,0x00,0x00,0x00,0x00,0x00,0x00,0x00,0x00,
    0x00,0x00,0x00,0x00,0x00,0x00,0x00,0x00,0x00,0x70,0x30,0x60,0x00,
    0x00,0x00,0x70,0x60,0x30,0x00,0x00,0x00,0x00,0x00,0x00,0x00,0x00,
    0x00,0x00,0x6C,0xD8,0xFC,0x00,0x00,0x00,0x00,0x00,0x00,0x00,0x00,
    0x00,0x00,0xFC,0x6C,0xD8,0x00,0x00,0x00,0x00,0x00,0x00,0x00,0x00,
    0x00,0x00,0x00,0x00,0x00,0x00,0x00,0x00,0x00,0xFC,0x6C,0xD8,0x00,
    0x00,0x00,0xFC,0xD8,0x6C,0x00,0x00,0x00,0x00,0x00,0x00,0x00,0x00,
    0x00,0x00,0x30,0x30,0xFC,0x30,0x30,0x30,0x30,0x30,0x30,0x00,0x00,
    0x00,0x00,0x30,0x30,0xFC,0x30,0x30,0x30,0xFC,0x30,0x30,0x00,0x00,
    0x00,0x00,0x00,0x00,0x00,0x30,0x78,0x78,0x30,0x00,0x00,0x00,0x00,
    0x00,0x00,0x00,0x40,0x60,0x70,0x78,0x70,0x60,0x40,0x00,0x00,0x00,
    0x00,0x00,0x00,0x00,0x00,0x00,0x00,0x00,0x00,0x00,0x20,0x00,0x00,
    0x00,0x00,0x00,0x00,0x00,0x00,0x00,0x00,0x00,0x00,0x50,0x00,0x00,
    0x00,0x00,0x00,0x00,0x00,0x00,0x00,0x00,0x00,0x00,0xA8,0x00,0x00,
    0x00,0x00,0x00,0x00,0x00,0x00,0x00,0x30,0x00,0x00,0x00,0x00,0x00,
    0x00,0x00,0x1E,0x12,0x12,0x12,0x12,0x12,0x12,0x12,0x1E,0x00,0x00,
    0x00,0x00,0x1E,0x12,0x12,0x12,0x12,0x12,0x12,0x12,0x1E,0x00,0x00,
    0x00,0x00,0x1E,0x12,0x12,0x12,0x12,0x12,0x12,0x12,0x1E,0x00,0x00,
    0x00,0x00,0x1E,0x12,0x12,0x12,0x12,0x12,0x12,0x12,0x1E,0x00,0x00,
    0x00,0x00,0x1E,0x12,0x12,0x12,0x12,0x12,0x12,0x12,0x1E,0x00,0x00,
    0x00,0x00,0x1E,0x12,0x12,0x12,0x12,0x12,0x12,0x12,0x1E,0x00,0x00,
    0x00,0x00,0x1E,0x12,0x12,0x12,0x12,0x12,0x12,0x12,0x1E,0x00,0x00,
    0x00,0x00,0x00,0x00,0x00,0x00,0x00,0x00,0x00,0x00,0x00,0x00,0x00,
    0x00,0x00,0x6C,0x7C,0x18,0x18,0x30,0x60,0x60,0xFC,0xFC,0x00,0x00,
    0x00,0x00,0x48,0xA8,0x50,0x10,0x28,0x54,0x68,0xD4,0xA8,0x00,0x00,
    0x00,0x00,0x20,0x20,0x40,0x00,0x00,0x00,0x00,0x00,0x00,0x00,0x00,
    0x00,0x00,0x50,0x50,0xA0,0x00,0x00,0x00,0x00,0x00,0x00,0x00,0x00,
    0x00,0x00,0x54,0x54,0xA8,0x00,0x00,0x00,0x00,0x00,0x00,0x00,0x00,
    0x00,0x00,0x40,0x40,0x20,0x00,0x00,0x00,0x00,0x00,0x00,0x00,0x00,
    0x00,0x00,0xA0,0xA0,0x50,0x00,0x00,0x00,0x00,0x00,0x00,0x00,0x00,
    0x00,0x00,0xA8,0xA8,0x54,0x00,0x00,0x00,0x00,0x00,0x00,0x00,0x00,
    0x00,0x00,0x00,0x00,0x00,0x00,0x00,0x00,0x00,0x20,0x20,0x50,0x50,
    0x00,0x00,0x00,0x00,0x00,0x00,0x18,0x30,0x60,0x30,0x18,0x00,0x00,
    0x00,0x00,0x00,0x00,0x00,0x00,0x60,0x30,0x18,0x30,0x60,0x00,0x00,
    0x00,0x00,0xA8,0x88,0x50,0x20,0xA8,0x20,0x50,0x88,0xA8,0x00,0x00,
    0x00,0x00,0x50,0x50,0x50,0x50,0x50,0x50,0x50,0x00,0x50,0x00,0x00,
    0x00,0x00,0x70,0xA8,0x28,0x28,0x30,0x20,0x20,0x00,0x20,0x00,0x00,
    0x00,0xFC,0x00,0x00,0x00,0x00,0x00,0x00,0x00,0x00,0x00,0x00,0x00,
    0x00,0x00,0x00,0x00,0x00,0x00,0x00,0x00,0x00,0x00,0x00,0x88,0x70,
    0x00,0x70,0x88,0x00,0x00,0x00,0x00,0x00,0x00,0x00,0x00,0x00,0x00,
    0x00,0x00,0x00,0x00,0x00,0x08,0x08,0x10,0x10,0x20,0x20,0x50,0x50,
    0x00,0x00,0x00,0x00,0x20,0x70,0x20,0x50,0xF8,0x50,0x00,0x00,0x00,
    0x00,0x00,0x00,0x00,0x00,0x00,0x70,0x70,0x00,0x00,0x00,0x00,0x00,
    0x00,0x00,0x08,0x10,0x10,0x20,0x20,0x40,0x40,0x80,0x80,0x00,0x00,
    0x00,0x00,0x70,0x40,0x40,0x40,0x70,0x40,0x40,0x40,0x70,0x00,0x00,
    0x00,0x00,0x70,0x10,0x10,0x10,0x70,0x10,0x10,0x10,0x70,0x00,0x00,
    0x00,0x00,0x48,0xB4,0xB4,0x24,0x48,0x48,0x48,0x00,0x48,0x00,0x00,
    0x00,0x00,0x48,0xA8,0xA8,0x28,0x48,0x48,0x48,0x00,0x48,0x00,0x00,
    0x00,0x00,0x90,0xA8,0xA8,0x88,0x90,0x90,0x90,0x00,0x90,0x00,0x00,
    0x00,0x00,0x00,0x00,0x00,0x78,0x08,0x08,0x08,0x08,0x08,0x00,0x00,
    0x00,0x00,0xF0,0xB8,0xB8,0xB8,0xB8,0xB0,0xA0,0xA0,0xA0,0x00,0x00,
    0x00,0x00,0x00,0x00,0x78,0xE8,0xE8,0xE8,0x78,0x00,0x00,0x00,0x00,
    0x00,0x00,0x00,0x00,0xF0,0xB8,0xB8,0xB8,0xF0,0x00,0x00,0x00,0x00,
    0x00,0x00,0x00,0x00,0x00,0x00,0x20,0xA8,0x70,0xA8,0x20,0x00,0x00,
    0x00,0x00,0x00,0x00,0x20,0x70,0x20,0x00,0x00,0x60,0x20,0x10,0x00,
    0x00,0x00,0x00,0x70,0x88,0x00,0x00,0x00,0x88,0x70,0x00,0x00,0x00,
    0x00,0x00,0x20,0xA8,0x70,0xA8,0x20,0xA8,0x70,0xA8,0x20,0x00,0x00,
    0x00,0x00,0xC8,0xC8,0x10,0x10,0x20,0x40,0x40,0x98,0x98,0x00,0x00,
    0x00,0x00,0x1E,0x12,0x12,0x12,0x12,0x12,0x12,0x12,0x1E,0x00,0x00,
    0x00,0x00,0x1E,0x12,0x12,0x12,0x12,0x12,0x12,0x12,0x1E,0x00,0x00,
    0x00,0x00,0x1E,0x12,0x12,0x12,0x12,0x12,0x12,0x12,0x1E,0x00,0x00,
    0x00,0x00,0x1E,0x12,0x12,0x12,0x12,0x12,0x12,0x12,0x1E,0x00,0x00,
    0x00,0x00,0x7C,0x7C,0xF8,0x00,0x00,0x00,0x00,0x00,0x00,0x00,0x00,
    0x00,0x00,0x1E,0x12,0x12,0x12,0x12,0x12,0x12,0x12,0x1E,0x00,0x00,
    0x00,0x00,0x1E,0x12,0x12,0x12,0x12,0x12,0x12,0x12,0x1E,0x00,0x00,
    0x00,0x00,0x1E,0x12,0x12,0x12,0x12,0x12,0x12,0x12,0x1E,0x00,0x00,
    0x00,0x00,0x1E,0x12,0x12,0x12,0x12,0x12,0x12,0x12,0x1E,0x00,0x00,
    0x00,0x00,0x1E,0x12,0x12,0x12,0x12,0x12,0x12,0x12,0x1E,0x00,0x00,
    0x00,0x00,0x1E,0x12,0x12,0x12,0x12,0x12,0x12,0x12,0x1E,0x00,0x00,
    0x00,0x00,0x1E,0x12,0x12,0x12,0x12,0x12,0x12,0x12,0x1E,0x00,0x00,
    0x00,0x00,0x00,0x00,0x00,0x00,0x00,0x00,0x00,0x00,0x00,0x00,0x00,
    0x00,0x00,0x00,0x00,0x00,0x00,0x00,0x00,0x00,0x00,0x00,0x00,0x00,
    0x00,0x00,0x00,0x00,0x00,0x00,0x00,0x00,0x00,0x00,0x00,0x00,0x00,
    0x00,0x00,0x00,0x00,0x00,0x00,0x00,0x00,0x00,0x00,0x00,0x00,0x00,
    0x00,0x00,0x00,0x00,0x00,0x00,0x00,0x00,0x00,0x00,0x00,0x00,0x00,
    0x00,0x00,0x1E,0x12,0x12,0x12,0x12,0x12,0x12,0x12,0x1E,0x00,0x00,
    0x00,0x00,0x1E,0x12,0x12,0x12,0x12,0x12,0x12,0x12,0x1E,0x00,0x00,
    0x00,0x00,0x1E,0x12,0x12,0x12,0x12,0x12,0x12,0x12,0x1E,0x00,0x00,
    0x00,0x00,0x1E,0x12,0x12,0x12,0x12,0x12,0x12,0x12,0x1E,0x00,0x00,
    0x00,0x00,0x1E,0x12,0x12,0x12,0x12,0x12,0x12,0x12,0x1E,0x00,0x00,
    0x00,0x00,0x1E,0x12,0x12,0x12,0x12,0x12,0x12,0x12,0x1E,0x00,0x00,
    0x00,0x00,0x1E,0x12,0x12,0x12,0x12,0x12,0x12,0x12,0x1E,0x00,0x00,
    0x00,0x00,0x1E,0x12,0x12,0x12,0x12,0x12,0x12,0x12,0x1E,0x00,0x00,
    0x00,0x00,0x1E,0x12,0x12,0x12,0x12,0x12,0x12,0x12,0x1E,0x00,0x00,
    0x00,0x00,0x1E,0x12,0x12,0x12,0x12,0x12,0x12,0x12,0x1E,0x00,0x00,
    0x00,0x00,0x1E,0x12,0x12,0x12,0x12,0x12,0x12,0x12,0x1E,0x00,0x00,
    0x00,0x00,0x1E,0x12,0x12,0x12,0x12,0x12,0x12,0x12,0x1E,0x00,0x00,
    0x00,0x00,0x00,0x60,0x80,0x80,0xB8,0xA0,0x70,0x20,0x38,0x00,0x00,
    0x00,0x08,0x78,0x98,0x90,0xA0,0xA0,0xA0,0xC0,0xC8,0xF0,0x80,0x00,
    0x00,0x00,0x70,0x88,0x80,0x80,0xA8,0xB0,0xA0,0xA8,0x70,0x00,0x00,
    0x00,0x00,0xF8,0x80,0x80,0x80,0xE8,0xB0,0xA0,0xA0,0xA0,0x00,0x00,
    0x00,0x00,0x30,0x48,0x40,0xE0,0x40,0xE0,0x40,0x48,0xB0,0x00,0x00,
    0x00,0x00,0x00,0x10,0x10,0xD0,0xA8,0xA8,0xA8,0xA8,0xC8,0xC0,0x40,
    0x00,0x00,0x48,0x48,0x68,0xFC,0x68,0xFC,0x58,0x58,0x48,0x00,0x00,
    0x00,0x00,0x70,0x48,0xFC,0x48,0x70,0x40,0x40,0x40,0x40,0x00,0x00,
    0x00,0x00,0xC0,0xA0,0xA0,0xA0,0xD8,0xA0,0xB0,0xA8,0xB0,0x00,0x00,
    0x00,0x00,0x88,0x88,0xF8,0x88,0xF8,0xA8,0xA8,0xD8,0x88,0x00,0x00,
    0x00,0x00,0x64,0x94,0xB4,0xB4,0xB4,0xB4,0xB4,0xA4,0x98,0x00,0x00,
    0x00,0x00,0x0C,0x3C,0x0C,0x6C,0xDC,0xCC,0xCC,0xDC,0x6C,0x00,0xFC,
    0x00,0x00,0x38,0x7C,0x60,0xF0,0x60,0xF0,0x60,0x7C,0x38,0x00,0x00,
    0x00,0x00,0x44,0x44,0x48,0x50,0xFC,0x50,0x48,0x44,0x44,0x00,0x00,
    0x00,0x00,0xF8,0x20,0x20,0x30,0x60,0x30,0x60,0x20,0x20,0x00,0x00,
    0x00,0x00,0x60,0x78,0xEC,0x6C,0x6C,0x6C,0x6C,0xFC,0xD8,0x00,0x00,
    0x00,0x00,0x10,0x28,0x28,0x28,0x10,0x10,0x50,0x68,0xA8,0x08,0x10,
    0x00,0x00,0x60,0x50,0xF8,0xF8,0x50,0x60,0x40,0x40,0x40,0x00,0x00,
    0x00,0x00,0x1E,0x12,0x12,0x12,0x12,0x12,0x12,0x12,0x1E,0x00,0x00,
    0x00,0x00,0x1E,0x12,0x12,0x12,0x12,0x12,0x12,0x12,0x1E,0x00,0x00,
    0x00,0x00,0x1E,0x12,0x12,0x12,0x12,0x12,0x12,0x12,0x1E,0x00,0x00,
    0x00,0x00,0x1E,0x12,0x12,0x12,0x12,0x12,0x12,0x12,0x1E,0x00,0x00,
    0x00,0x00,0x1E,0x12,0x12,0x12,0x12,0x12,0x12,0x12,0x1E,0x00,0x00,
    0x00,0x00,0x1E,0x12,0x12,0x12,0x12,0x12,0x12,0x12,0x1E,0x00,0x00,
    0x00,0x00,0x1E,0x12,0x12,0x12,0x12,0x12,0x12,0x12,0x1E,0x00,0x00,
    0x00,0x00,0x1E,0x12,0x12,0x12,0x12,0x12,0x12,0x12,0x1E,0x00,0x00,
    0x00,0x00,0x1E,0x12,0x12,0x12,0x12,0x12,0x12,0x12,0x1E,0x00,0x00,
    0x00,0x00,0x1E,0x12,0x12,0x12,0x12,0x12,0x12,0x12,0x1E,0x00,0x00,
    0x00,0x00,0x1E,0x12,0x12,0x12,0x12,0x12,0x12,0x12,0x1E,0x00,0x00,
    0x00,0x00,0x1E,0x12,0x12,0x12,0x12,0x12,0x12,0x12,0x1E,0x00,0x00,
    0x00,0x00,0x1E,0x12,0x12,0x12,0x12,0x12,0x12,0x12,0x1E,0x00,0x00,
    0x00,0x00,0x1E,0x12,0x12,0x12,0x12,0x12,0x12,0x12,0x1E,0x00,0x00,
    0x00,0x00,0x68,0xA8,0xA8,0x70,0x60,0x58,0xA0,0xA0,0x98,0x00,0x00,
    0x00,0x00,0x68,0xA8,0xA8,0x70,0x38,0x60,0x90,0x88,0xB0,0x00,0x00,
    0x00,0x00,0x70,0xA8,0xA0,0xA0,0xA0,0xA0,0xA0,0xA8,0x70,0x00,0x00,
    0x40,0xA0,0x40,0x38,0x40,0x40,0x40,0x40,0x40,0x40,0x38,0x00,0x00,
    0x00,0x00,0x20,0x20,0x70,0xA0,0xA0,0xA0,0x70,0x20,0x38,0x00,0x00,
    0x00,0x00,0x48,0x88,0x90,0x50,0x20,0x50,0x68,0xA8,0x90,0x00,0x00,
    0x00,0x00,0x48,0x88,0x90,0x50,0x20,0x68,0x68,0xA8,0x90,0x00,0x00,
    0x00,0x00,0x78,0x88,0x80,0x80,0x60,0x80,0x88,0x88,0x70,0x00,0x00,
    0x00,0x00,0x60,0x90,0x08,0x48,0x78,0x48,0x08,0x90,0x60,0x00,0x00,
    0x40,0xA0,0x40,0x78,0x40,0x40,0x70,0x40,0x40,0x40,0x40,0x00,0x00,
    0x00,0x00,0x00,0x00,0x00,0x30,0x48,0x88,0x88,0x70,0x10,0x90,0x60,
    0x00,0x00,0xC8,0x48,0x48,0x48,0x78,0x90,0x90,0x90,0x98,0x00,0x00,
    0x00,0x00,0x68,0x90,0x80,0xB0,0xC8,0x48,0x28,0xA8,0x48,0x10,0x20,
    0x00,0x00,0xA8,0xA8,0xA8,0xA8,0xB8,0xA8,0xA8,0xA8,0xA8,0x00,0x00,
    0x00,0x00,0x20,0x20,0x20,0x40,0x70,0x48,0x48,0x90,0x90,0x00,0x00,
    0x00,0x00,0x20,0x30,0x60,0xC0,0x70,0x48,0x48,0x90,0x90,0x00,0x00,
    0x00,0x00,0x38,0x08,0x08,0x10,0x10,0x10,0x20,0xA0,0x40,0x00,0x00,
    0x00,0x00,0xF8,0x88,0x48,0x08,0x10,0x10,0x08,0xC8,0x30,0x00,0x00,
    0x00,0x00,0x18,0x54,0x38,0x10,0x10,0x20,0x60,0xA8,0x50,0x00,0x00,
    0x00,0x00,0x10,0x28,0x28,0x28,0x28,0x28,0x10,0x30,0x48,0x00,0x00,
    0x00,0x00,0xA0,0xF8,0xA0,0xB0,0xA8,0xA8,0xA8,0xA8,0xB0,0x00,0x00,
    0x00,0x00,0xC4,0xC4,0xA4,0xA4,0xB4,0xB4,0xAC,0xAC,0xA4,0x00,0x00,
    0x00,0x00,0x98,0x98,0xD8,0xD8,0xDC,0xBC,0xBC,0x9C,0x9C,0x00,0x00,
    0x00,0x00,0x70,0x88,0xE8,0xD8,0xE8,0xC8,0xC8,0x88,0x70,0x00,0x00,
    0x00,0x00,0xF0,0x48,0x48,0x48,0x70,0x80,0x80,0x80,0x80,0x00,0x00,
    0x00,0x00,0xF0,0xA8,0xA8,0xA8,0xA8,0xB0,0xA0,0xA0,0xA0,0x00,0x00,
    0x00,0x00,0x70,0xA8,0xA8,0xA8,0xA8,0xA8,0xA8,0xA8,0x70,0x08,0x00,
    0x00,0x00,0xF0,0x48,0x48,0x48,0x70,0xA0,0x90,0x90,0x90,0x00,0x00,
    0x00,0x00,0xF0,0xA8,0x68,0x28,0x30,0x30,0xB0,0xA8,0x48,0x00,0x00,
    0x00,0x00,0xF0,0xA8,0xA8,0xA8,0xB0,0xB0,0xA8,0xA8,0xA8,0x00,0x00,
    0x00,0x00,0xF0,0x88,0x88,0x88,0xF0,0xA8,0x90,0xA8,0x88,0x00,0x00,
    0x60,0x20,0xF0,0xA8,0xA8,0xA8,0xF0,0xA0,0xB0,0xA8,0xA8,0x20,0x00,
    0x68,0xB8,0x68,0xA8,0x00,0x00,0x00,0x00,0x00,0x00,0x00,0x00,0x00,
    0x00,0xE0,0x40,0x70,0x60,0x30,0x20,0x30,0x00,0x10,0x10,0x10,0x18,
    0xFC,0x5C,0x54,0x00,0x00,0x00,0x00,0x00,0x00,0x00,0x00,0x00,0x00,
    0x60,0x20,0xA8,0xA8,0xA8,0xA8,0x70,0x70,0x70,0x20,0x20,0x20,0x00,
    0x00,0x00,0xF8,0x28,0x28,0x50,0x50,0x50,0xA0,0xA0,0xF8,0x00,0x00,
    0x00,0x00,0x78,0x10,0x20,0x78,0x10,0x20,0x70,0x08,0x08,0x88,0x70,
    0x00,0x00,0x78,0xCC,0xCC,0xCC,0xCC,0xCC,0x48,0x48,0xCC,0x00,0x00,
    0x00,0x00,0xD8,0x50,0x50,0x88,0x88,0x88,0x88,0x88,0x70,0x00,0x00,
    0x00,0x00,0x70,0x88,0x08,0x48,0x30,0x48,0x08,0x88,0x70,0x00,0x00,
    0x00,0x00,0x00,0x00,0x00,0x60,0x10,0x10,0x10,0x10,0x10,0x00,0x00,
    0x00,0x00,0x88,0x88,0x90,0xA0,0xC0,0xA0,0x90,0x88,0x88,0x00,0x00,
    0x00,0x20,0x50,0x20,0x20,0x50,0x88,0x88,0xF8,0x88,0x88,0x00,0x00,
    0x00,0x00,0xF0,0x48,0x48,0x48,0x70,0x90,0x90,0x90,0xE0,0x00,0x00,
    0x00,0x00,0x38,0x50,0x90,0x88,0xA8,0x90,0x80,0x88,0x70,0x00,0x00,
    0x00,0x00,0x00,0x00,0x70,0xD8,0xD8,0xF8,0xC0,0xC8,0x70,0x00,0x00,
    0x00,0x00,0x00,0x00,0x00,0x38,0x48,0x78,0x80,0x90,0x60,0x00,0x00,
    0x00,0x00,0x70,0x88,0x88,0x80,0x60,0x80,0x88,0x88,0x70,0x00,0x00,
    0x00,0x00,0x7C,0x90,0x10,0x10,0x78,0x20,0x20,0xA0,0x40,0x00,0x00,
    0x00,0x00,0x08,0x08,0x08,0x08,0x78,0x08,0x08,0x08,0xF8,0x00,0x00,
    0x00,0x00,0x44,0x6C,0x54,0x54,0x44,0x88,0x88,0x88,0x84,0x00,0x00,
    0x00,0x00,0x00,0x00,0x00,0x38,0x48,0x48,0x90,0x90,0xE0,0x00,0x00,
    0x00,0x00,0x00,0x00,0x00,0x90,0x48,0x68,0x90,0x88,0xC8,0x00,0x00,
    0x00,0x00,0x00,0x00,0x00,0xF0,0x10,0x10,0x10,0x10,0xF8,0x00,0x00,
    0x00,0x00,0x00,0x00,0x00,0x40,0x20,0x10,0x10,0x28,0x48,0x00,0x00,
    0x00,0x00,0x00,0x00,0x00,0xF8,0x10,0x10,0x10,0x10,0x10,0x00,0x00,
    0x00,0x00,0x30,0x30,0x00,0x70,0x30,0x30,0x30,0x30,0x78,0x00,0x00,
    0x00,0x00,0x00,0x00,0x00,0x04,0x7C,0x8C,0x84,0x84,0x78,0x00,0x00,
    0x00,0x00,0x1E,0x12,0x12,0x12,0x12,0x12,0x12,0x12,0x1E,0x00,0x00,
    0x00,0x00,0x1E,0x12,0x12,0x12,0x12,0x12,0x12,0x12,0x1E,0x00,0x00,
    0x00,0x00,0x00,0x00,0x00,0xA8,0xA8,0xA8,0x50,0x50,0xA0,0xA0,0xC0,
    0x00,0x00,0xF8,0xA8,0xA0,0xA0,0xA0,0xA0,0xA0,0xA0,0xA0,0x00,0x00,
    0x00,0x00,0xF8,0xA8,0xA8,0xA8,0xA8,0xA8,0xA8,0xA8,0xA8,0x00,0x00,
    0x00,0x00,0xF8,0xA0,0x50,0x50,0x28,0x50,0x50,0xA0,0xF8,0x00,0x00,
    0x00,0x00,0x70,0x88,0x88,0xC8,0x08,0x08,0x08,0x88,0x70,0x00,0x00,
    0x00,0x00,0xF8,0x08,0x08,0x08,0x08,0x08,0x08,0x08,0x08,0x00,0x00,
    0x00,0x00,0x08,0x08,0x08,0x08,0x08,0x08,0x08,0x08,0xF8,0x00,0x00,
    0x00,0x00,0x20,0x20,0x20,0x20,0x20,0x50,0x50,0x88,0x88,0x00,0x00,
    0x00,0x00,0x78,0x54,0x54,0x54,0xA8,0xA8,0xA8,0xA8,0xF0,0x00,0x00,
    0x00,0x00,0x14,0x14,0x14,0x74,0xA8,0xA8,0xA8,0xA8,0x68,0x00,0x00,
    0x00,0x00,0x00,0x00,0x00,0x38,0x54,0x54,0xB8,0xA0,0x78,0x00,0x00,
    0x00,0x00,0x10,0x10,0x00,0x78,0x28,0x28,0x50,0x50,0x50,0x00,0x00,
    0x00,0x00,0x10,0x10,0x00,0x78,0x28,0x28,0x50,0x50,0x50,0x50,0xE0,
    0x00,0x00,0x20,0x20,0xF0,0xA8,0xA8,0xA8,0xB0,0x20,0x38,0x00,0x00,
    0x00,0x00,0x00,0xB0,0x48,0xC8,0x28,0x10,0x28,0x28,0x10,0x00,0x00,
    0x00,0x00,0x1E,0x12,0x12,0x12,0x12,0x12,0x12,0x12,0x1E,0x00,0x00,
    0x00,0x00,0x1E,0x12,0x12,0x12,0x12,0x12,0x12,0x12,0x1E,0x00,0x00,
    0x00,0x00,0x1E,0x12,0x12,0x12,0x12,0x12,0x12,0x12,0x1E,0x00,0x00,
    0x00,0x00,0x1E,0x12,0x12,0x12,0x12,0x12,0x12,0x12,0x1E,0x00,0x00,
    0x00,0x00,0x00,0x00,0x00,0x20,0x60,0xFC,0xFC,0x60,0x20,0x00,0x00,
    0x00,0x00,0x00,0x00,0x30,0x78,0xFC,0x30,0x30,0x30,0x30,0x00,0x00,
    0x00,0x00,0x00,0x00,0x00,0x10,0x18,0xFC,0xFC,0x18,0x10,0x00,0x00,
    0x00,0x00,0x00,0x00,0x30,0x30,0x30,0x30,0xFC,0x78,0x30,0x00,0x00,
    0x00,0x00,0x00,0x00,0x00,0x00,0x48,0xFC,0x48,0x00,0x00,0x00,0x00,
    0x00,0x00,0x20,0x70,0xA8,0x20,0x20,0x20,0xA8,0x70,0x20,0x00,0x00,
    0x00,0x00,0xC0,0xF0,0xE0,0xA0,0x20,0x10,0x10,0x08,0x08,0x00,0x00,
    0x00,0x00,0x18,0x78,0x38,0x28,0x20,0x40,0x40,0x80,0x80,0x00,0x00,
    0x00,0x00,0x80,0x80,0x40,0x40,0x20,0x28,0x38,0x78,0x18,0x00,0x00,
    0x00,0x00,0x08,0x08,0x10,0x10,0x20,0xA0,0xE0,0xF0,0xC0,0x00,0x00,
    0x00,0x00,0x00,0x00,0x00,0x28,0x48,0xFC,0x50,0x30,0x00,0x00,0x00,
    0x00,0x00,0x00,0x00,0x00,0x30,0x28,0xFC,0x48,0x50,0x00,0x00,0x00,
    0x00,0x00,0x00,0x00,0x00,0xC0,0xD8,0x64,0x00,0x00,0x00,0x00,0x00,
    0x00,0x00,0x00,0x00,0x00,0x0C,0x6C,0x98,0x00,0x00,0x00,0x00,0x00,
    0x00,0x00,0x00,0x00,0x00,0x28,0x50,0xFC,0x50,0x28,0x00,0x00,0x00,
    0x00,0x00,0x20,0x70,0xA8,0x70,0xA8,0x20,0x20,0x20,0x20,0x00,0x00,
    0x00,0x00,0x00,0x00,0x00,0x50,0x28,0xFC,0x28,0x50,0x00,0x00,0x00,
    0x00,0x00,0x20,0x20,0x20,0x20,0xA8,0x70,0xA8,0x70,0x20,0x00,0x00,
    0x00,0x00,0x00,0x00,0x00,0x24,0x48,0xF0,0x48,0x24,0x00,0x00,0x00,
    0x00,0x00,0x00,0x00,0x00,0x90,0x48,0x3C,0x48,0x90,0x00,0x00,0x00,
    0x00,0x00,0x00,0x00,0x00,0x20,0x48,0xF8,0x48,0x20,0x00,0x00,0x00,
    0x00,0x00,0x20,0x70,0xA8,0x20,0x20,0x20,0x20,0x20,0xF8,0x00,0x00,
    0x00,0x00,0x00,0x00,0x00,0x20,0x90,0xF8,0x90,0x20,0x00,0x00,0x00,
    0x00,0x00,0xF8,0x20,0x20,0x20,0x20,0x20,0xA8,0x70,0x20,0x00,0x00,
    0x00,0x00,0x20,0x70,0xA8,0x20,0x20,0xA8,0x70,0x20,0xF8,0x00,0x00,
    0x00,0x00,0x00,0x00,0x00,0x28,0x44,0xF8,0x40,0x20,0x00,0x00,0x00,
    0x00,0x00,0x00,0x00,0x00,0x50,0x88,0x7C,0x08,0x10,0x00,0x00,0x00,
    0x00,0x00,0x00,0x00,0x00,0x20,0x4C,0xFC,0x48,0x28,0x00,0x00,0x00,
    0x00,0x00,0x00,0x00,0x00,0x10,0xC8,0xFC,0x48,0x50,0x00,0x00,0x00,
    0x00,0x00,0x00,0x00,0x00,0x48,0xDC,0xEC,0x48,0x00,0x00,0x00,0x00,
    0x00,0x00,0x00,0x00,0x00,0x08,0x58,0xFC,0x68,0x40,0x00,0x00,0x00,
    0x00,0x00,0x80,0x80,0x90,0xB0,0xD0,0x90,0x10,0x38,0x10,0x00,0x00,
    0x00,0x00,0x20,0x40,0xF8,0x48,0x28,0x08,0x08,0x08,0x08,0x00,0x00,
    0x00,0x00,0x20,0x10,0xF8,0x90,0xA0,0x80,0x80,0x80,0x80,0x00,0x00,
    0x00,0x00,0x08,0x08,0x08,0x08,0x28,0x48,0xF8,0x40,0x20,0x00,0x00,
    0x00,0x00,0x80,0x80,0x80,0x80,0xA0,0x90,0xF8,0x10,0x20,0x00,0x00,
    0x00,0x00,0x00,0x00,0x00,0xF0,0x10,0x10,0x38,0x10,0x00,0x00,0x00,
    0x00,0x00,0x00,0x00,0x08,0x08,0x08,0x48,0xF8,0x40,0x00,0x00,0x00,
    0x00,0x00,0x00,0x00,0x00,0x30,0x48,0x48,0xE8,0x48,0x00,0x00,0x00,
    0x00,0x00,0x00,0x00,0x00,0x60,0x90,0x90,0xB8,0x90,0x00,0x00,0x00,
    0x00,0x00,0xF8,0x80,0xE0,0xC0,0xA0,0x20,0x10,0x10,0x08,0x00,0x00,
    0x00,0x00,0xA0,0xC0,0xF8,0xC0,0xA8,0x18,0xF8,0x18,0x28,0x00,0x00,
    0x00,0x00,0x00,0x00,0x38,0x30,0xA8,0x88,0x88,0x70,0x00,0x00,0x00,
    0x00,0x00,0x00,0x00,0xE0,0x60,0xA8,0x88,0x88,0x70,0x00,0x00,0x00,
    0x00,0x00,0x00,0x00,0x00,0x20,0x40,0xF8,0x00,0x00,0x00,0x00,0x00,
    0x00,0x00,0x00,0x00,0x00,0x00,0x00,0xF8,0x40,0x20,0x00,0x00,0x00,
    0x00,0x00,0x20,0x30,0x28,0x20,0x20,0x20,0x20,0x20,0x20,0x00,0x00,
    0x00,0x00,0x20,0x60,0xA0,0x20,0x20,0x20,0x20,0x20,0x20,0x00,0x00,
    0x00,0x00,0x00,0x00,0x00,0x20,0x10,0xF8,0x00,0x00,0x00,0x00,0x00,
    0x00,0x00,0x00,0x00,0x00,0x00,0x00,0xF8,0x10,0x20,0x00,0x00,0x00,
    0x00,0x00,0x20,0x20,0x20,0x20,0x20,0x20,0x28,0x30,0x20,0x00,0x00,
    0x00,0x00,0x20,0x20,0x20,0x20,0x20,0x20,0xA0,0x60,0x20,0x00,0x00,
    0x00,0x00,0x20,0x10,0xF8,0x10,0x20,0x40,0xF8,0x40,0x20,0x00,0x00,
    0x00,0x00,0x50,0xF0,0x50,0x50,0x50,0x50,0x50,0x78,0x50,0x00,0x00,
    0x00,0x00,0x20,0x40,0xF8,0x40,0x20,0x10,0xF8,0x10,0x20,0x00,0x00,
    0x00,0x00,0x20,0x40,0xF8,0x40,0x20,0x40,0xF8,0x40,0x20,0x00,0x00,
    0x00,0x00,0x50,0xF8,0x50,0x50,0x50,0x50,0x50,0x50,0x50,0x00,0x00,
    0x00,0x00,0x20,0x10,0xF8,0x10,0x20,0x10,0xF8,0x10,0x20,0x00,0x00,
    0x00,0x00,0x50,0x50,0x50,0x50,0x50,0x50,0x50,0xF8,0x50,0x00,0x00,
    0x00,0x00,0x00,0x00,0x20,0x40,0xF8,0x00,0xF8,0x10,0x20,0x00,0x00,
    0x00,0x00,0x00,0x00,0x20,0x10,0xF8,0x00,0xF8,0x40,0x20,0x00,0x00,
    0x00,0x00,0x00,0x00,0x14,0x28,0x7C,0x90,0x7C,0x20,0x50,0x00,0x00,
    0x00,0x00,0x00,0x00,0x08,0x58,0xFC,0xA4,0xFC,0x68,0x40,0x00,0x00,
    0x00,0x00,0x00,0x00,0xA0,0x50,0xF8,0x24,0xF8,0x10,0x28,0x00,0x00,
    0x00,0x00,0x00,0x00,0x10,0x20,0x7C,0x80,0x7C,0x20,0x10,0x00,0x00,
    0x00,0x00,0x20,0x50,0xD8,0x50,0x50,0x50,0x50,0x50,0x50,0x00,0x00,
    0x00,0x00,0x00,0x00,0x20,0x10,0xF8,0x04,0xF8,0x10,0x20,0x00,0x00,
    0x00,0x00,0x50,0x50,0x50,0x50,0x50,0x50,0xD8,0x50,0x20,0x00,0x00,
    0x00,0x00,0x00,0x00,0x00,0x48,0xFC,0x84,0xFC,0x48,0x00,0x00,0x00,
    0x00,0x00,0x20,0x50,0xD8,0x50,0x50,0x50,0xD8,0x50,0x20,0x00,0x00,
    0x00,0x00,0x00,0x00,0xF8,0xA0,0xD0,0xA8,0x94,0x08,0x00,0x00,0x00,
    0x00,0x00,0x00,0x00,0x7C,0x14,0x2C,0x54,0xA4,0x40,0x00,0x00,0x00,
    0x00,0x00,0x00,0x00,0x40,0xA4,0x54,0x2C,0x14,0x7C,0x00,0x00,0x00,
    0x00,0x00,0x00,0x00,0x08,0x94,0xA8,0xD0,0xA0,0xF8,0x00,0x00,0x00,
    0x00,0x00,0x00,0x00,0x10,0x3C,0x40,0xFC,0x40,0x3C,0x10,0x00,0x00,
    0x00,0x00,0x00,0x00,0x20,0xF0,0x08,0xFC,0x08,0xF0,0x20,0x00,0x00,
    0x00,0x00,0x00,0x00,0x00,0x40,0xE8,0xD4,0x40,0x00,0x00,0x00,0x00,
    0x00,0x00,0x00,0x00,0x00,0x08,0x5C,0xAC,0x08,0x00,0x00,0x00,0x00,
    0x00,0x00,0x20,0x70,0xA8,0x20,0x70,0x20,0x70,0x20,0x20,0x00,0x00,
    0x00,0x00,0x20,0x20,0x70,0x20,0x70,0x20,0xA8,0x70,0x20,0x00,0x00,
    0x00,0x00,0x00,0x00,0x00,0x20,0x40,0xA8,0x40,0x20,0x00,0x00,0x00,
    0x00,0x00,0x20,0x70,0xA8,0x00,0x20,0x20,0x00,0x20,0x20,0x00,0x00,
    0x00,0x00,0x00,0x00,0x00,0x20,0x10,0xA8,0x10,0x20,0x00,0x00,0x00,
    0x00,0x00,0x20,0x20,0x00,0x20,0x20,0x00,0xA8,0x70,0x20,0x00,0x00,
    0x00,0x00,0x00,0x00,0x00,0xA0,0xC0,0xF8,0xC0,0xA0,0x00,0x00,0x00,
    0x00,0x00,0x00,0x00,0x00,0x28,0x18,0xF8,0x18,0x28,0x00,0x00,0x00,
    0x00,0x00,0x00,0x00,0x00,0x20,0x78,0x88,0x78,0x20,0x00,0x00,0x00,
    0x00,0x00,0x20,0x50,0xD8,0x50,0x50,0x50,0x50,0x50,0x70,0x00,0x00,
    0x00,0x00,0x00,0x00,0x00,0x20,0xF0,0x88,0xF0,0x20,0x00,0x00,0x00,
    0x00,0x00,0x70,0x50,0x50,0x50,0x50,0x50,0xD8,0x50,0x20,0x00,0x00,
    0x00,0x20,0x50,0xD8,0x50,0x50,0x70,0x00,0x70,0x50,0x70,0x00,0x00,
    0x00,0x00,0x20,0x50,0xD8,0x50,0x50,0x50,0xD8,0x88,0xF8,0x00,0x00,
    0x00,0x00,0x20,0x50,0xF8,0x88,0x50,0x50,0xD8,0x88,0xF8,0x00,0x00,
    0x00,0x00,0x20,0x70,0xF8,0x70,0x70,0x70,0xF8,0xA8,0xF8,0x00,0x00,
    0x00,0x00,0x20,0x50,0xD8,0x50,0xD8,0x50,0x50,0x50,0x70,0x00,0x00,
    0x00,0x00,0x20,0x50,0xD8,0x50,0xD8,0x50,0xD8,0x88,0xF8,0x00,0x00,
    0x00,0x00,0x00,0x00,0x00,0xA0,0xF0,0x88,0xF0,0xA0,0x00,0x00,0x00,
    0x00,0x00,0xF8,0x80,0xB0,0xE0,0x90,0x10,0x08,0x08,0x00,0x00,0x00,
    0x00,0x00,0x00,0x80,0x80,0x40,0x48,0x38,0x68,0x08,0xF8,0x00,0x00,
    0x00,0x00,0x20,0x50,0xD8,0x50,0x50,0x50,0xD8,0x50,0x20,0x00,0x00,
    0x00,0x00,0x00,0x00,0x00,0x10,0x68,0xFC,0x68,0x10,0x00,0x00,0x00,
    0x00,0x00,0x50,0x78,0x50,0x50,0x50,0x50,0x50,0xF0,0x50,0x00,0x00,
    0x00,0x00,0x10,0xF8,0x10,0x10,0xF8,0x10,0x10,0xF8,0x10,0x00,0x00,
    0x00,0x00,0x00,0x00,0x00,0x28,0x48,0xFC,0x48,0x28,0x00,0x00,0x00,
    0x00,0x00,0x00,0x00,0x00,0x50,0x48,0xFC,0x48,0x50,0x00,0x00,0x00,
    0x00,0x00,0x00,0x00,0x30,0x78,0xFC,0x78,0x30,0x00,0x00,0x00,0x00,
    0x00,0x00,0x00,0x00,0x00,0x38,0x58,0xFC,0x58,0x38,0x00,0x00,0x00,
    0x00,0x00,0x00,0x00,0x00,0x70,0x68,0xFC,0x68,0x70,0x00,0x00,0x00,
    0x00,0x00,0x00,0x00,0x30,0x78,0xFC,0x78,0x30,0x00,0x00,0x00,0x00,
    0x00,0x00,0x00,0x00,0x00,0x20,0x60,0xB8,0x60,0x20,0x00,0x00,0x00,
    0x00,0x00,0x00,0x00,0x00,0x20,0x30,0xE8,0x30,0x20,0x00,0x00,0x00,
    0x00,0x00,0x00,0x00,0x30,0x78,0xB4,0x78,0x30,0x00,0x00,0x00,0x00,
    0x00,0x00,0xCC,0xCC,0xCC,0xFC,0xCC,0xCC,0x78,0x78,0x30,0x00,0x00,
    0x00,0x00,0x70,0xD8,0xC0,0xC0,0xC0,0xC0,0xC0,0xD8,0x70,0x00,0x00,
    0x00,0x00,0x00,0x70,0xD8,0x18,0x78,0xD8,0xD8,0xD8,0x70,0x00,0x00,
    0x00,0x00,0xF8,0x18,0x18,0x18,0x78,0x18,0x18,0x18,0xF8,0x00,0x00,
    0x10,0x10,0xF8,0x18,0x28,0x28,0x78,0x28,0x28,0x48,0xF8,0x40,0x40,
    0x00,0x10,0x10,0x70,0x98,0xA8,0xA8,0xA8,0xC8,0x70,0x40,0x40,0x00,
    0x00,0x00,0x20,0x20,0x20,0x50,0x50,0x50,0x88,0x88,0xF8,0x00,0x00,
    0x00,0x00,0xF8,0x88,0x88,0x50,0x50,0x50,0x20,0x20,0x20,0x00,0x00,
    0x00,0x00,0x00,0x00,0x38,0x60,0xC0,0xF0,0xC0,0x60,0x38,0x00,0x00,
    0x00,0x00,0x20,0x20,0x38,0x60,0xA0,0xF0,0xA0,0x60,0x38,0x20,0x20,
    0x00,0x00,0x00,0x00,0x00,0x38,0x40,0x70,0x40,0x38,0x00,0x00,0x00,
    0x00,0x00,0x00,0x00,0xE0,0x30,0x18,0x78,0x18,0x30,0xE0,0x00,0x00,
    0x00,0x00,0x20,0x20,0xE0,0x30,0x28,0x78,0x28,0x30,0xE0,0x20,0x20,
    0x00,0x00,0x00,0x00,0x00,0x70,0x08,0x38,0x08,0x70,0x00,0x00,0x00,
    0x00,0x00,0x00,0xF8,0xF8,0xF8,0xF8,0xF8,0xF8,0xF8,0x00,0x00,0x00,
    0x00,0xFC,0x48,0x48,0x48,0x48,0x48,0x48,0x48,0x48,0x48,0xEC,0x00,
    0x00,0xEC,0x48,0x48,0x48,0x48,0x48,0x48,0x48,0x48,0x48,0xFC,0x00,
    0x00,0xFC,0x80,0x40,0x20,0x10,0x08,0x10,0x20,0x40,0x80,0xFC,0x00,
    0x00,0x00,0x00,0x00,0x00,0x00,0xFC,0x00,0x00,0x00,0x00,0x00,0x00,
    0x00,0x00,0x00,0xFC,0x00,0x30,0x30,0xFC,0x30,0x30,0x00,0x00,0x00,
    0x00,0x00,0x00,0x20,0x00,0x20,0x20,0xF8,0x20,0x20,0x00,0x00,0x00,
    0x00,0x00,0x08,0x08,0x10,0x10,0x20,0x20,0x40,0x40,0x80,0x00,0x00,
    0x00,0x00,0x00,0x80,0x40,0x40,0x20,0x20,0x10,0x10,0x08,0x00,0x00,
    0x00,0x00,0x00,0x20,0xA8,0x70,0xF8,0x70,0xA8,0x20,0x00,0x00,0x00,
    0x00,0x00,0x00,0x00,0x00,0x20,0x50,0x20,0x00,0x00,0x00,0x00,0x00,
    0x00,0x00,0x00,0x00,0x00,0x20,0x70,0x20,0x00,0x00,0x00,0x00,0x00,
    0x00,0x04,0x04,0x04,0x08,0x08,0x08,0x10,0x90,0x90,0x60,0x60,0x20,
    0x00,0x04,0x44,0xA4,0x48,0x28,0xC8,0x10,0x90,0x90,0x60,0x60,0x20,
    0x00,0x04,0x84,0x84,0xC8,0xE8,0x48,0x10,0x90,0x90,0x60,0x60,0x20,
    0x00,0x00,0x00,0x00,0x00,0x50,0xA0,0xA0,0x50,0x00,0x00,0x00,0x00,
    0x00,0x00,0x00,0x00,0x00,0x50,0xA8,0xA8,0x50,0x00,0x00,0x00,0x00,
    0x00,0x00,0x00,0x00,0x00,0x80,0x80,0x80,0x80,0x80,0xF8,0x00,0x00,
    0x00,0x00,0x00,0x00,0x08,0x10,0x20,0x40,0x80,0xF8,0x00,0x00,0x00,
    0x00,0x00,0x00,0x00,0x08,0x90,0x60,0x60,0xA0,0xF8,0x20,0x00,0x00,
    0x00,0x00,0x08,0x10,0x30,0x48,0x88,0x48,0x30,0x10,0x08,0x00,0x00,
    0x00,0x00,0x20,0x20,0x20,0x20,0x20,0x20,0x20,0x20,0x20,0x00,0x00,
    0x00,0x00,0x20,0x20,0x20,0x30,0x20,0x60,0x20,0x20,0x20,0x00,0x00,
    0x00,0x00,0x50,0x50,0x50,0x50,0x50,0x50,0x50,0x50,0x50,0x00,0x00,
    0x00,0x00,0x50,0x50,0x58,0x50,0x70,0x50,0xD0,0x50,0x50,0x00,0x00,
    0x00,0x00,0x00,0x00,0x00,0x00,0x30,0x30,0x78,0x78,0xCC,0x00,0x00,
    0x00,0x00,0x00,0x00,0x00,0x00,0xCC,0x78,0x78,0x30,0x30,0x00,0x00,
    0x00,0x00,0x00,0x00,0x00,0x78,0xCC,0xCC,0xCC,0xCC,0xCC,0x00,0x00,
    0x00,0x00,0x00,0x00,0x00,0xCC,0xCC,0xCC,0xCC,0xCC,0x78,0x00,0x00,
    0x10,0x28,0x20,0x20,0x20,0x20,0x20,0x20,0x20,0x20,0x20,0xA0,0x40,
    0x00,0x24,0x48,0x48,0x48,0x48,0x48,0x48,0x48,0x48,0x48,0x48,0x90,
    0x00,0x54,0xA8,0xA8,0xA8,0xA8,0xA8,0xA8,0xA8,0xA8,0xA8,0xA8,0xD0,
    0x10,0x28,0x20,0x20,0x70,0xA8,0xA8,0xA8,0x70,0x20,0x20,0xA0,0x40,
    0x00,0x24,0x48,0x48,0x78,0xCC,0xCC,0xCC,0x78,0x48,0x48,0x48,0x90,
    0x00,0x54,0xA8,0xA8,0xF8,0xAC,0xAC,0xAC,0xF8,0xA8,0xA8,0xA8,0xD0,
    0x10,0x28,0x20,0x20,0x20,0x74,0xAC,0x3C,0x20,0x20,0x20,0xA0,0x40,
    0x10,0x28,0x20,0x20,0x74,0xAC,0xBC,0xA8,0x70,0x20,0x20,0xA0,0x40,
    0x10,0x28,0x20,0x20,0x70,0xA8,0xBC,0xAC,0x74,0x20,0x20,0xA0,0x40,
    0x00,0x00,0x00,0x00,0x00,0x00,0x20,0x00,0x00,0x88,0x00,0x00,0x00,
    0x00,0x00,0x00,0x00,0x00,0x00,0x88,0x00,0x00,0x20,0x00,0x00,0x00,
    0x00,0x00,0x00,0x00,0x00,0x00,0x20,0x00,0x00,0x20,0x00,0x00,0x00,
    0x00,0x00,0x00,0x00,0x00,0x00,0x48,0x00,0x00,0x48,0x00,0x00,0x00,
    0x00,0x00,0x00,0x00,0x00,0x00,0x20,0x00,0xF8,0x00,0x00,0x00,0x00,
    0x00,0x00,0x00,0x00,0x00,0x08,0x00,0xE0,0x00,0x08,0x00,0x00,0x00,
    0x00,0x00,0x00,0x00,0x00,0x88,0x00,0xF8,0x00,0x88,0x00,0x00,0x00,
    0x00,0x00,0x00,0x00,0x00,0x10,0x40,0xA8,0xA8,0x10,0x40,0x00,0x00,
    0x00,0x00,0x00,0x00,0x00,0x00,0x40,0xA8,0xA8,0x10,0x00,0x00,0x00,
    0x00,0x00,0x00,0x00,0x00,0x00,0x10,0xA8,0xA8,0x40,0x00,0x00,0x00,
    0x00,0x00,0x00,0x00,0x00,0x48,0xA4,0x94,0x48,0x00,0x00,0x00,0x00,
    0x00,0x00,0x00,0x40,0xA0,0xA0,0xA0,0x28,0x28,0x28,0x10,0x00,0x00,
    0x00,0x00,0x20,0x10,0x10,0x10,0x20,0x40,0x40,0x40,0x20,0x00,0x00,
    0x00,0x00,0x00,0x00,0x20,0x20,0x60,0xA8,0xA8,0x30,0x20,0x00,0x00,
    0x00,0x00,0x00,0x00,0x00,0xF8,0x00,0x48,0xA8,0x90,0x00,0x00,0x00,
    0x00,0x00,0x00,0x00,0x00,0x48,0xA8,0x90,0x00,0xF8,0x00,0x00,0x00,
    0x00,0x00,0x00,0x20,0x20,0x68,0xA8,0xB0,0x20,0xF8,0x20,0x00,0x00,
    0x00,0x00,0x00,0x48,0xA8,0x90,0x00,0xF8,0x00,0xF8,0x00,0x00,0x00,
    0x00,0x00,0x00,0x48,0xA8,0x90,0x20,0xF8,0x20,0xF8,0x20,0x00,0x00,
    0x00,0x00,0x20,0x68,0xA8,0xB0,0x20,0xF8,0x20,0xF8,0x20,0x00,0x00,
    0x00,0x00,0x00,0x00,0x48,0xA8,0x90,0x48,0xA8,0x90,0x00,0x00,0x00,
    0x00,0x00,0x20,0x20,0x68,0xA8,0xB0,0x68,0xA8,0xB0,0x20,0x20,0x00,
    0x00,0x00,0x00,0x48,0xA8,0x90,0x48,0xA8,0x90,0x00,0xF8,0x00,0x00,
    0x00,0x00,0x48,0xA8,0x90,0x48,0xA8,0x90,0x48,0xA8,0x90,0x00,0x00,
    0x00,0x00,0x00,0x90,0xA8,0x48,0x00,0xF8,0x00,0xF8,0x00,0x00,0x00,
    0x00,0x00,0x00,0x00,0x00,0x88,0x70,0x00,0x70,0x88,0x00,0x00,0x00,
    0x00,0x00,0x00,0x00,0x00,0x20,0xD8,0x00,0xD8,0x20,0x00,0x00,0x00,
    0x00,0x00,0x00,0x00,0x00,0x20,0xD8,0x00,0xF8,0x00,0x00,0x00,0x00,
    0x00,0x00,0x00,0x00,0x20,0x00,0xF8,0x00,0xF8,0x00,0x00,0x00,0x00,
    0x00,0x00,0x00,0x00,0x20,0x00,0xF8,0x00,0xF8,0x00,0x20,0x00,0x00,
    0x00,0x00,0x00,0x00,0x80,0x00,0xF8,0x00,0xF8,0x00,0x08,0x00,0x00,
    0x00,0x00,0x00,0x00,0x08,0x00,0xF8,0x00,0xF8,0x00,0x80,0x00,0x00,
    0x00,0x00,0x00,0x00,0x00,0x00,0xB8,0x00,0xB8,0x00,0x00,0x00,0x00,
    0x00,0x00,0x00,0x00,0x00,0x00,0xE8,0x00,0xE8,0x00,0x00,0x00,0x00,
    0x00,0x00,0x00,0x00,0x00,0x00,0xF8,0x50,0xF8,0x00,0x00,0x00,0x00,
    0x00,0x00,0x20,0x50,0x20,0x00,0xF8,0x00,0xF8,0x00,0x00,0x00,0x00,
    0x00,0x00,0x00,0x70,0x88,0x00,0xF8,0x00,0xF8,0x00,0x00,0x00,0x00,
    0x00,0x00,0x00,0x20,0x50,0x00,0xF8,0x00,0xF8,0x00,0x00,0x00,0x00,
    0x00,0x00,0x88,0x50,0x20,0x00,0xF8,0x00,0xF8,0x00,0x00,0x00,0x00,
    0x00,0x00,0xA8,0x70,0xF8,0x70,0xA8,0x00,0xF8,0x00,0xF8,0x00,0x00,
    0x00,0x00,0x20,0x50,0x50,0x88,0xF8,0x00,0xF8,0x00,0xF8,0x00,0x00,
    0x00,0x00,0x4C,0xF8,0xF8,0x00,0xF8,0x00,0xF8,0x00,0x00,0x00,0x00,
    0x00,0x00,0xD0,0xA8,0xA8,0xA8,0x00,0xF8,0x00,0xF8,0x00,0x00,0x00,
    0x20,0x50,0x10,0x20,0x00,0x20,0xF8,0x00,0xF8,0x00,0x00,0x00,0x00,
    0x00,0x00,0x00,0x00,0x00,0x0C,0xFC,0x30,0xFC,0xC0,0x00,0x00,0x00,
    0x00,0x00,0x00,0x00,0x00,0xF8,0x00,0xF8,0x00,0xF8,0x00,0x00,0x00,
    0x00,0x00,0x00,0x10,0x10,0xF8,0x20,0xF8,0x20,0xF8,0x40,0x40,0x00,
    0x00,0x00,0x00,0x00,0xF8,0x00,0xF8,0x00,0xF8,0x00,0xF8,0x00,0x00,
    0x00,0x00,0x00,0x1C,0x70,0xC0,0x70,0x1C,0x00,0xFC,0x00,0x00,0x00,
    0x00,0x00,0x00,0xE0,0x38,0x0C,0x38,0xE0,0x00,0xFC,0x00,0x00,0x00,
    0x00,0x00,0x18,0x60,0x80,0x60,0x18,0x00,0xF8,0x00,0xF8,0x00,0x00,
    0x00,0x00,0xC0,0x30,0x08,0x30,0xC0,0x00,0xF8,0x00,0xF8,0x00,0x00,
    0x00,0x00,0x18,0x60,0x80,0x60,0x18,0x20,0xF8,0x20,0xF8,0x20,0x00,
    0x00,0x00,0xC0,0x30,0x08,0x30,0xC0,0x20,0xF8,0x20,0xF8,0x20,0x00,
    0x00,0x00,0x00,0x14,0x28,0x50,0xA0,0x50,0x28,0x14,0x00,0x00,0x00,
    0x00,0x00,0x00,0xA0,0x50,0x28,0x14,0x28,0x50,0xA0,0x00,0x00,0x00,
    0x00,0x00,0x50,0x20,0x50,0x50,0x50,0x50,0x50,0x20,0x50,0x00,0x00,
    0x00,0x00,0x00,0x00,0x20,0xA8,0x70,0x20,0x70,0xA8,0x20,0x00,0x00,
    0x00,0x20,0x28,0x30,0x20,0x60,0xA0,0x60,0x20,0x30,0x28,0x20,0x00,
    0x00,0x20,0xA0,0x60,0x20,0x30,0x28,0x30,0x20,0x60,0xA0,0x20,0x00,
    0x00,0x20,0x20,0x38,0x60,0xA0,0x60,0x38,0x20,0xF8,0x20,0x20,0x00,
    0x00,0x20,0x20,0xE0,0x30,0x28,0x30,0xE0,0x20,0xF8,0x20,0x20,0x00,
    0x00,0x00,0x18,0x60,0x80,0x60,0x18,0x00,0x48,0xA8,0x90,0x00,0x00,
    0x00,0x00,0xC0,0x30,0x08,0x30,0xC0,0x00,0x48,0xA8,0x90,0x00,0x00,
    0x20,0x20,0x38,0x60,0xA0,0x60,0x38,0x20,0x68,0xA8,0xB0,0x20,0x00,
    0x20,0x20,0xE0,0x30,0x28,0x30,0xE0,0x20,0x68,0xA8,0xB0,0x20,0x00,
    0x00,0x18,0x60,0x80,0x60,0x18,0xC0,0x30,0x08,0x30,0xC0,0x00,0x00,
    0x00,0xC0,0x30,0x08,0x30,0xC0,0x18,0x60,0x80,0x60,0x18,0x00,0x00,
    0x10,0x18,0x70,0x90,0x60,0x38,0xE0,0x30,0x48,0x70,0xC0,0x40,0x00,
    0x10,0xD0,0x30,0x18,0x30,0xE0,0x38,0x60,0xC0,0x60,0x58,0x40,0x00,
    0x00,0x00,0x00,0x00,0x08,0x10,0xE0,0x10,0x08,0x00,0x00,0x00,0x00,
    0x00,0x00,0x00,0x00,0x80,0x40,0x38,0x40,0x80,0x00,0x00,0x00,0x00,
    0x00,0x00,0x00,0x00,0x08,0x10,0xE0,0x10,0xE8,0x10,0x08,0x00,0x00,
    0x00,0x00,0x00,0x00,0x80,0x40,0x38,0x40,0xB8,0x40,0x80,0x00,0x00,
    0x00,0x00,0x08,0x10,0xE0,0x10,0x08,0x00,0x48,0xA8,0x90,0x00,0x00,
    0x00,0x00,0x80,0x40,0x38,0x40,0x80,0x00,0x48,0xA8,0x90,0x00,0x00,
    0x00,0x00,0x20,0x20,0x28,0x30,0xE0,0x30,0x28,0x20,0x20,0x00,0x00,
    0x00,0x00,0x20,0x20,0xA0,0x60,0x38,0x60,0xA0,0x20,0x20,0x00,0x00,
    0x00,0x00,0x00,0x00,0x00,0x7C,0xC0,0xC0,0xC0,0x7C,0x00,0x00,0x00,
    0x00,0x00,0x00,0x00,0x00,0xF8,0x0C,0x0C,0x0C,0xF8,0x00,0x00,0x00,
    0x00,0x00,0x00,0x00,0x18,0x7C,0xD8,0xD8,0xD8,0x7C,0x18,0x00,0x00,
    0x00,0x00,0x00,0x00,0x60,0xF8,0x6C,0x6C,0x6C,0xF8,0x60,0x00,0x00,
    0x00,0x00,0x00,0x78,0x80,0x80,0x80,0x78,0x00,0xF8,0x00,0x00,0x00,
    0x00,0x00,0x00,0xF0,0x08,0x08,0x08,0xF0,0x00,0xF8,0x00,0x00,0x00,
    0x00,0x20,0x20,0x78,0xA0,0xA0,0xA0,0x78,0x20,0xF8,0x20,0x20,0x00,
    0x00,0x20,0x20,0xF0,0x28,0x28,0x28,0xF0,0x20,0xF8,0x20,0x20,0x00,
    0x00,0x00,0x00,0x78,0x80,0x80,0x80,0x78,0x10,0xF8,0x40,0x00,0x00,
    0x00,0x00,0x00,0xF0,0x08,0x08,0x08,0xF0,0x10,0xF8,0x40,0x00,0x00,
    0x00,0x00,0x00,0x88,0xA8,0xE8,0xF8,0xE8,0xA8,0x88,0x70,0x00,0x00,
    0x00,0x00,0x00,0x88,0x88,0x88,0xA8,0x88,0x88,0x88,0x70,0x00,0x00,
    0x00,0x00,0x00,0x88,0xA8,0xA8,0xF8,0xA8,0xA8,0x88,0x70,0x00,0x00,
    0x00,0x00,0x00,0x00,0x00,0xF8,0x80,0x80,0x80,0xF8,0x00,0x00,0x00,
    0x00,0x00,0x00,0x00,0x00,0xF8,0x08,0x08,0x08,0xF8,0x00,0x00,0x00,
    0x00,0x00,0x00,0xF8,0x80,0x80,0x80,0xF8,0x00,0xF8,0x00,0x00,0x00,
    0x00,0x00,0x00,0xF8,0x08,0x08,0x08,0xF8,0x00,0xF8,0x00,0x00,0x00,
    0x00,0x00,0x00,0x00,0x00,0xF8,0x88,0x88,0x88,0x88,0x88,0x00,0x00,
    0x00,0x00,0x00,0x00,0x00,0x88,0x88,0x88,0x88,0x88,0xF8,0x00,0x00,
    0x00,0x00,0x00,0x00,0x70,0xA8,0xF8,0xA8,0x70,0x00,0x00,0x00,0x00,
    0x00,0x00,0x00,0x00,0x70,0x88,0xF8,0x88,0x70,0x00,0x00,0x00,0x00,
    0x00,0x00,0x00,0x00,0x70,0xD8,0xA8,0xD8,0x70,0x00,0x00,0x00,0x00,
    0x00,0x00,0x00,0x00,0x70,0x98,0xA8,0xC8,0x70,0x00,0x00,0x00,0x00,
    0x00,0x00,0x00,0x00,0x70,0x88,0xA8,0x88,0x70,0x00,0x00,0x00,0x00,
    0x00,0x00,0x00,0x70,0x88,0xA8,0xD8,0xA8,0x88,0x70,0x00,0x00,0x00,
    0x00,0x00,0x00,0x70,0x88,0xD8,0xA8,0xD8,0x88,0x70,0x00,0x00,0x00,
    0x00,0x00,0x00,0x70,0x88,0xF8,0x88,0xF8,0x88,0x70,0x00,0x00,0x00,
    0x00,0x00,0x00,0x70,0x88,0x88,0xF8,0x88,0x88,0x70,0x00,0x00,0x00,
    0x00,0x00,0x00,0x00,0xF8,0xA8,0xF8,0xA8,0xF8,0x00,0x00,0x00,0x00,
    0x00,0x00,0x00,0x00,0xF8,0x88,0xF8,0x88,0xF8,0x00,0x00,0x00,0x00,
    0x00,0x00,0x00,0x00,0xF8,0xD8,0xA8,0xD8,0xF8,0x00,0x00,0x00,0x00,
    0x00,0x00,0x00,0x00,0xF8,0x88,0xA8,0x88,0xF8,0x00,0x00,0x00,0x00,
    0x00,0x00,0x80,0x80,0x80,0x80,0xF8,0x80,0x80,0x80,0x80,0x00,0x00,
    0x00,0x00,0x08,0x08,0x08,0x08,0xF8,0x08,0x08,0x08,0x08,0x00,0x00,
    0x00,0x00,0x00,0xF8,0x20,0x20,0x20,0x20,0x20,0x20,0x20,0x00,0x00,
    0x00,0x00,0x00,0x20,0x20,0x20,0x20,0x20,0x20,0x20,0xF8,0x00,0x00,
    0x00,0x00,0x80,0x80,0x80,0x80,0xF0,0x80,0x80,0x80,0x80,0x00,0x00,
    0x00,0x00,0x80,0x80,0x80,0xF0,0x80,0xF0,0x80,0x80,0x80,0x00,0x00,
    0x00,0x00,0x80,0x80,0x80,0xF8,0x80,0xF8,0x80,0x80,0x80,0x00,0x00,
    0x00,0x00,0xA0,0xA0,0xA0,0xA0,0xB8,0xA0,0xA0,0xA0,0xA0,0x00,0x00,
    0x00,0x00,0xA8,0xA8,0xA8,0xA8,0xAC,0xA8,0xA8,0xA8,0xA8,0x00,0x00,
    0x00,0x00,0xA0,0xA0,0xA0,0xB8,0xA0,0xB8,0xA0,0xA0,0xA0,0x00,0x00,
    0x00,0x00,0x80,0x80,0x90,0x90,0xF8,0xA0,0xA0,0x80,0x80,0x00,0x00,
    0x00,0x00,0x80,0x88,0x88,0xF8,0x90,0xF8,0xA0,0xA0,0x80,0x00,0x00,
    0x00,0x00,0xA0,0xA0,0xA8,0xA8,0xBC,0xB0,0xB0,0xA0,0xA0,0x00,0x00,
    0x00,0x00,0xA0,0xA4,0xA4,0xBC,0xA8,0xBC,0xB0,0xB0,0xA0,0x00,0x00,
    0x00,0x00,0x00,0x10,0x08,0x10,0xE0,0x10,0x08,0x10,0x00,0x00,0x00,
    0x00,0x00,0x00,0x40,0x80,0x40,0x38,0x40,0x80,0x40,0x00,0x00,0x00,
    0x00,0x00,0x00,0x00,0x18,0x68,0x88,0x68,0x18,0x00,0x00,0x00,0x00,
    0x00,0x00,0x00,0x00,0xC0,0xB0,0x88,0xB0,0xC0,0x00,0x00,0x00,0x00,
    0x00,0x00,0x00,0x18,0x68,0x88,0x68,0x18,0x00,0xF8,0x00,0x00,0x00,
    0x00,0x00,0x00,0xC0,0xB0,0x88,0xB0,0xC0,0x00,0xF8,0x00,0x00,0x00,
    0x00,0x00,0x00,0x00,0x00,0x50,0xB8,0x50,0x00,0x00,0x00,0x00,0x00,
    0x00,0x00,0x00,0x00,0x00,0x50,0xE8,0x50,0x00,0x00,0x00,0x00,0x00,
    0x00,0x00,0x00,0x00,0x00,0x10,0xE8,0x10,0x00,0x00,0x00,0x00,0x00,
    0x00,0x00,0x00,0x00,0x20,0x20,0xD8,0x20,0x20,0x00,0x00,0x00,0x00,
    0x00,0x00,0x00,0x00,0x00,0x70,0x20,0x20,0x20,0x20,0x20,0x00,0x00,
    0x00,0x00,0x00,0x88,0x88,0x50,0x50,0x20,0x20,0x00,0xF8,0x00,0x00,
    0x00,0x00,0x00,0xF8,0x00,0x20,0x20,0x50,0x50,0x88,0x88,0x00,0x00,
    0x00,0x00,0x00,0xF8,0x00,0x88,0x88,0x50,0x50,0x20,0x20,0x00,0x00,
    0x00,0x00,0x00,0x00,0x00,0x80,0x80,0x80,0xC0,0xA0,0xF8,0x00,0x00,
    0x00,0x00,0x00,0x00,0x00,0x08,0x18,0x28,0x28,0x48,0xF8,0x00,0x00,
    0x00,0x30,0x30,0x30,0x30,0x48,0x48,0x48,0x84,0x84,0x84,0x84,0x00,
    0x00,0x84,0x84,0x84,0x84,0x48,0x48,0x48,0x30,0x30,0x30,0x30,0x00,
    0x00,0x30,0x48,0x84,0x84,0x84,0x84,0x84,0x84,0x84,0x84,0x84,0x00,
    0x00,0x84,0x84,0x84,0x84,0x84,0x84,0x84,0x84,0x84,0x48,0x30,0x00,
    0x00,0x00,0x00,0x20,0x20,0x50,0x88,0x50,0x20,0x20,0x00,0x00,0x00,
    0x00,0x00,0x00,0x00,0x00,0x00,0x30,0x00,0x00,0x00,0x00,0x00,0x00,
    0x00,0x00,0x00,0x20,0x20,0xF8,0x70,0x70,0x88,0x00,0x00,0x00,0x00,
    0x00,0x00,0x00,0x20,0x88,0x50,0xF8,0x50,0x88,0x20,0x00,0x00,0x00,
    0x00,0x00,0x00,0x00,0x88,0xD8,0xA8,0xD8,0x88,0x00,0x00,0x00,0x00,
    0x00,0x00,0x00,0x00,0x88,0xD0,0xA0,0xD0,0x88,0x00,0x00,0x00,0x00,
    0x00,0x00,0x00,0x00,0x88,0x58,0x28,0x58,0x88,0x00,0x00,0x00,0x00,
    0x00,0x00,0x00,0x00,0x80,0x40,0x20,0x50,0x88,0x00,0x00,0x00,0x00,
    0x00,0x00,0x00,0x00,0x08,0x10,0x20,0x50,0x88,0x00,0x00,0x00,0x00,
    0x00,0x00,0x00,0x00,0x00,0x90,0xA8,0x48,0x00,0xF8,0x00,0x00,0x00,
    0x00,0x00,0x00,0x00,0x00,0x88,0x50,0x50,0x20,0x20,0x20,0x00,0x00,
    0x00,0x00,0x00,0x00,0x00,0x20,0x20,0x20,0x50,0x50,0x88,0x00,0x00,
    0x00,0x00,0x00,0x00,0x38,0x40,0x98,0xA0,0x98,0x40,0x38,0x00,0x00,
    0x00,0x00,0x00,0x00,0xE0,0x10,0xC8,0x28,0xC8,0x10,0xE0,0x00,0x00,
    0x00,0x00,0x00,0x00,0x70,0x88,0xA8,0xA8,0xA8,0xA8,0xA8,0x00,0x00,
    0x00,0x00,0x00,0x00,0xA8,0xA8,0xA8,0xA8,0xA8,0x88,0x70,0x00,0x00,
    0x00,0x00,0x00,0x20,0x20,0x70,0xA8,0xA8,0xA8,0xA8,0xA8,0x00,0x00,
    0x00,0x00,0x50,0x50,0x50,0xF8,0x50,0x50,0xF8,0x50,0x50,0x00,0x00,
    0x00,0x00,0x08,0x10,0x20,0x40,0x88,0x40,0x20,0x10,0x08,0x00,0x00,
    0x00,0x00,0x80,0x40,0x20,0x10,0x88,0x10,0x20,0x40,0x80,0x00,0x00,
    0x00,0x00,0x00,0x00,0x14,0x28,0x54,0xA8,0x54,0x28,0x14,0x00,0x00,
    0x00,0x00,0x00,0x00,0xA0,0x50,0xA8,0x54,0xA8,0x50,0xA0,0x00,0x00,
    0x18,0x60,0x80,0x60,0x18,0x00,0xF8,0x00,0xC0,0x30,0x08,0x30,0xC0,
    0xC0,0x30,0x08,0x30,0xC0,0x00,0xF8,0x00,0x18,0x60,0x80,0x60,0x18,
    0x00,0x00,0x00,0xF8,0x00,0x18,0x60,0x80,0x60,0x18,0x00,0x00,0x00,
    0x00,0x00,0x00,0xF8,0x00,0xC0,0x30,0x08,0x30,0xC0,0x00,0x00,0x00,
    0x00,0x00,0x00,0x08,0x10,0xE8,0x10,0xE0,0x10,0x08,0x00,0x00,0x00,
    0x00,0x00,0x00,0x80,0x40,0xB8,0x40,0x38,0x40,0x80,0x00,0x00,0x00,
    0x00,0x00,0x00,0x20,0x28,0x30,0xE0,0x30,0xE8,0x30,0x28,0x20,0x00,
    0x00,0x00,0x00,0x20,0xA0,0x60,0x38,0x60,0xB8,0x60,0xA0,0x20,0x00,
    0x00,0x20,0x20,0xF8,0xA0,0xA0,0xA0,0xF8,0x20,0xF8,0x20,0x20,0x00,
    0x00,0x20,0x20,0xF8,0x28,0x28,0x28,0xF8,0x20,0xF8,0x20,0x20,0x00,
    0x00,0x00,0x00,0xF8,0x80,0x80,0x80,0xF8,0x10,0xF8,0x40,0x00,0x00,
    0x00,0x00,0x00,0xF8,0x08,0x08,0x08,0xF8,0x10,0xF8,0x40,0x00,0x00,
    0x00,0x00,0x18,0x60,0x80,0x60,0x38,0x20,0x68,0xA8,0xB0,0x20,0x20,
    0x00,0x00,0xC0,0x30,0x08,0x30,0xE0,0x20,0x68,0xA8,0xB0,0x20,0x20,
    0x00,0x00,0x08,0x10,0xE0,0x10,0x28,0x20,0x68,0xA8,0xB0,0x20,0x20,
    0x00,0x00,0x80,0x40,0x38,0x40,0xA0,0x20,0x68,0xA8,0xB0,0x20,0x20,
    0x00,0x00,0x20,0x20,0x38,0x68,0xA8,0x68,0x38,0x20,0x20,0x00,0x00,
    0x00,0x00,0x20,0x20,0xE0,0xB0,0xA8,0xB0,0xE0,0x20,0x20,0x00,0x00,
    0x00,0x20,0x20,0x38,0x68,0xA8,0x68,0x38,0x20,0xF8,0x20,0x20,0x00,
    0x00,0x20,0x20,0xE0,0xB0,0xA8,0xB0,0xE0,0x20,0xF8,0x20,0x20,0x00,
    0x00,0x00,0x00,0x30,0x00,0x00,0x30,0x00,0x00,0x30,0x00,0x00,0x00,
    0x00,0x00,0x00,0x00,0x00,0x00,0xA8,0x00,0x00,0x00,0x00,0x00,0x00,
    0x00,0x00,0x00,0x00,0x0C,0x00,0x30,0x00,0xC0,0x00,0x00,0x00,0x00,
    0x00,0x00,0x00,0x00,0xC0,0x00,0x30,0x00,0x0C,0x00,0x00,0x00,0x00,
    0x00,0x00,0x00,0x00,0x38,0x40,0x40,0xF0,0x40,0x40,0x38,0x00,0x00,
    0x00,0x00,0x00,0x00,0x38,0x40,0x88,0xF8,0x88,0x40,0x38,0x00,0x00,
    0x00,0x00,0x00,0x00,0x38,0x40,0x48,0x78,0x48,0x40,0x38,0x00,0x00,
    0x00,0x00,0x30,0x00,0x38,0x40,0x80,0xF0,0x80,0x40,0x38,0x00,0x00,
    0x00,0x00,0xF8,0x00,0x38,0x40,0x80,0xF0,0x80,0x40,0x38,0x00,0x00,
    0x00,0x00,0x00,0x78,0x00,0x38,0x40,0x70,0x40,0x38,0x00,0x00,0x00,
    0x00,0x00,0x00,0x00,0x38,0x40,0x80,0xF0,0x80,0x40,0x38,0x00,0xF8,
    0x00,0x00,0x00,0x00,0x38,0x40,0xF0,0x80,0xF0,0x40,0x38,0x00,0x00,
    0x00,0x00,0x00,0x00,0xE0,0x10,0x10,0x78,0x10,0x10,0xE0,0x00,0x00,
    0x00,0x00,0x00,0x00,0xE0,0x10,0x88,0xF8,0x88,0x10,0xE0,0x00,0x00,
    0x00,0x00,0x00,0x00,0x70,0x08,0x48,0x78,0x48,0x08,0x70,0x00,0x00,
    0x00,0x00,0xF8,0x00,0xE0,0x10,0x08,0x78,0x08,0x10,0xE0,0x00,0x00,
    0x00,0x00,0x00,0x78,0x00,0x70,0x08,0x38,0x08,0x70,0x00,0x00,0x00,
    0x00,0x00,0x00,0x00,0xF8,0x80,0x80,0xF8,0x80,0x80,0xF8,0x00,0x00,
    0x00,0x00,0x00,0x00,0x00,0x00,0x68,0x90,0xA8,0x48,0xB0,0x00,0x00,
    0x00,0x00,0x00,0x00,0x20,0x30,0xA8,0x60,0x20,0x00,0x00,0x00,0x00,
    0x00,0x00,0x20,0x20,0x50,0x50,0x88,0x88,0x88,0x88,0xF8,0x00,0x00,
    0x00,0x00,0x20,0x50,0x88,0x00,0x00,0x00,0x00,0x00,0x00,0x00,0x00,
    0x00,0x00,0x00,0x00,0x00,0x00,0x00,0x00,0x88,0x50,0x20,0x00,0x00,
    0x00,0x00,0x00,0x00,0x00,0x00,0xF8,0x00,0x20,0x50,0x88,0x00,0x00,
    0x00,0x00,0x00,0x00,0xF8,0x00,0xF8,0x00,0x20,0x50,0x88,0x00,0x00,
    0x00,0x00,0x10,0x10,0x20,0x20,0x10,0x10,0x20,0x20,0x10,0x00,0x00,
    0x00,0x78,0x60,0x60,0x60,0x60,0x60,0x60,0x60,0x60,0x60,0x60,0x00,
    0x00,0x78,0x18,0x18,0x18,0x18,0x18,0x18,0x18,0x18,0x18,0x18,0x00,
    0x00,0x60,0x60,0x60,0x60,0x60,0x60,0x60,0x60,0x60,0x60,0x78,0x00,
    0x00,0x18,0x18,0x18,0x18,0x18,0x18,0x18,0x18,0x18,0x18,0x78,0x00,
    0x00,0x00,0x00,0x00,0x00,0x00,0x18,0x20,0x20,0x00,0x00,0x00,0x00,
    0x00,0x00,0x00,0x00,0x00,0x00,0xC0,0x20,0x20,0x00,0x00,0x00,0x00,
    0x00,0x00,0x00,0x00,0x20,0x20,0x18,0x00,0x00,0x00,0x00,0x00,0x00,
    0x00,0x00,0x00,0x00,0x20,0x20,0xC0,0x00,0x00,0x00,0x00,0x00,0x00,
    0x00,0x00,0x00,0x00,0x00,0x00,0xF8,0x80,0x80,0x00,0x00,0x00,0x00,
    0x00,0x00,0x00,0x00,0x88,0x70,0x50,0x70,0x88,0x00,0x00,0x00,0x00,
    0x00,0x00,0x00,0x00,0x70,0x88,0x88,0x88,0x00,0x00,0x00,0x00,0x00,
    0x00,0x00,0x00,0x00,0x70,0x88,0x88,0xF8,0x00,0x00,0x00,0x00,0x00,
    0x00,0x00,0x00,0x00,0x00,0x70,0x88,0x50,0x20,0x00,0x00,0x00,0x00,
    0x00,0x00,0x00,0x00,0x00,0x20,0x50,0x88,0xA8,0x50,0xA0,0x00,0x00,
    0x00,0x00,0x20,0x20,0x70,0xA8,0xF8,0xA8,0x70,0x20,0x20,0x00,0x00,
    0x00,0x00,0x00,0x50,0x50,0xF8,0x50,0x50,0xF8,0x50,0x50,0x00,0x00,
    0x00,0x00,0x00,0x00,0x50,0xA8,0x70,0x20,0x70,0xA8,0x50,0x00,0x00,
    0x00,0x00,0x00,0x00,0x80,0x80,0xF8,0x00,0x00,0x00,0x00,0x00,0x00,
    0x00,0x00,0x70,0x50,0x70,0xA8,0xB8,0x88,0x70,0x50,0x70,0x00,0x00,
    0x00,0x00,0x00,0xF8,0x88,0x70,0x20,0x20,0x50,0xA8,0xF8,0x00,0x00,
    0x00,0x00,0x00,0x00,0xE0,0x80,0x80,0x00,0x00,0x00,0x00,0x00,0x00,
    0x00,0x00,0x00,0x00,0x38,0x08,0x08,0x00,0x00,0x00,0x00,0x00,0x00,
    0x00,0x00,0x00,0x00,0x00,0x00,0x80,0x80,0xE0,0x00,0x00,0x00,0x00,
    0x00,0x00,0x00,0x00,0x00,0x00,0x08,0x08,0x38,0x00,0x00,0x00,0x00,
    0x10,0x28,0x20,0x20,0x20,0x20,0x20,0x20,0x20,0x20,0x20,0x20,0x20,
    0x20,0x20,0x20,0x20,0x20,0x20,0x20,0x20,0x20,0x20,0x20,0xA0,0x40,
    0x00,0x00,0x00,0x00,0x00,0x00,0x70,0x88,0x00,0x00,0x00,0x00,0x00,
    0x00,0x00,0x00,0x00,0x00,0x88,0x70,0x00,0x00,0x00,0x00,0x00,0x00,
    0x00,0x00,0x00,0x00,0x00,0x00,0xD8,0x20,0x50,0x88,0x00,0x00,0x00,
    0x00,0x00,0x00,0x00,0x00,0x18,0xC0,0x20,0x18,0x00,0x00,0x00,0x00,
    0x00,0x00,0x00,0x00,0xF0,0xD8,0xA4,0xD8,0xF0,0x00,0x00,0x00,0x00,
    0x00,0x00,0x00,0x00,0xF8,0xD8,0xA8,0xD8,0xF8,0x00,0x00,0x00,0x00,
    0x00,0xFC,0x84,0xAC,0x84,0xAC,0x84,0xAC,0x84,0xAC,0x84,0xFC,0x00,
    0x00,0x00,0x1E,0x12,0x12,0x12,0x12,0x12,0x12,0x12,0x1E,0x00,0x00,
    0x00,0x00,0x1E,0x12,0x12,0x12,0x12,0x12,0x12,0x12,0x1E,0x00,0x00,
    0x00,0x00,0x00,0x00,0x3C,0x6C,0x94,0x6C,0x3C,0x00,0x00,0x00,0x00,
    0x00,0x00,0x00,0x20,0x50,0x88,0x88,0x88,0x50,0x20,0x00,0x00,0x00,
    0x00,0x00,0x00,0x10,0x20,0x60,0xD8,0x30,0x20,0x40,0x00,0x00,0x00,
    0x00,0x00,0x70,0x88,0xBC,0xA8,0x70,0x40,0xC0,0xE0,0xC0,0x00,0x00,
    0x00,0x00,0x00,0x00,0x70,0x00,0xF8,0x00,0x70,0x00,0x00,0x00,0x00,
    0x00,0x00,0x48,0xFC,0x48,0x48,0x48,0x90,0x90,0x90,0xF0,0x00,0x00,
    0x00,0x00,0x00,0x40,0x40,0xA8,0xFC,0xA8,0x40,0x40,0x00,0x00,0x00,
    0x00,0x00,0x00,0x40,0x60,0x50,0xFC,0x50,0x60,0x40,0x00,0x00,0x00,
    0x00,0x00,0x00,0x00,0x00,0x00,0x80,0xC0,0xA0,0x90,0xF8,0x00,0x00,
    0x00,0x00,0x00,0x00,0x00,0x00,0x84,0x84,0x84,0x84,0xFC,0x00,0x00,
    0x00,0x00,0x00,0x00,0x00,0x00,0x88,0x88,0x50,0x50,0x20,0x00,0x00,
    0x00,0x00,0xF8,0x20,0x20,0x20,0x20,0x20,0x20,0x20,0xF8,0x00,0x00,
    0x00,0x78,0x48,0x48,0x48,0x48,0x48,0x48,0x48,0x48,0x48,0x78,0x00,
    0x00,0xF8,0x88,0x88,0x88,0xF8,0x88,0xF8,0x88,0x88,0x88,0xF8,0x00,
    0x00,0xF8,0x88,0x88,0xA8,0x88,0xF8,0x88,0xA8,0x88,0x88,0xF8,0x00,
    0x00,0xF8,0x88,0x88,0xA8,0xD8,0x88,0xD8,0xA8,0x88,0x88,0xF8,0x00,
    0x00,0xF8,0x88,0x88,0x88,0xA8,0xD8,0xA8,0x88,0x88,0x88,0xF8,0x00,
    0x00,0xF8,0x88,0xA8,0xD8,0x88,0x88,0x88,0xD8,0xA8,0x88,0xF8,0x00,
    0x00,0x00,0x20,0x20,0x70,0xA8,0xA8,0xA8,0x70,0x20,0x20,0x00,0x00,
    0x00,0x00,0x00,0x70,0x88,0xA8,0xD8,0xA8,0x88,0x70,0x00,0x00,0x00,
    0x00,0x00,0x00,0x08,0x10,0x10,0xF8,0x40,0x40,0x80,0x00,0x00,0x00,
    0x00,0x00,0x00,0x80,0x40,0x40,0xF8,0x10,0x10,0x08,0x00,0x00,0x00,
    0x00,0xF8,0x98,0x98,0x98,0xA8,0xA8,0xA8,0xC8,0xC8,0xC8,0xF8,0x00,
    0x00,0xF8,0xC8,0xC8,0xC8,0xA8,0xA8,0xA8,0x98,0x98,0x98,0xF8,0x00,
    0x00,0xF8,0x88,0x88,0x98,0xA8,0xC8,0xA8,0x98,0x88,0x88,0xF8,0x00,
    0x00,0xF8,0x88,0x88,0xC8,0xA8,0x98,0xA8,0xC8,0x88,0x88,0xF8,0x00,
    0x00,0x00,0x10,0x10,0x30,0x50,0xF8,0x50,0x30,0x10,0x10,0x00,0x00,
    0x00,0x00,0x40,0x40,0x60,0x50,0xF8,0x50,0x60,0x40,0x40,0x00,0x00,
    0x00,0xF8,0x88,0x88,0xA8,0xC8,0xF8,0xC8,0xA8,0x88,0x88,0xF8,0x00,
    0x00,0xF8,0x88,0x88,0xA8,0x98,0xF8,0x98,0xA8,0x88,0x88,0xF8,0x00,
    0x00,0x00,0x80,0x80,0x70,0xC8,0xA8,0x98,0x70,0x08,0x08,0x00,0x00,
    0x00,0x00,0x20,0x20,0x20,0x20,0x20,0x20,0x20,0xF8,0x00,0xF8,0x00,
    0x00,0x00,0x20,0x20,0x20,0x20,0x70,0x70,0xA8,0xF8,0x20,0x20,0x00,
    0x00,0xF8,0x88,0x88,0x88,0xD8,0xD8,0xA8,0xA8,0x88,0x88,0xF8,0x00,
    0x00,0xF8,0x88,0x88,0xA8,0xA8,0xD8,0xD8,0xF8,0x88,0x88,0xF8,0x00,
    0x00,0x00,0x20,0x20,0x70,0xA8,0xA8,0x70,0x20,0x20,0xF8,0x00,0x00,
    0x00,0x00,0x20,0x70,0xA8,0x20,0x20,0xF8,0x20,0x20,0x20,0x00,0x00,
    0x00,0xF8,0xA8,0xF8,0xA8,0xA8,0xA8,0xA8,0xA8,0xA8,0xA8,0xF8,0x00,
    0x00,0x00,0xF8,0x00,0xF8,0x20,0x20,0x20,0x20,0x20,0x20,0x00,0x00,
    0x00,0x00,0x20,0x20,0xF8,0xA8,0x70,0x70,0x20,0x20,0x20,0x20,0x00,
    0x00,0xF8,0x88,0x88,0xA8,0xA8,0xD8,0xD8,0x88,0x88,0x88,0xF8,0x00,
    0x00,0xF8,0x88,0x88,0xF8,0xD8,0xD8,0xA8,0xA8,0x88,0x88,0xF8,0x00,
    0x00,0x00,0xF8,0x20,0x20,0x70,0xA8,0xA8,0x70,0x20,0x20,0x00,0x00,
    0x00,0x00,0x20,0x20,0x20,0xF8,0x20,0x20,0xA8,0x70,0x20,0x00,0x00,
    0x00,0xF8,0xA8,0xA8,0xA8,0xA8,0xA8,0xA8,0xA8,0xF8,0xA8,0xF8,0x00,
    0x00,0x00,0x20,0x20,0x20,0x00,0x00,0x00,0x00,0x00,0x00,0xF8,0x00,
    0x00,0x00,0x20,0x20,0x50,0x50,0x50,0x88,0x88,0xF8,0x00,0xF8,0x00,
    0x00,0x00,0x00,0x00,0x00,0x20,0x50,0x88,0x50,0x20,0x00,0xF8,0x00,
    0x00,0x00,0x00,0x00,0x00,0x20,0x50,0x20,0x00,0x00,0x00,0xF8,0x00,
    0x00,0x00,0x00,0x00,0x70,0x88,0x88,0x88,0x70,0x00,0x00,0xF8,0x00,
    0x00,0x00,0x00,0x00,0x70,0x88,0xA8,0xD8,0xA8,0x88,0x88,0x00,0x00,
    0x00,0xF8,0xA8,0xA8,0xA8,0x88,0x88,0x88,0x88,0x88,0x88,0xF8,0x00,
    0x00,0x00,0x00,0x70,0x88,0xA8,0xF8,0xA8,0xD8,0x88,0x70,0x00,0x00,
    0x00,0xF8,0x88,0x88,0x88,0xA8,0x88,0x88,0xA8,0x88,0x88,0xF8,0x00,
    0x00,0x50,0x50,0x00,0xF8,0x20,0x20,0x20,0x20,0x20,0x20,0x00,0x00,
    0x00,0x50,0x50,0x00,0xF8,0x88,0x88,0x50,0x50,0x20,0x20,0x00,0x00,
    0x00,0x50,0x50,0x00,0x20,0x20,0xF8,0x70,0x70,0x88,0x00,0x00,0x00,
    0x00,0x50,0x50,0x00,0x00,0x20,0x50,0x20,0x00,0x00,0x00,0x00,0x00,
    0x00,0x50,0x50,0x00,0x70,0x88,0x88,0x88,0x70,0x00,0x00,0x00,0x00,
    0x00,0x00,0x00,0xA8,0xA8,0xA8,0xA8,0xA8,0x70,0x20,0x20,0x00,0x00,
    0x00,0x00,0x10,0x10,0x78,0x90,0x90,0x90,0x90,0x78,0x10,0x10,0x00,
    0x00,0x50,0x50,0x00,0x00,0x00,0x40,0xA8,0xA8,0x10,0x00,0x00,0x00,
    0x00,0x50,0x50,0x00,0x00,0xC0,0x30,0x08,0x30,0xC0,0x00,0x00,0x00,
    0x00,0x00,0x00,0x00,0x00,0x00,0xF8,0x00,0x00,0x30,0x20,0x40,0x00,
    0x00,0x00,0xF8,0x88,0x88,0x50,0x58,0xA8,0xB0,0x20,0x20,0x00,0x00,
    0x00,0x00,0x20,0x50,0x88,0xE8,0xB8,0x88,0x88,0x50,0x20,0x00,0x00,
    0x00,0x00,0x20,0x20,0x20,0x68,0xA8,0xB0,0x20,0x20,0x20,0x00,0x00,
    0x00,0x00,0x00,0x20,0x70,0x20,0x00,0x00,0x30,0x20,0x40,0xF8,0x00,
    0x00,0xF8,0x88,0x98,0x98,0xF8,0xA8,0xF8,0xC8,0xC8,0x88,0xF8,0x00,
    0x00,0xF8,0x88,0xA8,0xD8,0x98,0xA8,0xA8,0x88,0xA8,0x88,0xF8,0x00,
    0x00,0x00,0x88,0xE8,0xB8,0x88,0x50,0x50,0x20,0x20,0x20,0x00,0x00,
    0x00,0x00,0x20,0x20,0x20,0x50,0x50,0x88,0xE8,0xB8,0x88,0x00,0x00,
    0x00,0x00,0x00,0x00,0x00,0x20,0x20,0x20,0x20,0x20,0x10,0x00,0x00,
    0x00,0x00,0x00,0x00,0x00,0x70,0x88,0x88,0x88,0x88,0xF0,0x80,0x80,
    0x00,0x00,0x00,0x00,0x00,0x50,0x88,0xA8,0xA8,0xA8,0x50,0x00,0x00,
    0x00,0x00,0x00,0x00,0x68,0x90,0x90,0x90,0x90,0x68,0x00,0xF8,0x00,
    0x00,0x00,0x00,0x00,0x70,0x88,0x60,0x80,0x88,0x70,0x00,0xF8,0x00,
    0x00,0x00,0x00,0x00,0x20,0x20,0x20,0x20,0x20,0x10,0x00,0xF8,0x00,
    0x00,0x00,0x00,0x00,0x50,0x88,0xA8,0xA8,0xA8,0x50,0x00,0xF8,0x00,
    0x00,0x00,0x00,0x00,0x00,0x68,0x90,0x90,0x90,0x90,0x68,0x00,0x00,
    0x00,0x00,0x08,0x08,0x08,0x38,0x1C,0x90,0x50,0x20,0x00,0x00,0x00,
    0x00,0x00,0x60,0x60,0x40,0xC0,0xC0,0x40,0x60,0xFC,0xC0,0xE0,0x00,
    0x00,0x00,0x00,0x00,0x00,0x00,0xD8,0x70,0x00,0x00,0x00,0x00,0x00,
    0x00,0x00,0x00,0x00,0x70,0x88,0x88,0xF8,0x50,0xD8,0x00,0x00,0x00,
    0x00,0x00,0x20,0x20,0x70,0xF8,0xF8,0xF8,0x70,0x20,0x20,0x00,0x00,
    0x00,0x00,0x00,0x70,0x08,0x78,0x88,0x88,0x78,0x00,0x88,0x50,0x20,
    0x00,0x00,0x00,0x00,0x00,0x60,0x10,0x70,0x90,0x90,0x74,0x00,0xFC,
    0x00,0x00,0x00,0x00,0x00,0x48,0x24,0x6C,0xB4,0xB4,0x6C,0x00,0x6C,
    0x00,0x00,0x00,0x00,0x00,0x20,0x94,0x30,0xD4,0x50,0xB4,0x00,0x00,
    0x00,0x00,0x00,0x00,0x00,0xF8,0xD4,0xD4,0xD4,0xF8,0x00,0x00,0x00,
    0x00,0x00,0x20,0xF8,0xA8,0xA8,0xA8,0xA8,0xA8,0xF8,0x20,0x00,0x00,
    0x00,0x00,0x00,0x20,0x50,0x88,0x24,0xF4,0x24,0x88,0x50,0x20,0x00,
    0x00,0x00,0x00,0x00,0x08,0x1C,0x28,0x40,0x9C,0x00,0x00,0x00,0x00,
    0x00,0x00,0x00,0x00,0x20,0xA8,0x70,0xA8,0x70,0xA8,0x20,0x00,0x00,
    0x00,0x00,0x00,0x00,0x00,0x78,0x84,0x84,0xCC,0xB4,0x78,0x00,0x00,
    0x00,0x00,0x00,0x00,0x78,0x84,0xFC,0xCC,0xB4,0x84,0x78,0x00,0x00,
    0x00,0x00,0x00,0x00,0xE8,0xC4,0xA4,0x14,0x84,0x78,0x00,0x00,0x00,
    0x00,0x00,0x00,0x00,0xF0,0xC8,0x00,0x50,0xA8,0x50,0x00,0x00,0x00,
    0x00,0x00,0x00,0x00,0x70,0x50,0x50,0x50,0x50,0xD8,0x00,0x00,0x00,
    0x00,0x00,0x00,0x00,0x78,0x50,0x50,0x50,0x50,0xF0,0x00,0x00,0x00,
    0x00,0x00,0x00,0x00,0xF8,0x20,0x50,0x88,0x50,0x20,0x00,0x00,0x00,
    0x00,0x00,0x00,0x00,0x20,0x50,0x88,0x50,0x20,0xF8,0x00,0x00,0x00,
    0x00,0x00,0x00,0x00,0xF8,0x20,0x50,0xF8,0x50,0x20,0x00,0x00,0x00,
    0x00,0x00,0x00,0x00,0x20,0x50,0xF8,0x50,0x20,0xF8,0x00,0x00,0x00,
    0x00,0x00,0x00,0x00,0x00,0xF8,0x00,0xA8,0x00,0x00,0x00,0x00,0x00,
    0x00,0x00,0x00,0x30,0x48,0x84,0x84,0x84,0x48,0x30,0x00,0x00,0x00,
    0x00,0xF8,0x88,0x88,0x88,0x88,0x88,0x88,0x88,0x88,0x88,0xF8,0x00,
    0x00,0x00,0x00,0x00,0x78,0x70,0x70,0x60,0x60,0x40,0x00,0x00,0x00,
    0x00,0x00,0x78,0x48,0x28,0x48,0xF8,0x48,0x28,0x48,0x78,0x00,0x00,
    0x00,0x00,0xF0,0x90,0xA0,0x90,0xF8,0x90,0xA0,0x90,0xF0,0x00,0x00,
    0x00,0x00,0x00,0x38,0x68,0x48,0xCC,0xCC,0xCC,0xFC,0xFC,0x00,0x00,
    0x00,0x00,0x00,0x00,0x78,0x84,0x94,0xA4,0x84,0x78,0x00,0x00,0x00,
    0x00,0x10,0x20,0x20,0x40,0x40,0x40,0x40,0x40,0x40,0x40,0x40,0x40,
    0x40,0x40,0x40,0x40,0x40,0x40,0x40,0x40,0x40,0x40,0x40,0x40,0x40,
    0x40,0x40,0x40,0x40,0x40,0x40,0x40,0x40,0x40,0x20,0x20,0x10,0x00,
    0x00,0x40,0x20,0x20,0x10,0x10,0x10,0x10,0x10,0x10,0x10,0x10,0x10,
    0x10,0x10,0x10,0x10,0x10,0x10,0x10,0x10,0x10,0x10,0x10,0x10,0x10,
    0x10,0x10,0x10,0x10,0x10,0x10,0x10,0x10,0x10,0x20,0x20,0x40,0x00,
    0x00,0x70,0x40,0x40,0x40,0x40,0x40,0x40,0x40,0x40,0x40,0x40,0x40,
    0x40,0x40,0x40,0x40,0x40,0x40,0x40,0x40,0x40,0x40,0x40,0x40,0x40,
    0x40,0x40,0x40,0x40,0x40,0x40,0x40,0x40,0x40,0x40,0x40,0x70,0x00,
    0x00,0x70,0x10,0x10,0x10,0x10,0x10,0x10,0x10,0x10,0x10,0x10,0x10,
    0x10,0x10,0x10,0x10,0x10,0x10,0x10,0x10,0x10,0x10,0x10,0x10,0x10,
    0x10,0x10,0x10,0x10,0x10,0x10,0x10,0x10,0x10,0x10,0x10,0x70,0x00,
    0x00,0x18,0x20,0x20,0x20,0x20,0x20,0x20,0x20,0x20,0x20,0x20,0x20,
    0x20,0x20,0x20,0x20,0x20,0x20,0xC0,0x20,0x20,0x20,0x20,0x20,0x20,
    0x20,0x20,0x20,0x20,0x20,0x20,0x20,0x20,0x20,0x20,0x20,0x18,0x00,
    0x20,0x20,0x20,0x20,0x20,0x20,0x20,0x20,0x20,0x20,0x20,0x20,0x20,
    0x00,0xC0,0x20,0x20,0x20,0x20,0x20,0x20,0x20,0x20,0x20,0x20,0x20,
    0x20,0x20,0x20,0x20,0x20,0x20,0x18,0x20,0x20,0x20,0x20,0x20,0x20,
    0x20,0x20,0x20,0x20,0x20,0x20,0x20,0x20,0x20,0x20,0x20,0xC0,0x00,
    0x20,0x20,0x20,0x20,0x20,0x20,0x20,0x20,0x20,0x20,0x20,0x20,0x20,
    0x00,0x00,0x00,0x00,0x00,0x00,0x00,0xFC,0x00,0x00,0x00,0x00,0x00,
    0x18,0x20,0x20,0x20,0x20,0x20,0x20,0x20,0x20,0x20,0x20,0x20,0xC0,
    0xC0,0x20,0x20,0x20,0x20,0x20,0x20,0x20,0x20,0x20,0x20,0x20,0x18,
    0x00,0xFC,0x80,0x40,0x40,0x40,0x40,0x20,0x20,0x20,0x20,0x10,0x10,
    0x10,0x10,0x20,0x20,0x20,0x20,0x40,0x40,0x40,0x40,0x80,0xFC,0x00,
    0x00,0x00,0xF8,0x88,0x00,0x00,0x00,0x00,0x00,0x00,0x00,0x00,0x00,
    0x00,0x00,0x00,0x00,0x00,0x00,0x00,0x00,0x00,0x88,0xF8,0x00,0x00,
    0x00,0x00,0x00,0x88,0xF8,0x00,0x00,0x00,0xF8,0x88,0x00,0x00,0x00,
    0x20,0x20,0x20,0x20,0x20,0xA0,0xA0,0x60,0x60,0x20,0x20,0x00,0x00,
    0x80,0x80,0x80,0x80,0x80,0x80,0x80,0x80,0x80,0x80,0x80,0x80,0x80,
    0x04,0x04,0x04,0x04,0x04,0x04,0x04,0x04,0x04,0x04,0x04,0x04,0x04,
    0xFC,0xFC,0x00,0x00,0x00,0x00,0x00,0x00,0x00,0x00,0x00,0x00,0x00,
    0x00,0x00,0x00,0xFC,0xFC,0x00,0x00,0x00,0x00,0x00,0x00,0x00,0x00,
    0x00,0x00,0x00,0x00,0x00,0x00,0x00,0x00,0xFC,0xFC,0x00,0x00,0x00,
    0x00,0x00,0x00,0x00,0x00,0x00,0x00,0x00,0x00,0x00,0x00,0xFC,0xFC,
    0x00,0x00,0xF8,0x80,0x80,0x80,0x80,0x80,0x80,0x80,0x80,0x00,0x00,
    0x00,0x00,0x80,0x80,0x80,0x80,0x80,0x80,0x80,0x80,0xF8,0x00,0x00,
    0x00,0x00,0x20,0x20,0x70,0xA8,0xA8,0xA8,0x70,0x20,0x20,0x00,0x00,
    0x00,0x00,0xF8,0x20,0x70,0xA8,0xA8,0xA8,0x70,0x20,0x20,0x00,0x00,
    0x00,0x00,0x20,0x20,0x70,0xA8,0xA8,0xA8,0x70,0x20,0xF8,0x00,0x00,
    0x00,0x00,0x20,0x20,0x20,0x70,0x70,0xA8,0xF8,0x20,0x20,0x00,0x00,
    0x00,0x00,0xF8,0x20,0x20,0x70,0x70,0xA8,0xF8,0x20,0x20,0x00,0x00,
    0x00,0x00,0x20,0x20,0x20,0x70,0x70,0xA8,0xF8,0x20,0xF8,0x00,0x00,
    0x00,0x00,0x20,0x20,0x20,0x20,0x68,0xB0,0x20,0x20,0x20,0x00,0x00,
    0x00,0x00,0xF8,0x20,0x20,0x20,0x68,0xB0,0x20,0x20,0x20,0x00,0x00,
    0x00,0x00,0x20,0x20,0x20,0x20,0x68,0xB0,0x20,0x20,0xF8,0x00,0x00,
    0x00,0x00,0xF8,0x20,0x20,0x20,0x20,0x20,0x20,0x20,0x20,0x00,0x00,
    0x00,0x00,0x20,0x20,0x20,0x20,0x20,0x20,0x20,0x20,0xF8,0x00,0x00,
    0x00,0x00,0xF8,0x08,0x08,0x08,0x08,0x08,0x08,0x08,0x08,0x00,0x00,
    0x00,0x00,0x08,0x08,0x08,0x08,0x08,0x08,0x08,0x08,0xF8,0x00,0x00,
    0x00,0x00,0x20,0xA8,0xA8,0x88,0x88,0x88,0x88,0x88,0xF8,0x00,0x00,
    0x00,0x00,0x18,0x18,0x18,0x18,0x58,0xF8,0xF0,0x40,0x00,0x00,0x00,
    0x00,0x00,0x1E,0x12,0x12,0x12,0x12,0x12,0x12,0x12,0x1E,0x00,0x00,
    0x00,0x00,0x1E,0x12,0x12,0x12,0x12,0x12,0x12,0x12,0x1E,0x00,0x00,
    0x00,0x00,0x1E,0x12,0x12,0x12,0x12,0x12,0x12,0x12,0x1E,0x00,0x00,
    0x00,0x00,0x1E,0x12,0x12,0x12,0x12,0x12,0x12,0x12,0x1E,0x00,0x00,
    0x00,0x00,0x1E,0x12,0x12,0x12,0x12,0x12,0x12,0x12,0x1E,0x00,0x00,
    0x00,0x00,0x1E,0x12,0x12,0x12,0x12,0x12,0x12,0x12,0x1E,0x00,0x00,
    0x00,0x00,0x1E,0x12,0x12,0x12,0x12,0x12,0x12,0x12,0x1E,0x00,0x00,
    0x00,0x00,0x1E,0x12,0x12,0x12,0x12,0x12,0x12,0x12,0x1E,0x00,0x00,
    0x00,0x00,0x1E,0x12,0x12,0x12,0x12,0x12,0x12,0x12,0x1E,0x00,0x00,
    0x00,0x00,0x1E,0x12,0x12,0x12,0x12,0x12,0x12,0x12,0x1E,0x00,0x00,
    0x00,0x00,0x1E,0x12,0x12,0x12,0x12,0x12,0x12,0x12,0x1E,0x00,0x00,
    0x00,0x00,0x1E,0x12,0x12,0x12,0x12,0x12,0x12,0x12,0x1E,0x00,0x00,
    0x00,0x00,0x1E,0x12,0x12,0x12,0x12,0x12,0x12,0x12,0x1E,0x00,0x00,
    0x00,0x00,0x1E,0x12,0x12,0x12,0x12,0x12,0x12,0x12,0x1E,0x00,0x00,
    0x00,0x00,0x1E,0x12,0x12,0x12,0x12,0x12,0x12,0x12,0x1E,0x00,0x00,
    0x00,0x00,0x1E,0x12,0x12,0x12,0x12,0x12,0x12,0x12,0x1E,0x00,0x00,
    0x00,0x00,0x1E,0x12,0x12,0x12,0x12,0x12,0x12,0x12,0x1E,0x00,0x00,
    0x00,0x00,0x1E,0x12,0x12,0x12,0x12,0x12,0x12,0x12,0x1E,0x00,0x00,
    0x00,0x00,0x1E,0x12,0x12,0x12,0x12,0x12,0x12,0x12,0x1E,0x00,0x00,
    0x00,0x00,0x1E,0x12,0x12,0x12,0x12,0x12,0x12,0x12,0x1E,0x00,0x00,
    0x00,0x00,0x1E,0x12,0x12,0x12,0x12,0x12,0x12,0x12,0x1E,0x00,0x00,
    0x00,0x00,0x1E,0x12,0x12,0x12,0x12,0x12,0x12,0x12,0x1E,0x00,0x00,
    0x00,0x00,0x1E,0x12,0x12,0x12,0x12,0x12,0x12,0x12,0x1E,0x00,0x00,
    0x00,0x00,0x1E,0x12,0x12,0x12,0x12,0x12,0x12,0x12,0x1E,0x00,0x00,
    0x00,0x00,0x1E,0x12,0x12,0x12,0x12,0x12,0x12,0x12,0x1E,0x00,0x00,
    0x00,0x00,0x1E,0x12,0x12,0x12,0x12,0x12,0x12,0x12,0x1E,0x00,0x00,
    0x00,0x00,0x1E,0x12,0x12,0x12,0x12,0x12,0x12,0x12,0x1E,0x00,0x00,
    0x00,0x00,0x1E,0x12,0x12,0x12,0x12,0x12,0x12,0x12,0x1E,0x00,0x00,
    0x00,0x00,0x1E,0x12,0x12,0x12,0x12,0x12,0x12,0x12,0x1E,0x00,0x00,
    0x00,0x00,0x1E,0x12,0x12,0x12,0x12,0x12,0x12,0x12,0x1E,0x00,0x00,
    0x00,0x00,0x1E,0x12,0x12,0x12,0x12,0x12,0x12,0x12,0x1E,0x00,0x00,
    0x00,0x00,0x1E,0x12,0x12,0x12,0x12,0x12,0x12,0x12,0x1E,0x00,0x00,
    0x00,0x00,0x1E,0x12,0x12,0x12,0x12,0x12,0x12,0x12,0x1E,0x00,0x00,
    0x00,0x00,0x1E,0x12,0x12,0x12,0x12,0x12,0x12,0x12,0x1E,0x00,0x00,
    0x00,0x00,0x1E,0x12,0x12,0x12,0x12,0x12,0x12,0x12,0x1E,0x00,0x00,
    0x00,0x00,0x1E,0x12,0x12,0x12,0x12,0x12,0x12,0x12,0x1E,0x00,0x00,
    0x00,0x00,0x1E,0x12,0x12,0x12,0x12,0x12,0x12,0x12,0x1E,0x00,0x00,
    0x00,0x00,0x1E,0x12,0x12,0x12,0x12,0x12,0x12,0x12,0x1E,0x00,0x00,
    0x00,0x00,0x1E,0x12,0x12,0x12,0x12,0x12,0x12,0x12,0x1E,0x00,0x00,
    0x00,0x00,0x1E,0x12,0x12,0x12,0x12,0x12,0x12,0x12,0x1E,0x00,0x00,
    0x00,0x00,0x1E,0x12,0x12,0x12,0x12,0x12,0x12,0x12,0x1E,0x00,0x00,
    0x00,0x00,0x1E,0x12,0x12,0x12,0x12,0x12,0x12,0x12,0x1E,0x00,0x00,
    0x00,0x00,0x1E,0x12,0x12,0x12,0x12,0x12,0x12,0x12,0x1E,0x00,0x00,
    0x00,0x00,0x1E,0x12,0x12,0x12,0x12,0x12,0x12,0x12,0x1E,0x00,0x00,
    0x00,0x00,0x1E,0x12,0x12,0x12,0x12,0x12,0x12,0x12,0x1E,0x00,0x00,
    0x00,0x00,0x1E,0x12,0x12,0x12,0x12,0x12,0x12,0x12,0x1E,0x00,0x00,
    0x00,0x00,0x1E,0x12,0x12,0x12,0x12,0x12,0x12,0x12,0x1E,0x00,0x00,
    0x00,0x00,0x1E,0x12,0x12,0x12,0x12,0x12,0x12,0x12,0x1E,0x00,0x00,
    0x00,0x00,0x1E,0x12,0x12,0x12,0x12,0x12,0x12,0x12,0x1E,0x00,0x00,
    0x00,0x90,0xD0,0xB0,0x90,0x50,0x50,0x70,0x20,0x20,0x20,0x38,0x00,
    0x00,0x60,0x80,0x40,0x20,0xE0,0x50,0x50,0x20,0x28,0x38,0x28,0x00,
    0x00,0x60,0x80,0x40,0x20,0xC0,0x70,0x20,0x20,0x28,0x10,0x28,0x00,
    0x00,0xE0,0x80,0xC0,0x80,0xE0,0x70,0x20,0x20,0x28,0x10,0x28,0x00,
    0x00,0xE0,0x80,0xC0,0x80,0xE0,0x50,0x50,0x20,0x38,0x10,0x10,0x00,
    0xE0,0x80,0xC0,0x80,0xE0,0x68,0x58,0x48,0x10,0x28,0x28,0x38,0x18,
    0x00,0x40,0xA0,0xE0,0xA0,0x30,0x40,0x30,0x00,0x28,0x30,0x28,0x00,
    0xC0,0xA0,0xC0,0xA0,0xF0,0x40,0x60,0x40,0x70,0x20,0x20,0x20,0x38,
    0x00,0xF0,0xD8,0xF0,0xD8,0xF0,0x1C,0x30,0x18,0x0C,0x38,0x00,0x00,
    0x00,0xD8,0xD8,0xF8,0xD8,0xD8,0x3C,0x18,0x18,0x18,0x18,0x00,0x00,
    0x00,0xC0,0xC0,0xC0,0xC0,0xF0,0x3C,0x30,0x38,0x30,0x30,0x00,0x00,
    0x00,0xD8,0xD8,0xD8,0x70,0x20,0x3C,0x18,0x18,0x18,0x18,0x00,0x00,
    0x00,0xF0,0xC0,0xE0,0xC0,0xC0,0x3C,0x30,0x38,0x30,0x30,0x00,0x00,
    0x00,0x78,0xC8,0xC0,0xC8,0x78,0x78,0x6C,0x78,0x68,0x6C,0x00,0x00,
    0x00,0x00,0x60,0x80,0x40,0x20,0xD0,0x28,0x28,0x28,0x10,0x00,0x00,
    0x00,0x00,0x60,0x80,0x40,0x20,0xF8,0x10,0x10,0x10,0x38,0x00,0x00,
    0xC0,0xA0,0xA0,0xC0,0x40,0x40,0x40,0x70,0x38,0x20,0x30,0x20,0x38,
    0xC0,0xA0,0xA0,0xC0,0x30,0x40,0x40,0x30,0x00,0x10,0x30,0x10,0x38,
    0xC0,0xA0,0xA0,0xC0,0x30,0x40,0x40,0x30,0x00,0x30,0x08,0x10,0x38,
    0xC0,0xA0,0xA0,0xC0,0x30,0x40,0x40,0x30,0x10,0x28,0x10,0x08,0x30,
    0xC0,0xA0,0xA0,0xC0,0x30,0x40,0x40,0x30,0x00,0x20,0x30,0x38,0x10,
    0x90,0xD0,0xB0,0x00,0x20,0x50,0x70,0x50,0x00,0x28,0x30,0x30,0x28,
    0x60,0x80,0x40,0x20,0xC0,0x50,0x50,0x20,0x20,0x48,0x68,0x58,0x48,
    0xE0,0x80,0xC0,0x80,0xE0,0x70,0x20,0x20,0x30,0x28,0x30,0x28,0x30,
    0x70,0x80,0x80,0x70,0x20,0x50,0x70,0x50,0x00,0x68,0x58,0x48,0x00,
    0x00,0xE0,0x80,0xC0,0x80,0xE0,0x00,0x50,0x70,0x50,0x50,0x00,0x00,
    0x60,0x80,0x40,0x20,0xC0,0x50,0x50,0x20,0x30,0x28,0x30,0x28,0x30,
    0xE0,0x80,0xC0,0x80,0xF0,0x40,0x20,0x10,0x78,0x20,0x20,0x18,0x00,
    0x00,0x00,0xE0,0x80,0xC0,0x80,0x98,0x20,0x10,0x08,0x30,0x00,0x00,
    0x00,0x70,0x80,0xB0,0x90,0x60,0x18,0x20,0x10,0x08,0x30,0x00,0x00,
    0x00,0xC0,0xA0,0xC0,0xA0,0xA0,0x18,0x20,0x10,0x08,0x30,0x00,0x00,
    0x00,0x90,0x90,0x90,0x90,0x60,0x18,0x20,0x10,0x08,0x30,0x00,0x00,
    0x00,0x70,0xC0,0x60,0x30,0xE0,0x78,0x6C,0x78,0x60,0x60,0x00,0x00,
    0x00,0xC0,0xA0,0xA0,0xF0,0x40,0x60,0x40,0x70,0x20,0x20,0x38,0x00,
    0x00,0x00,0x68,0x70,0x60,0x60,0xF8,0x6C,0x6C,0x6C,0x78,0x00,0x00,
    0x00,0x00,0x00,0x00,0x00,0x00,0x00,0x00,0x00,0xCC,0xFC,0x00,0x00,
    0x00,0x00,0x00,0xD8,0xF8,0xF8,0xD8,0xD8,0x30,0x30,0x30,0x30,0x3C,
    0x00,0x00,0x48,0x48,0x90,0x90,0x20,0x48,0x48,0x90,0x90,0x00,0x00,
    0x00,0x00,0x70,0x88,0x88,0x80,0x40,0x20,0x20,0x00,0x20,0x00,0x00,
    0x00,0x00,0x1E,0x12,0x12,0x12,0x12,0x12,0x12,0x12,0x1E,0x00,0x00,
    0x00,0x00,0x1E,0x12,0x12,0x12,0x12,0x12,0x12,0x12,0x1E,0x00,0x00,
    0x00,0x00,0x1E,0x12,0x12,0x12,0x12,0x12,0x12,0x12,0x1E,0x00,0x00,
    0x00,0x00,0x1E,0x12,0x12,0x12,0x12,0x12,0x12,0x12,0x1E,0x00,0x00,
    0x00,0x00,0x1E,0x12,0x12,0x12,0x12,0x12,0x12,0x12,0x1E,0x00,0x00,
    0x00,0x00,0x1E,0x12,0x12,0x12,0x12,0x12,0x12,0x12,0x1E,0x00,0x00,
    0x00,0x00,0x1E,0x12,0x12,0x12,0x12,0x12,0x12,0x12,0x1E,0x00,0x00,
    0x00,0x00,0x1E,0x12,0x12,0x12,0x12,0x12,0x12,0x12,0x1E,0x00,0x00,
    0x00,0x00,0x1E,0x12,0x12,0x12,0x12,0x12,0x12,0x12,0x1E,0x00,0x00,
    0x00,0x00,0x1E,0x12,0x12,0x12,0x12,0x12,0x12,0x12,0x1E,0x00,0x00,
    0x00,0x00,0x1E,0x12,0x12,0x12,0x12,0x12,0x12,0x12,0x1E,0x00,0x00,
    0x00,0x00,0x1E,0x12,0x12,0x12,0x12,0x12,0x12,0x12,0x1E,0x00,0x00,
    0x00,0x00,0x1E,0x12,0x12,0x12,0x12,0x12,0x12,0x12,0x1E,0x00,0x00,
    0x00,0x00,0x1E,0x12,0x12,0x12,0x12,0x12,0x12,0x12,0x1E,0x00,0x00,
    0x00,0x00,0x1E,0x12,0x12,0x12,0x12,0x12,0x12,0x12,0x1E,0x00,0x00,
    0x00,0x00,0x1E,0x12,0x12,0x12,0x12,0x12,0x12,0x12,0x1E,0x00,0x00,
    0x00,0x00,0x1E,0x12,0x12,0x12,0x12,0x12,0x12,0x12,0x1E,0x00,0x00,
    0x00,0x00,0x1E,0x12,0x12,0x12,0x12,0x12,0x12,0x12,0x1E,0x00,0x00,
    0x00,0x00,0x1E,0x12,0x12,0x12,0x12,0x12,0x12,0x12,0x1E,0x00,0x00,
    0x00,0x00,0x1E,0x12,0x12,0x12,0x12,0x12,0x12,0x12,0x1E,0x00,0x00,
    0x00,0x00,0x1E,0x12,0x12,0x12,0x12,0x12,0x12,0x12,0x1E,0x00,0x00,
    0x00,0x00,0x1E,0x12,0x12,0x12,0x12,0x12,0x12,0x12,0x1E,0x00,0x00,
    0x00,0x00,0x1E,0x12,0x12,0x12,0x12,0x12,0x12,0x12,0x1E,0x00,0x00,
    0x00,0x00,0x1E,0x12,0x12,0x12,0x12,0x12,0x12,0x12,0x1E,0x00,0x00,
    0x00,0x00,0x1E,0x12,0x12,0x12,0x12,0x12,0x12,0x12,0x1E,0x00,0x00,
    0x00,0x00,0x00,0x00,0x00,0x00,0xFC,0xFC,0x00,0x00,0x00,0x00,0x00,
    0x00,0x00,0x00,0x00,0x00,0x00,0xFC,0xFC,0x00,0x00,0x00,0x00,0x00,
    0x30,0x30,0x30,0x30,0x30,0x30,0x30,0x30,0x30,0x30,0x30,0x30,0x30,
    0x30,0x30,0x30,0x30,0x30,0x30,0x30,0x30,0x30,0x30,0x30,0x30,0x30,
    0x00,0x00,0x00,0x00,0x00,0x00,0xA8,0x00,0x00,0x00,0x00,0x00,0x00,
    0x00,0x00,0x00,0x00,0x00,0x00,0xA8,0xA8,0x00,0x00,0x00,0x00,0x00,
    0x00,0x20,0x20,0x00,0x00,0x20,0x20,0x00,0x00,0x20,0x20,0x00,0x00,
    0x00,0x30,0x30,0x00,0x00,0x30,0x30,0x00,0x00,0x30,0x30,0x00,0x00,
    0x00,0x00,0x00,0x00,0x00,0x00,0xA8,0x00,0x00,0x00,0x00,0x00,0x00,
    0x00,0x00,0x00,0x00,0x00,0x00,0xA8,0xA8,0x00,0x00,0x00,0x00,0x00,
    0x20,0x20,0x00,0x20,0x20,0x00,0x20,0x20,0x00,0x20,0x20,0x00,0x00,
    0x30,0x30,0x00,0x30,0x30,0x00,0x30,0x30,0x00,0x30,0x30,0x00,0x00,
    0x00,0x00,0x00,0x00,0x00,0x00,0x3C,0x3C,0x30,0x30,0x30,0x30,0x30,
    0x00,0x00,0x00,0x00,0x00,0x00,0x3C,0x3C,0x20,0x20,0x20,0x20,0x20,
    0x00,0x00,0x00,0x00,0x00,0x00,0x3C,0x30,0x30,0x30,0x30,0x30,0x30,
    0x00,0x00,0x00,0x00,0x00,0x00,0x3C,0x3C,0x30,0x30,0x30,0x30,0x30,
    0x00,0x00,0x00,0x00,0x00,0x00,0xF0,0xF0,0x30,0x30,0x30,0x30,0x30,
    0x00,0x00,0x00,0x00,0x00,0x00,0xE0,0xE0,0x20,0x20,0x20,0x20,0x20,
    0x00,0x00,0x00,0x00,0x00,0x00,0xF0,0x30,0x30,0x30,0x30,0x30,0x30,
    0x00,0x00,0x00,0x00,0x00,0x00,0xF0,0xF0,0x30,0x30,0x30,0x30,0x30,
    0x30,0x30,0x30,0x30,0x30,0x30,0x3C,0x3C,0x00,0x00,0x00,0x00,0x00,
    0x20,0x20,0x20,0x20,0x20,0x20,0x3C,0x3C,0x00,0x00,0x00,0x00,0x00,
    0x30,0x30,0x30,0x30,0x30,0x30,0x3C,0x00,0x00,0x00,0x00,0x00,0x00,
    0x30,0x30,0x30,0x30,0x30,0x30,0x3C,0x3C,0x00,0x00,0x00,0x00,0x00,
    0x30,0x30,0x30,0x30,0x30,0x30,0xF0,0xF0,0x00,0x00,0x00,0x00,0x00,
    0x20,0x20,0x20,0x20,0x20,0x20,0xE0,0xE0,0x00,0x00,0x00,0x00,0x00,
    0x30,0x30,0x30,0x30,0x30,0x30,0xF0,0x00,0x00,0x00,0x00,0x00,0x00,
    0x30,0x30,0x30,0x30,0x30,0x30,0xF0,0xF0,0x00,0x00,0x00,0x00,0x00,
    0x30,0x30,0x30,0x30,0x30,0x30,0x3C,0x3C,0x30,0x30,0x30,0x30,0x30,
    0x20,0x20,0x20,0x20,0x20,0x20,0x3C,0x3C,0x20,0x20,0x20,0x20,0x20,
    0x30,0x30,0x30,0x30,0x30,0x30,0x3C,0x20,0x20,0x20,0x20,0x20,0x20,
    0x20,0x20,0x20,0x20,0x20,0x20,0x3C,0x30,0x30,0x30,0x30,0x30,0x30,
    0x30,0x30,0x30,0x30,0x30,0x30,0x3C,0x30,0x30,0x30,0x30,0x30,0x30,
    0x30,0x30,0x30,0x30,0x30,0x30,0x3C,0x3C,0x20,0x20,0x20,0x20,0x20,
    0x20,0x20,0x20,0x20,0x20,0x20,0x3C,0x3C,0x30,0x30,0x30,0x30,0x30,
    0x30,0x30,0x30,0x30,0x30,0x30,0x3C,0x3C,0x30,0x30,0x30,0x30,0x30,
    0x30,0x30,0x30,0x30,0x30,0x30,0xF0,0xF0,0x30,0x30,0x30,0x30,0x30,
    0x20,0x20,0x20,0x20,0x20,0x20,0xE0,0xE0,0x20,0x20,0x20,0x20,0x20,
    0x30,0x30,0x30,0x30,0x30,0x30,0xF0,0x20,0x20,0x20,0x20,0x20,0x20,
    0x20,0x20,0x20,0x20,0x20,0x20,0xF0,0x30,0x30,0x30,0x30,0x30,0x30,
    0x30,0x30,0x30,0x30,0x30,0x30,0xF0,0x30,0x30,0x30,0x30,0x30,0x30,
    0x30,0x30,0x30,0x30,0x30,0x30,0xF0,0xF0,0x20,0x20,0x20,0x20,0x20,
    0x20,0x20,0x20,0x20,0x20,0x20,0xF0,0xF0,0x30,0x30,0x30,0x30,0x30,
    0x30,0x30,0x30,0x30,0x30,0x30,0xF0,0xF0,0x30,0x30,0x30,0x30,0x30,
    0x00,0x00,0x00,0x00,0x00,0x00,0xFC,0xFC,0x30,0x30,0x30,0x30,0x30,
    0x00,0x00,0x00,0x00,0x00,0x00,0xFC,0xE0,0x20,0x20,0x20,0x20,0x20,
    0x00,0x00,0x00,0x00,0x00,0x00,0xFC,0x3C,0x20,0x20,0x20,0x20,0x20,
    0x00,0x00,0x00,0x00,0x00,0x00,0xFC,0xFC,0x20,0x20,0x20,0x20,0x20,
    0x00,0x00,0x00,0x00,0x00,0x00,0xFC,0x30,0x30,0x30,0x30,0x30,0x30,
    0x00,0x00,0x00,0x00,0x00,0x00,0xFC,0xF0,0x30,0x30,0x30,0x30,0x30,
    0x00,0x00,0x00,0x00,0x00,0x00,0xFC,0x3C,0x30,0x30,0x30,0x30,0x30,
    0x00,0x00,0x00,0x00,0x00,0x00,0xFC,0xFC,0x30,0x30,0x30,0x30,0x30,
    0x30,0x30,0x30,0x30,0x30,0x30,0xFC,0xFC,0x00,0x00,0x00,0x00,0x00,
    0x20,0x20,0x20,0x20,0x20,0x20,0xFC,0xE0,0x00,0x00,0x00,0x00,0x00,
    0x20,0x20,0x20,0x20,0x20,0x20,0xFC,0x3C,0x00,0x00,0x00,0x00,0x00,
    0x20,0x20,0x20,0x20,0x20,0x20,0xFC,0xFC,0x00,0x00,0x00,0x00,0x00,
    0x30,0x30,0x30,0x30,0x30,0x30,0xFC,0x00,0x00,0x00,0x00,0x00,0x00,
    0x30,0x30,0x30,0x30,0x30,0x30,0xFC,0xF0,0x00,0x00,0x00,0x00,0x00,
    0x30,0x30,0x30,0x30,0x30,0x30,0xFC,0x3C,0x00,0x00,0x00,0x00,0x00,
    0x30,0x30,0x30,0x30,0x30,0x30,0xFC,0xFC,0x00,0x00,0x00,0x00,0x00,
    0x30,0x30,0x30,0x30,0x30,0x30,0xFC,0xFC,0x30,0x30,0x30,0x30,0x30,
    0x20,0x20,0x20,0x20,0x20,0x20,0xFC,0xE0,0x20,0x20,0x20,0x20,0x20,
    0x20,0x20,0x20,0x20,0x20,0x20,0xFC,0x3C,0x20,0x20,0x20,0x20,0x20,
    0x20,0x20,0x20,0x20,0x20,0x20,0xFC,0xFC,0x20,0x20,0x20,0x20,0x20,
    0x30,0x30,0x30,0x30,0x30,0x30,0xFC,0x20,0x20,0x20,0x20,0x20,0x20,
    0x20,0x20,0x20,0x20,0x20,0x20,0xFC,0x30,0x30,0x30,0x30,0x30,0x30,
    0x30,0x30,0x30,0x30,0x30,0x30,0xFC,0x30,0x30,0x30,0x30,0x30,0x30,
    0x30,0x30,0x30,0x30,0x30,0x30,0xFC,0xF0,0x20,0x20,0x20,0x20,0x20,
    0x30,0x30,0x30,0x30,0x30,0x30,0xFC,0x3C,0x20,0x20,0x20,0x20,0x20,
    0x20,0x20,0x20,0x20,0x20,0x20,0xFC,0xF0,0x30,0x30,0x30,0x30,0x30,
    0x20,0x20,0x20,0x20,0x20,0x20,0xFC,0x3C,0x30,0x30,0x30,0x30,0x30,
    0x30,0x30,0x30,0x30,0x30,0x30,0xFC,0xFC,0x20,0x20,0x20,0x20,0x20,
    0x20,0x20,0x20,0x20,0x20,0x20,0xFC,0xFC,0x30,0x30,0x30,0x30,0x30,
    0x30,0x30,0x30,0x30,0x30,0x30,0xFC,0xF0,0x30,0x30,0x30,0x30,0x30,
    0x30,0x30,0x30,0x30,0x30,0x30,0xFC,0x3C,0x30,0x30,0x30,0x30,0x30,
    0x30,0x30,0x30,0x30,0x30,0x30,0xFC,0xFC,0x30,0x30,0x30,0x30,0x30,
    0x00,0x00,0x00,0x00,0x00,0x00,0xD8,0x00,0x00,0x00,0x00,0x00,0x00,
    0x00,0x00,0x00,0x00,0x00,0x00,0xD8,0xD8,0x00,0x00,0x00,0x00,0x00,
    0x20,0x20,0x20,0x20,0x00,0x00,0x00,0x20,0x20,0x20,0x20,0x00,0x00,
    0x30,0x30,0x30,0x30,0x00,0x00,0x00,0x30,0x30,0x30,0x30,0x00,0x00,
    0x00,0x00,0x00,0x00,0x00,0xFC,0x00,0xFC,0x00,0x00,0x00,0x00,0x00,
    0x50,0x50,0x50,0x50,0x50,0x50,0x50,0x50,0x50,0x50,0x50,0x50,0x50,
    0x00,0x00,0x00,0x00,0x00,0x3C,0x20,0x3C,0x20,0x20,0x20,0x20,0x20,
    0x00,0x00,0x00,0x00,0x00,0x00,0x7C,0x50,0x50,0x50,0x50,0x50,0x50,
    0x00,0x00,0x00,0x00,0x00,0x7C,0x40,0x5C,0x50,0x50,0x50,0x50,0x50,
    0x00,0x00,0x00,0x00,0x00,0xE0,0x20,0xE0,0x20,0x20,0x20,0x20,0x20,
    0x00,0x00,0x00,0x00,0x00,0x00,0xF0,0x50,0x50,0x50,0x50,0x50,0x50,
    0x00,0x00,0x00,0x00,0x00,0xF0,0x10,0xD0,0x50,0x50,0x50,0x50,0x50,
    0x20,0x20,0x20,0x20,0x20,0x3C,0x20,0x3C,0x00,0x00,0x00,0x00,0x00,
    0x50,0x50,0x50,0x50,0x50,0x50,0x7C,0x00,0x00,0x00,0x00,0x00,0x00,
    0x50,0x50,0x50,0x50,0x50,0x5C,0x40,0x7C,0x00,0x00,0x00,0x00,0x00,
    0x20,0x20,0x20,0x20,0x20,0xE0,0x20,0xE0,0x00,0x00,0x00,0x00,0x00,
    0x50,0x50,0x50,0x50,0x50,0x50,0xF0,0x00,0x00,0x00,0x00,0x00,0x00,
    0x50,0x50,0x50,0x50,0x50,0xD0,0x10,0xF0,0x00,0x00,0x00,0x00,0x00,
    0x20,0x20,0x20,0x20,0x20,0x3C,0x20,0x3C,0x20,0x20,0x20,0x20,0x20,
    0x50,0x50,0x50,0x50,0x50,0x50,0x5C,0x50,0x50,0x50,0x50,0x50,0x50,
    0x50,0x50,0x50,0x50,0x50,0x5C,0x40,0x5C,0x50,0x50,0x50,0x50,0x50,
    0x20,0x20,0x20,0x20,0x20,0xE0,0x20,0xE0,0x20,0x20,0x20,0x20,0x20,
    0x50,0x50,0x50,0x50,0x50,0x50,0xD0,0x50,0x50,0x50,0x50,0x50,0x50,
    0x50,0x50,0x50,0x50,0x50,0xD0,0x10,0xD0,0x50,0x50,0x50,0x50,0x50,
    0x00,0x00,0x00,0x00,0x00,0xFC,0x00,0xFC,0x20,0x20,0x20,0x20,0x20,
    0x00,0x00,0x00,0x00,0x00,0x00,0xFC,0x50,0x50,0x50,0x50,0x50,0x50,
    0x00,0x00,0x00,0x00,0x00,0xFC,0x00,0xDC,0x50,0x50,0x50,0x50,0x50,
    0x20,0x20,0x20,0x20,0x20,0xFC,0x00,0xFC,0x00,0x00,0x00,0x00,0x00,
    0x50,0x50,0x50,0x50,0x50,0x50,0xFC,0x00,0x00,0x00,0x00,0x00,0x00,
    0x50,0x50,0x50,0x50,0x50,0xDC,0x00,0xFC,0x00,0x00,0x00,0x00,0x00,
    0x20,0x20,0x20,0x20,0x20,0xFC,0x20,0xFC,0x20,0x20,0x20,0x20,0x20,
    0x50,0x50,0x50,0x50,0x50,0x50,0xFC,0x50,0x50,0x50,0x50,0x50,0x50,
    0x50,0x50,0x50,0x50,0x50,0xDC,0x00,0xDC,0x50,0x50,0x50,0x50,0x50,
    0x00,0x00,0x00,0x00,0x00,0x00,0x0C,0x1C,0x38,0x30,0x30,0x30,0x30,
    0x00,0x00,0x00,0x00,0x00,0x00,0xC0,0xE0,0x70,0x30,0x30,0x30,0x30,
    0x30,0x30,0x30,0x30,0x30,0x60,0xE0,0x80,0x00,0x00,0x00,0x00,0x00,
    0x30,0x30,0x30,0x30,0x30,0x38,0x1C,0x0C,0x00,0x00,0x00,0x00,0x00,
    0x0C,0x0C,0x18,0x18,0x18,0x30,0x30,0x30,0x60,0x60,0x60,0xC0,0xC0,
    0xC0,0xC0,0x60,0x60,0x60,0x30,0x30,0x30,0x18,0x18,0x18,0x0C,0x0C,
    0xCC,0xCC,0x78,0x78,0x78,0x30,0x30,0x30,0x78,0x78,0x78,0xCC,0xCC,
    0x00,0x00,0x00,0x00,0x00,0x00,0xE0,0xE0,0x00,0x00,0x00,0x00,0x00,
    0x30,0x30,0x30,0x30,0x30,0x30,0x30,0x00,0x00,0x00,0x00,0x00,0x00,
    0x00,0x00,0x00,0x00,0x00,0x00,0x3C,0x3C,0x00,0x00,0x00,0x00,0x00,
    0x00,0x00,0x00,0x00,0x00,0x00,0x30,0x30,0x30,0x30,0x30,0x30,0x30,
    0x00,0x00,0x00,0x00,0x00,0x00,0xE0,0xE0,0x00,0x00,0x00,0x00,0x00,
    0x30,0x30,0x30,0x30,0x30,0x30,0x30,0x00,0x00,0x00,0x00,0x00,0x00,
    0x00,0x00,0x00,0x00,0x00,0x00,0x3C,0x3C,0x00,0x00,0x00,0x00,0x00,
    0x00,0x00,0x00,0x00,0x00,0x00,0x30,0x30,0x30,0x30,0x30,0x30,0x30,
    0x00,0x00,0x00,0x00,0x00,0x00,0xFC,0x1C,0x00,0x00,0x00,0x00,0x00,
    0x20,0x20,0x20,0x20,0x20,0x20,0x30,0x30,0x30,0x30,0x30,0x30,0x30,
    0x00,0x00,0x00,0x00,0x00,0x00,0xFC,0xE0,0x00,0x00,0x00,0x00,0x00,
    0x30,0x30,0x30,0x30,0x30,0x30,0x30,0x20,0x20,0x20,0x20,0x20,0x20,
    0xFC,0xFC,0xFC,0xFC,0xFC,0xFC,0x00,0x00,0x00,0x00,0x00,0x00,0x00,
    0x00,0x00,0x00,0x00,0x00,0x00,0x00,0x00,0x00,0x00,0x00,0xFC,0xFC,
    0x00,0x00,0x00,0x00,0x00,0x00,0x00,0x00,0x00,0x00,0xFC,0xFC,0xFC,
    0x00,0x00,0x00,0x00,0x00,0x00,0x00,0x00,0xFC,0xFC,0xFC,0xFC,0xFC,
    0x00,0x00,0x00,0x00,0x00,0x00,0xFC,0xFC,0xFC,0xFC,0xFC,0xFC,0xFC,
    0x00,0x00,0x00,0x00,0x00,0xFC,0xFC,0xFC,0xFC,0xFC,0xFC,0xFC,0xFC,
    0x00,0x00,0x00,0xFC,0xFC,0xFC,0xFC,0xFC,0xFC,0xFC,0xFC,0xFC,0xFC,
    0x00,0x00,0xFC,0xFC,0xFC,0xFC,0xFC,0xFC,0xFC,0xFC,0xFC,0xFC,0xFC,
    0xFC,0xFC,0xFC,0xFC,0xFC,0xFC,0xFC,0xFC,0xFC,0xFC,0xFC,0xFC,0xFC,
    0xF8,0xF8,0xF8,0xF8,0xF8,0xF8,0xF8,0xF8,0xF8,0xF8,0xF8,0xF8,0xF8,
    0xF0,0xF0,0xF0,0xF0,0xF0,0xF0,0xF0,0xF0,0xF0,0xF0,0xF0,0xF0,0xF0,
    0xF0,0xF0,0xF0,0xF0,0xF0,0xF0,0xF0,0xF0,0xF0,0xF0,0xF0,0xF0,0xF0,
    0xE0,0xE0,0xE0,0xE0,0xE0,0xE0,0xE0,0xE0,0xE0,0xE0,0xE0,0xE0,0xE0,
    0xC0,0xC0,0xC0,0xC0,0xC0,0xC0,0xC0,0xC0,0xC0,0xC0,0xC0,0xC0,0xC0,
    0xC0,0xC0,0xC0,0xC0,0xC0,0xC0,0xC0,0xC0,0xC0,0xC0,0xC0,0xC0,0xC0,
    0x80,0x80,0x80,0x80,0x80,0x80,0x80,0x80,0x80,0x80,0x80,0x80,0x80,
    0x1C,0x1C,0x1C,0x1C,0x1C,0x1C,0x1C,0x1C,0x1C,0x1C,0x1C,0x1C,0x1C,
    0xA8,0x00,0x54,0x00,0xA8,0x00,0x54,0x00,0xA8,0x00,0x54,0x00,0xA8,
    0xA8,0x54,0xA8,0x54,0xA8,0x54,0xA8,0x54,0xA8,0x54,0xA8,0x54,0xA8,
    0x54,0xFC,0xA8,0xFC,0x54,0xFC,0xA8,0xFC,0x54,0xFC,0xA8,0xFC,0x54,
    0xFC,0xFC,0x00,0x00,0x00,0x00,0x00,0x00,0x00,0x00,0x00,0x00,0x00,
    0x04,0x04,0x04,0x04,0x04,0x04,0x04,0x04,0x04,0x04,0x04,0x04,0x04,
    0x00,0x00,0x00,0x00,0x00,0x00,0xE0,0xE0,0xE0,0xE0,0xE0,0xE0,0xE0,
    0x00,0x00,0x00,0x00,0x00,0x00,0x1C,0x1C,0x1C,0x1C,0x1C,0x1C,0x1C,
    0xE0,0xE0,0xE0,0xE0,0xE0,0xE0,0x00,0x00,0x00,0x00,0x00,0x00,0x00,
    0xE0,0xE0,0xE0,0xE0,0xE0,0xE0,0xFC,0xFC,0xFC,0xFC,0xFC,0xFC,0xFC,
    0xE0,0xE0,0xE0,0xE0,0xE0,0xE0,0x1C,0x1C,0x1C,0x1C,0x1C,0x1C,0x1C,
    0xFC,0xFC,0xFC,0xFC,0xFC,0xFC,0xE0,0xE0,0xE0,0xE0,0xE0,0xE0,0xE0,
    0xFC,0xFC,0xFC,0xFC,0xFC,0xFC,0x1C,0x1C,0x1C,0x1C,0x1C,0x1C,0x1C,
    0x1C,0x1C,0x1C,0x1C,0x1C,0x1C,0x00,0x00,0x00,0x00,0x00,0x00,0x00,
    0x1C,0x1C,0x1C,0x1C,0x1C,0x1C,0xE0,0xE0,0xE0,0xE0,0xE0,0xE0,0xE0,
    0x1C,0x1C,0x1C,0x1C,0x1C,0x1C,0xFC,0xFC,0xFC,0xFC,0xFC,0xFC,0xFC,
    0x00,0x00,0x00,0x00,0x00,0xF8,0xF8,0xF8,0xF8,0xF8,0x00,0x00,0x00,
    0x00,0x00,0x00,0x00,0x00,0xF8,0x88,0x88,0x88,0xF8,0x00,0x00,0x00,
    0x00,0x00,0x00,0x00,0x00,0x70,0x88,0x88,0x88,0x70,0x00,0x00,0x00,
    0x00,0x00,0x00,0x00,0x00,0xF8,0x88,0xA8,0x88,0xF8,0x00,0x00,0x00,
    0x00,0x00,0x00,0x00,0x00,0x00,0xF8,0x88,0xF8,0x88,0xF8,0x00,0x00,
    0x00,0x00,0x00,0x00,0x00,0x00,0xF8,0xA8,0xA8,0xA8,0xF8,0x00,0x00,
    0x00,0x00,0x00,0x00,0x00,0x00,0xF8,0xA8,0xF8,0xA8,0xF8,0x00,0x00,
    0x00,0x00,0x00,0x00,0x00,0x00,0xF8,0xC8,0xA8,0x98,0xF8,0x00,0x00,
    0x00,0x00,0x00,0x00,0x00,0x00,0xF8,0x98,0xA8,0xC8,0xF8,0x00,0x00,
    0x00,0x00,0x00,0x00,0x00,0x00,0xF8,0xD8,0xA8,0xD8,0xF8,0x00,0x00,
    0x00,0x00,0x00,0x00,0x00,0x70,0x70,0x70,0x00,0x00,0x00,0x00,0x00,
    0x00,0x00,0x00,0x00,0x00,0x70,0x50,0x70,0x00,0x00,0x00,0x00,0x00,
    0x00,0x00,0x00,0x00,0xFC,0xFC,0xFC,0xFC,0xFC,0x00,0x00,0x00,0x00,
    0x00,0x00,0x00,0x00,0xFC,0x84,0x84,0x84,0xFC,0x00,0x00,0x00,0x00,
    0x00,0xF8,0xF8,0xF8,0xF8,0xF8,0xF8,0xF8,0xF8,0xF8,0xF8,0xF8,0x00,
    0x00,0x78,0x48,0x48,0x48,0x48,0x48,0x48,0x48,0x48,0x48,0x78,0x00,
    0x00,0x00,0x00,0x00,0x00,0x3C,0x78,0xF0,0x00,0x00,0x00,0x00,0x00,
    0x00,0x00,0x00,0x00,0x00,0x3C,0x48,0xF0,0x00,0x00,0x00,0x00,0x00,
    0x00,0x00,0x20,0x20,0x20,0x70,0x70,0x70,0xF8,0xF8,0xF8,0x00,0x00,
    0x00,0x00,0x20,0x20,0x20,0x50,0x50,0x50,0x88,0x88,0xF8,0x00,0x00,
    0x00,0x00,0x00,0x00,0x20,0x20,0x70,0x70,0xF8,0x00,0x00,0x00,0x00,
    0x00,0x00,0x00,0x00,0x20,0x20,0x50,0x50,0xF8,0x00,0x00,0x00,0x00,
    0x00,0x00,0x80,0xC0,0xE0,0xF0,0xF8,0xF0,0xE0,0xC0,0x80,0x00,0x00,
    0x00,0x00,0x80,0xC0,0xA0,0x90,0x88,0x90,0xA0,0xC0,0x80,0x00,0x00,
    0x00,0x00,0x00,0x00,0x40,0x60,0x70,0x60,0x40,0x00,0x00,0x00,0x00,
    0x00,0x00,0x00,0x00,0x40,0x60,0x50,0x60,0x40,0x00,0x00,0x00,0x00,
    0x00,0x00,0x00,0x00,0xC0,0xF0,0xFC,0xF0,0xC0,0x00,0x00,0x00,0x00,
    0x00,0x00,0x00,0x00,0xC0,0xB0,0x8C,0xB0,0xC0,0x00,0x00,0x00,0x00,
    0x00,0x00,0xF8,0xF8,0xF8,0x70,0x70,0x70,0x20,0x20,0x20,0x00,0x00,
    0x00,0x00,0xF8,0x88,0x88,0x50,0x50,0x50,0x20,0x20,0x20,0x00,0x00,
    0x00,0x00,0x00,0x00,0x00,0xF8,0x70,0x70,0x20,0x20,0x00,0x00,0x00,
    0x00,0x00,0x00,0x00,0x00,0xF8,0x50,0x50,0x20,0x20,0x00,0x00,0x00,
    0x00,0x00,0x08,0x18,0x38,0x78,0xF8,0x78,0x38,0x18,0x08,0x00,0x00,
    0x00,0x00,0x08,0x18,0x28,0x48,0x88,0x48,0x28,0x18,0x08,0x00,0x00,
    0x00,0x00,0x00,0x00,0x10,0x30,0x70,0x30,0x10,0x00,0x00,0x00,0x00,
    0x00,0x00,0x00,0x00,0x10,0x30,0x50,0x30,0x10,0x00,0x00,0x00,0x00,
    0x00,0x00,0x00,0x00,0x0C,0x3C,0xFC,0x3C,0x0C,0x00,0x00,0x00,0x00,
    0x00,0x00,0x00,0x00,0x0C,0x34,0xC4,0x34,0x0C,0x00,0x00,0x00,0x00,
    0x00,0x00,0x00,0x00,0x30,0x78,0xFC,0x78,0x30,0x00,0x00,0x00,0x00,
    0x00,0x00,0x00,0x00,0x20,0x50,0x88,0x50,0x20,0x00,0x00,0x00,0x00,
    0x00,0x00,0x00,0x00,0x20,0x50,0xA8,0x50,0x20,0x00,0x00,0x00,0x00,
    0x00,0x00,0x00,0x00,0x30,0x48,0xB4,0xB4,0x48,0x30,0x00,0x00,0x00,
    0x00,0x00,0x20,0x20,0x50,0x50,0x88,0x50,0x50,0x20,0x20,0x00,0x00,
    0x00,0x00,0x00,0x00,0x30,0x48,0x84,0x84,0x48,0x30,0x00,0x00,0x00,
    0x00,0x00,0x00,0x00,0x20,0x08,0x80,0x04,0x40,0x10,0x00,0x00,0x00,
    0x00,0x00,0x00,0x00,0x00,0x00,0x70,0xA8,0xA8,0xA8,0x70,0x00,0x00,
    0x00,0x00,0x00,0x00,0x70,0x88,0xA8,0xD8,0xA8,0x88,0x70,0x00,0x00,
    0x00,0x00,0x00,0x00,0x30,0x78,0xFC,0xFC,0x78,0x30,0x00,0x00,0x00,
    0x00,0x00,0x00,0x00,0x30,0x68,0xE4,0xE4,0x68,0x30,0x00,0x00,0x00,
    0x00,0x00,0x00,0x00,0x30,0x58,0x9C,0x9C,0x58,0x30,0x00,0x00,0x00,
    0x00,0x00,0x00,0x00,0x30,0x48,0x84,0xFC,0x78,0x30,0x00,0x00,0x00,
    0x00,0x00,0x00,0x00,0x30,0x78,0xFC,0x84,0x48,0x30,0x00,0x00,0x00,
    0x00,0x00,0x00,0x00,0x30,0x58,0x9C,0x84,0x48,0x30,0x00,0x00,0x00,
    0x00,0x00,0x00,0x00,0x30,0x58,0x9C,0xFC,0x78,0x30,0x00,0x00,0x00,
    0x00,0x04,0x1C,0x3C,0x3C,0x7C,0x7C,0x3C,0x3C,0x1C,0x04,0x00,0x00,
    0x00,0x80,0xE0,0xF0,0xF0,0xF8,0xF8,0xF0,0xF0,0xE0,0x80,0x00,0x00,
    0xFC,0xFC,0xFC,0xFC,0xFC,0xCC,0x84,0x84,0xCC,0xFC,0xFC,0xFC,0xFC,
    0xFC,0xFC,0xFC,0xFC,0xCC,0xB4,0x78,0x78,0xB4,0xCC,0xFC,0xFC,0xFC,
    0xFC,0xFC,0xFC,0xFC,0xCC,0xB4,0x78,0x00,0x00,0x00,0x00,0x00,0x00,
    0x00,0x00,0x00,0x00,0x00,0x00,0x00,0x78,0xB4,0xCC,0xFC,0xFC,0xFC,
    0x00,0x00,0x00,0x00,0x20,0x40,0x80,0x00,0x00,0x00,0x00,0x00,0x00,
    0x00,0x00,0x00,0x00,0x10,0x08,0x04,0x00,0x00,0x00,0x00,0x00,0x00,
    0x00,0x00,0x00,0x00,0x00,0x00,0x00,0x04,0x08,0x10,0x00,0x00,0x00,
    0x00,0x00,0x00,0x00,0x00,0x00,0x00,0x80,0x40,0x20,0x00,0x00,0x00,
    0x00,0x00,0x00,0x00,0x30,0x48,0x84,0x00,0x00,0x00,0x00,0x00,0x00,
    0x00,0x00,0x00,0x00,0x00,0x00,0x00,0x84,0x48,0x30,0x00,0x00,0x00,
    0x00,0x00,0x00,0x00,0x00,0x08,0x18,0x38,0x78,0xF8,0x00,0x00,0x00,
    0x00,0x00,0x00,0x00,0x00,0x80,0xC0,0xE0,0xF0,0xF8,0x00,0x00,0x00,
    0x00,0x00,0x00,0x00,0x00,0xF8,0xF0,0xE0,0xC0,0x80,0x00,0x00,0x00,
    0x00,0x00,0x00,0x00,0x00,0xF8,0x78,0x38,0x18,0x08,0x00,0x00,0x00,
    0x00,0x00,0x00,0x00,0x70,0x88,0x88,0x88,0x70,0x00,0x00,0x00,0x00,
    0x00,0x00,0x00,0x00,0x00,0xF8,0xE8,0xE8,0xE8,0xF8,0x00,0x00,0x00,
    0x00,0x00,0x00,0x00,0x00,0xF8,0xB8,0xB8,0xB8,0xF8,0x00,0x00,0x00,
    0x00,0x00,0x00,0x00,0x00,0xF8,0xF8,0xE8,0xC8,0xF8,0x00,0x00,0x00,
    0x00,0x00,0x00,0x00,0x00,0xF8,0x98,0xB8,0xF8,0xF8,0x00,0x00,0x00,
    0x00,0x00,0x00,0x00,0x00,0xF8,0xA8,0xA8,0xA8,0xF8,0x00,0x00,0x00,
    0x00,0x00,0x20,0x20,0x20,0x50,0x50,0x70,0xA8,0x88,0xF8,0x00,0x00,
    0x00,0x00,0x20,0x20,0x20,0x70,0x70,0x70,0xE8,0xE8,0xF8,0x00,0x00,
    0x00,0x00,0x20,0x20,0x20,0x70,0x70,0x70,0xB8,0xB8,0xF8,0x00,0x00,
    0x00,0x00,0x00,0x00,0x30,0x48,0x84,0x84,0x84,0x48,0x30,0x00,0x00,
    0x00,0x00,0x00,0x00,0x00,0xF8,0xA8,0xE8,0x88,0xF8,0x00,0x00,0x00,
    0x00,0x00,0x00,0x00,0x00,0xF8,0x88,0xE8,0xA8,0xF8,0x00,0x00,0x00,
    0x00,0x00,0x00,0x00,0x00,0xF8,0x88,0xB8,0xA8,0xF8,0x00,0x00,0x00,
    0x00,0x00,0x00,0x00,0x00,0xF8,0xA8,0xB8,0x88,0xF8,0x00,0x00,0x00,
    0x00,0x00,0x00,0x00,0x00,0x70,0xA8,0xE8,0x88,0x70,0x00,0x00,0x00,
    0x00,0x00,0x00,0x00,0x00,0x70,0x88,0xE8,0xA8,0x70,0x00,0x00,0x00,
    0x00,0x00,0x00,0x00,0x00,0x70,0x88,0xB8,0xA8,0x70,0x00,0x00,0x00,
    0x00,0x00,0x00,0x00,0x00,0x70,0xA8,0xB8,0x88,0x70,0x00,0x00,0x00,
    0x00,0x00,0x00,0x00,0x00,0xF8,0x90,0xA0,0xC0,0x80,0x00,0x00,0x00,
    0x00,0x00,0x00,0x00,0x00,0xF8,0x48,0x28,0x18,0x08,0x00,0x00,0x00,
    0x00,0x00,0x00,0x00,0x00,0x80,0xC0,0xA0,0x90,0xF8,0x00,0x00,0x00,
    0x00,0x00,0x00,0x00,0x00,0x78,0x48,0x48,0x78,0x00,0x00,0x00,0x00,
    0x00,0x00,0x00,0x00,0x00,0x78,0x78,0x78,0x78,0x00,0x00,0x00,0x00,
    0x00,0x00,0x00,0x00,0x00,0x78,0x48,0x48,0x78,0x00,0x00,0x00,0x00,
    0x00,0x00,0x00,0x00,0x00,0x78,0x78,0x78,0x78,0x00,0x00,0x00,0x00,
    0x00,0x00,0x00,0x00,0x00,0x08,0x18,0x28,0x48,0xF8,0x00,0x00,0x00,
    0x00,0x00,0x20,0x20,0x88,0x20,0x70,0x20,0x88,0x20,0x20,0x00,0x00,
    0x00,0x00,0x00,0x00,0x00,0x60,0xF8,0xFC,0x00,0x00,0x00,0x00,0x00,
    0x00,0x00,0x20,0x70,0xF8,0xF8,0x20,0x20,0x20,0x20,0x40,0x00,0x00,
    0xA0,0x20,0x74,0x50,0xA8,0x50,0x54,0x70,0x88,0x88,0x70,0x00,0x00,
    0x00,0x08,0x48,0x50,0x54,0x44,0x08,0x60,0x90,0x90,0x60,0x00,0x00,
    0x00,0x00,0x00,0x20,0x20,0xF8,0x70,0x70,0x88,0x00,0x00,0x00,0x00,
    0x00,0x00,0x00,0x20,0x20,0xF8,0x50,0x70,0x88,0x00,0x00,0x00,0x00,
    0x00,0x00,0x08,0x10,0x20,0x40,0x80,0x40,0x28,0x18,0x38,0x00,0x00,
    0x00,0x00,0xF8,0x88,0x90,0x90,0xA0,0xA0,0x98,0x98,0xB8,0x00,0x00,
    0x00,0x00,0x00,0x00,0x00,0x70,0x88,0xA8,0x88,0x70,0x00,0x00,0x00,
    0x00,0x00,0x00,0x00,0x70,0x88,0x88,0x50,0x50,0xA8,0x50,0x00,0x00,
    0x00,0x00,0x00,0x00,0x50,0xA8,0x50,0x50,0x88,0x88,0x70,0x00,0x00,
    0x00,0x00,0x00,0x00,0x00,0x00,0x08,0x70,0x90,0x90,0x60,0x00,0x00,
    0x00,0x00,0x30,0x48,0x48,0x30,0x20,0x60,0x90,0x90,0x60,0x00,0x00,
    0x00,0x00,0x00,0x00,0x70,0xF8,0xA8,0x70,0xF8,0xF8,0xF8,0x00,0x00,
    0x00,0x00,0x00,0x00,0x70,0xA8,0xA8,0x70,0x88,0x88,0xF8,0x00,0x00,
    0x00,0x00,0xFC,0x84,0x84,0x84,0x84,0x84,0x84,0x84,0xFC,0x00,0x00,
    0x00,0x00,0xFC,0x84,0x8C,0x8C,0x94,0x94,0xD4,0xA4,0xFC,0x00,0x00,
    0x00,0x00,0xFC,0xCC,0xCC,0xB4,0xB4,0xB4,0xCC,0xCC,0xFC,0x00,0x00,
    0x00,0x00,0x88,0x88,0x50,0x50,0x20,0x50,0x50,0x88,0x88,0x00,0x00,
    0x00,0x00,0x1E,0x12,0x12,0x12,0x12,0x12,0x12,0x12,0x1E,0x00,0x00,
    0x00,0x00,0x1E,0x12,0x12,0x12,0x12,0x12,0x12,0x12,0x1E,0x00,0x00,
    0x00,0x00,0x20,0x50,0x88,0x88,0x88,0x88,0x88,0x88,0xF8,0x00,0x00,
    0x00,0x00,0x20,0x70,0xF8,0xF8,0xF8,0xF8,0xF8,0xF8,0xF8,0x00,0x00,
    0x00,0x00,0x1E,0x12,0x12,0x12,0x12,0x12,0x12,0x12,0x1E,0x00,0x00,
    0x00,0x00,0x00,0x08,0x24,0x74,0xF8,0xE8,0xF4,0x74,0x28,0x00,0x00,
    0x00,0x00,0x00,0x00,0x00,0x00,0xFC,0x7C,0x7C,0x3C,0x00,0x00,0x00,
    0x00,0x00,0x00,0x00,0x00,0x00,0xFC,0xF8,0xF8,0xF0,0x00,0x00,0x00,
    0x00,0x00,0x00,0x00,0x00,0x00,0xFC,0x4C,0x4C,0x3C,0x00,0x00,0x00,
    0x00,0x00,0x08,0x08,0x18,0x78,0x68,0x48,0x48,0x78,0x78,0x00,0x00,
    0x00,0x00,0x00,0x00,0x00,0x00,0xFC,0xC8,0xC8,0xF0,0x00,0x00,0x00,
    0x00,0x00,0x78,0x78,0x48,0x48,0x68,0x78,0x18,0x08,0x08,0x00,0x00,
    0x00,0x00,0x70,0xA8,0xF8,0x50,0x70,0x20,0x88,0x70,0x88,0x00,0x00,
    0x00,0x00,0xF0,0x08,0x08,0x10,0x20,0x40,0x80,0x80,0x78,0x00,0x00,
    0x00,0x00,0x00,0x00,0x70,0xD8,0xD8,0xA8,0xA8,0x70,0x00,0x00,0x00,
    0x00,0x00,0x00,0x00,0x50,0xA8,0x50,0x50,0x20,0x70,0x00,0x00,0x00,
    0x00,0x00,0x20,0x50,0xF8,0x50,0x70,0x50,0x70,0x50,0x20,0x00,0x00,
    0x00,0x00,0x20,0x50,0x50,0x20,0xF8,0x20,0x20,0x20,0x20,0x00,0x00,
    0x00,0x00,0x20,0x70,0x20,0xF8,0x20,0x60,0x30,0x20,0x20,0x00,0x00,
    0x00,0x00,0x30,0x28,0x28,0x30,0xA8,0x70,0x20,0x70,0xA8,0x00,0x00,
    0x00,0x00,0x20,0x70,0x20,0xF8,0x20,0x20,0x20,0x20,0x20,0x00,0x00,
    0x00,0x00,0x00,0x70,0x20,0xA8,0xF8,0xA8,0x20,0x70,0x00,0x00,0x00,
    0x00,0x00,0x78,0xE4,0xC8,0xDC,0xC8,0xD4,0xC0,0xE4,0x78,0x00,0x00,
    0xA8,0x50,0x00,0x20,0xA8,0xA8,0xA8,0xA8,0xA8,0x70,0x70,0x00,0x00,
    0x00,0x00,0x20,0x70,0xA8,0xF8,0xA8,0xF8,0xA8,0x70,0xA8,0x00,0x00,
    0x00,0x00,0x70,0x88,0x28,0x68,0xC8,0xA8,0x18,0x48,0xB4,0x00,0x00,
    0x00,0x00,0x70,0xA8,0xA8,0xA8,0xA8,0xF8,0xA8,0xA8,0x70,0x00,0x00,
    0x00,0x00,0x00,0x00,0x00,0x78,0x84,0xEC,0xA4,0xFC,0x78,0x00,0x00,
    0x00,0x00,0x00,0xF8,0xF8,0x00,0xF8,0xF8,0x00,0xF8,0xF8,0x00,0x00,
    0x00,0x00,0x00,0xD8,0xD8,0x00,0xF8,0xF8,0x00,0xF8,0xF8,0x00,0x00,
    0x00,0x00,0x00,0xF8,0xF8,0x00,0xD8,0xD8,0x00,0xF8,0xF8,0x00,0x00,
    0x00,0x00,0x00,0xD8,0xD8,0x00,0xD8,0xD8,0x00,0xF8,0xF8,0x00,0x00,
    0x00,0x00,0x00,0xF8,0xF8,0x00,0xF8,0xF8,0x00,0xD8,0xD8,0x00,0x00,
    0x00,0x00,0x00,0xD8,0xD8,0x00,0xF8,0xF8,0x00,0xD8,0xD8,0x00,0x00,
    0x00,0x00,0x00,0xF8,0xF8,0x00,0xD8,0xD8,0x00,0xD8,0xD8,0x00,0x00,
    0x00,0x00,0x00,0xD8,0xD8,0x00,0xD8,0xD8,0x00,0xD8,0xD8,0x00,0x00,
    0x00,0x00,0x00,0x00,0x20,0xA8,0x70,0xD8,0x70,0xA8,0x20,0x00,0x00,
    0x00,0x00,0x78,0x84,0xCC,0x84,0xB4,0x84,0xB4,0xCC,0x84,0x78,0x00,
    0x00,0x00,0x78,0x84,0xCC,0x84,0xB4,0x84,0xCC,0xB4,0x84,0x78,0x00,
    0x00,0x00,0x78,0xFC,0xB4,0xFC,0xCC,0xFC,0xB4,0xCC,0x78,0x00,0x00,
    0x00,0x00,0x20,0x20,0x88,0x20,0x50,0x20,0x88,0x20,0x20,0x00,0x00,
    0x00,0x00,0x70,0xC8,0x28,0x28,0x28,0x28,0x28,0xC8,0x70,0x00,0x00,
    0x00,0x00,0x70,0x98,0xA0,0xA0,0xA0,0xA0,0xA0,0x98,0x70,0x00,0x00,
    0x00,0x00,0x88,0x70,0x88,0x88,0x88,0x70,0x20,0x70,0x20,0x00,0x00,
    0x00,0x00,0x00,0x70,0x88,0x88,0x88,0x70,0x20,0x70,0x20,0x00,0x00,
    0x00,0x00,0x00,0x20,0x70,0x20,0x70,0x88,0x88,0x88,0x70,0x00,0x00,
    0x00,0x00,0x00,0x00,0x1C,0x0C,0x74,0x88,0x88,0x88,0x70,0x00,0x00,
    0x00,0x00,0x08,0x48,0xA8,0x28,0x28,0x48,0xF8,0x08,0x08,0x00,0x00,
    0x00,0x00,0x40,0xE0,0x40,0x50,0x68,0x48,0x48,0x50,0x50,0x00,0x00,
    0x00,0x00,0x88,0xA8,0xA8,0xF8,0xA8,0xA8,0xA8,0x20,0x50,0x20,0x00,
    0x00,0x00,0xA8,0xFC,0xA8,0xA8,0xA8,0x70,0x20,0x70,0x20,0x00,0x00,
    0x00,0x00,0xF0,0x88,0x88,0x88,0xF0,0x80,0x80,0x80,0xF8,0x00,0x00,
    0x00,0x00,0x50,0xA8,0xA8,0x20,0x20,0x20,0x20,0x20,0x20,0x00,0x00,
    0x00,0x00,0x00,0x00,0x00,0x88,0x88,0x50,0x20,0x50,0x20,0x00,0x00,
    0x00,0x00,0x00,0x00,0x00,0xF8,0x50,0x50,0x50,0x50,0xF8,0x00,0x00,
    0x00,0x00,0x00,0x30,0x48,0xA0,0x40,0x10,0x28,0x90,0x60,0x00,0x00,
    0x00,0x00,0x00,0x70,0x88,0x88,0x48,0x28,0x68,0xA8,0x48,0x04,0x00,
    0x00,0x00,0xAC,0xFC,0xAC,0xAC,0xAC,0xAC,0xA8,0xA8,0xA8,0x18,0x28,
    0x00,0x00,0x00,0x00,0x70,0x88,0x50,0x50,0xD8,0x00,0xF8,0x00,0x00,
    0x00,0x00,0xA8,0xF8,0xA8,0xA8,0xA8,0xA8,0xA8,0xA8,0xA8,0x0C,0x00,
    0x00,0x00,0x00,0x00,0x00,0x38,0x18,0xA8,0x40,0xA0,0x00,0x00,0x00,
    0x00,0x00,0x00,0x80,0x90,0xA8,0xB0,0xC8,0x88,0x08,0x30,0x00,0x00,
    0x00,0x00,0x00,0x00,0x00,0x54,0xA8,0x00,0x00,0x54,0xA8,0x00,0x00,
    0x00,0x00,0x88,0x50,0x50,0x50,0xF8,0x50,0x50,0x50,0x88,0x00,0x00,
    0x20,0x70,0x70,0xA8,0xF8,0x88,0x50,0x50,0xF8,0x88,0xF8,0x00,0x00,
    0x00,0xA8,0xF8,0x88,0xF8,0x50,0x50,0x88,0xF8,0x88,0xF8,0x00,0x00,
    0x00,0x00,0x00,0xA8,0xF8,0x88,0x50,0x50,0x50,0x88,0xF8,0x00,0x00,
    0x00,0x20,0x50,0x70,0xD8,0x88,0x50,0x50,0x70,0x88,0xF8,0x00,0x00,
    0x00,0x00,0x10,0x38,0x68,0x88,0xE8,0x28,0x38,0x48,0x78,0x00,0x00,
    0x00,0x00,0x00,0x20,0x50,0x20,0x50,0x50,0x70,0x88,0xF8,0x00,0x00,
    0x20,0x70,0x70,0xA8,0xF8,0xF8,0x70,0x70,0xF8,0xF8,0xF8,0x00,0x00,
    0x00,0xA8,0xF8,0xF8,0xF8,0x70,0x70,0xF8,0xF8,0xF8,0xF8,0x00,0x00,
    0x00,0x00,0x00,0xA8,0xF8,0xF8,0x70,0x70,0x70,0xF8,0xF8,0x00,0x00,
    0x00,0x20,0x70,0x70,0xD8,0x88,0x50,0x50,0x70,0xF8,0xF8,0x00,0x00,
    0x00,0x00,0x10,0x38,0x58,0xF8,0xF8,0x38,0x38,0x78,0x78,0x00,0x00,
    0x00,0x00,0x00,0x20,0x70,0x20,0x70,0x70,0x70,0xF8,0xF8,0x00,0x00,
    0x00,0x00,0x00,0x20,0x20,0x70,0x70,0xF8,0xF8,0x20,0x70,0x00,0x00,
    0x00,0x00,0x00,0x00,0x50,0xA8,0xA8,0x88,0x50,0x20,0x20,0x00,0x00,
    0x00,0x00,0x00,0x00,0x20,0x50,0x50,0x88,0x50,0x50,0x20,0x00,0x00,
    0x00,0x00,0x20,0x70,0x20,0xA8,0xF8,0xF8,0xA8,0x20,0x70,0x00,0x00,
    0x00,0x00,0x00,0x20,0x20,0x50,0x50,0x88,0xF8,0x20,0x70,0x00,0x00,
    0x00,0x00,0x00,0x00,0x50,0xF8,0xF8,0xF8,0x70,0x20,0x20,0x00,0x00,
    0x00,0x00,0x00,0x00,0x20,0x70,0x70,0xF8,0x70,0x70,0x20,0x00,0x00,
    0x00,0x00,0x00,0x20,0x50,0x20,0x70,0xA8,0x70,0x20,0x70,0x00,0x00,
    0x00,0x00,0x00,0x90,0x48,0x90,0x48,0x00,0x50,0x88,0x70,0x00,0x00,
    0x00,0x00,0x18,0x18,0x18,0x18,0x18,0x18,0x78,0xF8,0x70,0x00,0x00,
    0x00,0x00,0x10,0x18,0x1C,0x1C,0x18,0x18,0x78,0xF8,0x70,0x00,0x00,
    0x00,0x00,0x60,0x70,0x78,0x6C,0x6C,0xEC,0xCC,0x1C,0x18,0x00,0x00,
    0x00,0x00,0x60,0x70,0x78,0x6C,0x7C,0xEC,0xCC,0x1C,0x18,0x00,0x00,
    0x00,0x00,0xC0,0xC0,0xC0,0xD8,0xFC,0xCC,0xCC,0xD8,0xF0,0x00,0x00,
    0x00,0x00,0xC0,0xCC,0xDC,0xEC,0xCC,0xDC,0xEC,0xCC,0xCC,0x0C,0x00,
    0x00,0x00,0x10,0x58,0x78,0xF0,0xD8,0x78,0xF0,0xD0,0x40,0x00,0x00,
    0x00,0x00,0x50,0x20,0xA8,0x70,0xA8,0x20,0x20,0x20,0x50,0x00,0x00,
    0x00,0x20,0x50,0x20,0xA8,0xD8,0xA8,0x20,0x20,0x20,0x50,0x20,0x00,
    0x00,0x00,0x00,0x30,0x08,0xC4,0x4C,0x80,0x94,0xA8,0x10,0x00,0x00,
    0x00,0x10,0x08,0xC4,0xCC,0xAC,0xA0,0xA4,0xA4,0x94,0x38,0x10,0x00,
    0x00,0x10,0x08,0xC4,0xEC,0xDC,0xB0,0xC4,0xF4,0x94,0x38,0x10,0x00,
    0x00,0x10,0x08,0xC4,0xEC,0xDC,0x90,0xB4,0xD4,0xB4,0x38,0x10,0x00,
    0x00,0x10,0x08,0xC4,0xCC,0xCC,0xD0,0xFC,0x94,0x94,0x38,0x10,0x00,
    0x00,0x10,0x08,0xC4,0xCC,0xFC,0xC0,0xE4,0x94,0xF4,0x38,0x10,0x00,
    0x00,0x10,0x08,0xC4,0xDC,0xAC,0xE0,0xD4,0xD4,0xB4,0x38,0x10,0x00,
    0x00,0x10,0x08,0xC4,0xCC,0xFC,0x90,0xA4,0xA4,0xB4,0x38,0x10,0x00,
    0x00,0x10,0x08,0xC4,0xCC,0x8C,0x80,0x84,0x84,0x94,0x38,0x10,0x00,
    0x00,0x00,0x00,0x30,0x28,0xCC,0xCC,0x80,0x94,0xB8,0x10,0x00,0x00,
    0x00,0x78,0xFC,0xCC,0xD4,0x30,0x30,0x7C,0x68,0x44,0xEC,0xFC,0x78,
    0x00,0x78,0x84,0x30,0x28,0xCC,0xCC,0x80,0x94,0xB8,0x10,0x84,0x78,
    0x00,0x00,0x1E,0x12,0x12,0x12,0x12,0x12,0x12,0x12,0x1E,0x00,0x00,
    0x00,0x00,0x1E,0x12,0x12,0x12,0x12,0x12,0x12,0x12,0x1E,0x00,0x00,
    0x00,0x00,0xF8,0x88,0x88,0x88,0xA8,0x88,0x88,0x88,0xF8,0x00,0x00,
    0x00,0x00,0xF8,0x88,0xC8,0x88,0x88,0x88,0x98,0x88,0xF8,0x00,0x00,
    0x00,0x00,0xF8,0x88,0xC8,0x88,0xA8,0x88,0x98,0x88,0xF8,0x00,0x00,
    0x00,0x00,0xF8,0x88,0xD8,0x88,0x88,0x88,0xD8,0x88,0xF8,0x00,0x00,
    0x00,0x00,0xF8,0x88,0xD8,0x88,0xA8,0x88,0xD8,0x88,0xF8,0x00,0x00,
    0x00,0x00,0xF8,0x88,0xD8,0x88,0xD8,0x88,0xD8,0x88,0xF8,0x00,0x00,
    0x00,0x00,0x00,0x00,0x00,0x70,0x88,0x98,0x88,0x70,0x00,0x00,0x00,
    0x00,0x00,0x00,0x00,0x00,0x70,0x88,0xD8,0x88,0x70,0x00,0x00,0x00,
    0x00,0x00,0x00,0x00,0x00,0x70,0xF8,0xE8,0xF8,0x70,0x00,0x00,0x00,
    0x00,0x00,0x00,0x00,0x00,0x70,0xF8,0xA8,0xF8,0x70,0x00,0x00,0x00,
    0x00,0x00,0x1E,0x12,0x12,0x12,0x12,0x12,0x12,0x12,0x1E,0x00,0x00,
    0x00,0x00,0x1E,0x12,0x12,0x12,0x12,0x12,0x12,0x12,0x1E,0x00,0x00,
    0x00,0x00,0x1E,0x12,0x12,0x12,0x12,0x12,0x12,0x12,0x1E,0x00,0x00,
    0x00,0x00,0x1E,0x12,0x12,0x12,0x12,0x12,0x12,0x12,0x1E,0x00,0x00,
    0x00,0x00,0x1E,0x12,0x12,0x12,0x12,0x12,0x12,0x12,0x1E,0x00,0x00,
    0x00,0x00,0x1E,0x12,0x12,0x12,0x12,0x12,0x12,0x12,0x1E,0x00,0x00,
    0x00,0x00,0x1E,0x12,0x12,0x12,0x12,0x12,0x12,0x12,0x1E,0x00,0x00,
    0x00,0x00,0x1E,0x12,0x12,0x12,0x12,0x12,0x12,0x12,0x1E,0x00,0x00,
    0x00,0x00,0x1E,0x12,0x12,0x12,0x12,0x12,0x12,0x12,0x1E,0x00,0x00,
    0x00,0x00,0x1E,0x12,0x12,0x12,0x12,0x12,0x12,0x12,0x1E,0x00,0x00,
    0x00,0x00,0x1E,0x12,0x12,0x12,0x12,0x12,0x12,0x12,0x1E,0x00,0x00,
    0x00,0x00,0x1E,0x12,0x12,0x12,0x12,0x12,0x12,0x12,0x1E,0x00,0x00,
    0x00,0x00,0x1E,0x12,0x12,0x12,0x12,0x12,0x12,0x12,0x1E,0x00,0x00,
    0x00,0x00,0x1E,0x12,0x12,0x12,0x12,0x12,0x12,0x12,0x1E,0x00,0x00,
    0x00,0x00,0x1E,0x12,0x12,0x12,0x12,0x12,0x12,0x12,0x1E,0x00,0x00,
    0x00,0x00,0x1E,0x12,0x12,0x12,0x12,0x12,0x12,0x12,0x1E,0x00,0x00,
    0x00,0x00,0x1E,0x12,0x12,0x12,0x12,0x12,0x12,0x12,0x1E,0x00,0x00,
    0x00,0x00,0x1E,0x12,0x12,0x12,0x12,0x12,0x12,0x12,0x1E,0x00,0x00,
    0x00,0x00,0x1E,0x12,0x12,0x12,0x12,0x12,0x12,0x12,0x1E,0x00,0x00,
    0x00,0x00,0x1E,0x12,0x12,0x12,0x12,0x12,0x12,0x12,0x1E,0x00,0x00,
    0x00,0x00,0x1E,0x12,0x12,0x12,0x12,0x12,0x12,0x12,0x1E,0x00,0x00,
    0x00,0x00,0x1E,0x12,0x12,0x12,0x12,0x12,0x12,0x12,0x1E,0x00,0x00,
    0x00,0x00,0x1E,0x12,0x12,0x12,0x12,0x12,0x12,0x12,0x1E,0x00,0x00,
    0x00,0x00,0x1E,0x12,0x12,0x12,0x12,0x12,0x12,0x12,0x1E,0x00,0x00,
    0x00,0x00,0x1E,0x12,0x12,0x12,0x12,0x12,0x12,0x12,0x1E,0x00,0x00,
    0x00,0x00,0x1E,0x12,0x12,0x12,0x12,0x12,0x12,0x12,0x1E,0x00,0x00,
    0x00,0x00,0x1E,0x12,0x12,0x12,0x12,0x12,0x12,0x12,0x1E,0x00,0x00,
    0x00,0x00,0x1E,0x12,0x12,0x12,0x12,0x12,0x12,0x12,0x1E,0x00,0x00,
    0x00,0x00,0x1E,0x12,0x12,0x12,0x12,0x12,0x12,0x12,0x1E,0x00,0x00,
    0x00,0x00,0x1E,0x12,0x12,0x12,0x12,0x12,0x12,0x12,0x1E,0x00,0x00,
    0x00,0x00,0x1E,0x12,0x12,0x12,0x12,0x12,0x12,0x12,0x1E,0x00,0x00,
    0x00,0x00,0x1E,0x12,0x12,0x12,0x12,0x12,0x12,0x12,0x1E,0x00,0x00,
    0x00,0x00,0x1E,0x12,0x12,0x12,0x12,0x12,0x12,0x12,0x1E,0x00,0x00,
    0x00,0x00,0x1E,0x12,0x12,0x12,0x12,0x12,0x12,0x12,0x1E,0x00,0x00,
    0x00,0x00,0x1E,0x12,0x12,0x12,0x12,0x12,0x12,0x12,0x1E,0x00,0x00,
    0x00,0x00,0x1E,0x12,0x12,0x12,0x12,0x12,0x12,0x12,0x1E,0x00,0x00,
    0x00,0x00,0x1E,0x12,0x12,0x12,0x12,0x12,0x12,0x12,0x1E,0x00,0x00,
    0x00,0x00,0x1E,0x12,0x12,0x12,0x12,0x12,0x12,0x12,0x1E,0x00,0x00,
    0x00,0x00,0x1E,0x12,0x12,0x12,0x12,0x12,0x12,0x12,0x1E,0x00,0x00,
    0x00,0x00,0x1E,0x12,0x12,0x12,0x12,0x12,0x12,0x12,0x1E,0x00,0x00,
    0x00,0x00,0x1E,0x12,0x12,0x12,0x12,0x12,0x12,0x12,0x1E,0x00,0x00,
    0x00,0x00,0x1E,0x12,0x12,0x12,0x12,0x12,0x12,0x12,0x1E,0x00,0x00,
    0x00,0x00,0x1E,0x12,0x12,0x12,0x12,0x12,0x12,0x12,0x1E,0x00,0x00,
    0x00,0x00,0x1E,0x12,0x12,0x12,0x12,0x12,0x12,0x12,0x1E,0x00,0x00,
    0x00,0x00,0x1E,0x12,0x12,0x12,0x12,0x12,0x12,0x12,0x1E,0x00,0x00,
    0x00,0x00,0x1E,0x12,0x12,0x12,0x12,0x12,0x12,0x12,0x1E,0x00,0x00,
    0x00,0x00,0x1E,0x12,0x12,0x12,0x12,0x12,0x12,0x12,0x1E,0x00,0x00,
    0x00,0x00,0x1E,0x12,0x12,0x12,0x12,0x12,0x12,0x12,0x1E,0x00,0x00,
    0x00,0x00,0x1E,0x12,0x12,0x12,0x12,0x12,0x12,0x12,0x1E,0x00,0x00,
    0x00,0x00,0x1E,0x12,0x12,0x12,0x12,0x12,0x12,0x12,0x1E,0x00,0x00,
    0x00,0x00,0x1E,0x12,0x12,0x12,0x12,0x12,0x12,0x12,0x1E,0x00,0x00,
    0x00,0x00,0x1E,0x12,0x12,0x12,0x12,0x12,0x12,0x12,0x1E,0x00,0x00,
    0x00,0x00,0x1E,0x12,0x12,0x12,0x12,0x12,0x12,0x12,0x1E,0x00,0x00,
    0x00,0x00,0x1E,0x12,0x12,0x12,0x12,0x12,0x12,0x12,0x1E,0x00,0x00,
    0x00,0x00,0x1E,0x12,0x12,0x12,0x12,0x12,0x12,0x12,0x1E,0x00,0x00,
    0x00,0x00,0x1E,0x12,0x12,0x12,0x12,0x12,0x12,0x12,0x1E,0x00,0x00,
    0x00,0x00,0x1E,0x12,0x12,0x12,0x12,0x12,0x12,0x12,0x1E,0x00,0x00,
    0x00,0x00,0x1E,0x12,0x12,0x12,0x12,0x12,0x12,0x12,0x1E,0x00,0x00,
    0x00,0x00,0x1E,0x12,0x12,0x12,0x12,0x12,0x12,0x12,0x1E,0x00,0x00,
    0x00,0x00,0x1E,0x12,0x12,0x12,0x12,0x12,0x12,0x12,0x1E,0x00,0x00,
    0x00,0x00,0x1E,0x12,0x12,0x12,0x12,0x12,0x12,0x12,0x1E,0x00,0x00,
    0x00,0x00,0x1E,0x12,0x12,0x12,0x12,0x12,0x12,0x12,0x1E,0x00,0x00,
    0x00,0x00,0x1E,0x12,0x12,0x12,0x12,0x12,0x12,0x12,0x1E,0x00,0x00,
    0x00,0x00,0x1E,0x12,0x12,0x12,0x12,0x12,0x12,0x12,0x1E,0x00,0x00,
    0x00,0x00,0x1E,0x12,0x12,0x12,0x12,0x12,0x12,0x12,0x1E,0x00,0x00,
    0x00,0x00,0x1E,0x12,0x12,0x12,0x12,0x12,0x12,0x12,0x1E,0x00,0x00,
    0x00,0x00,0x1E,0x12,0x12,0x12,0x12,0x12,0x12,0x12,0x1E,0x00,0x00,
    0x00,0x00,0x1E,0x12,0x12,0x12,0x12,0x12,0x12,0x12,0x1E,0x00,0x00,
    0x00,0x00,0x1E,0x12,0x12,0x12,0x12,0x12,0x12,0x12,0x1E,0x00,0x00,
    0x00,0x00,0x1E,0x12,0x12,0x12,0x12,0x12,0x12,0x12,0x1E,0x00,0x00,
    0x00,0x00,0x1E,0x12,0x12,0x12,0x12,0x12,0x12,0x12,0x1E,0x00,0x00,
    0x00,0x00,0x1E,0x12,0x12,0x12,0x12,0x12,0x12,0x12,0x1E,0x00,0x00,
    0x00,0x00,0x1E,0x12,0x12,0x12,0x12,0x12,0x12,0x12,0x1E,0x00,0x00,
    0x00,0x00,0x1E,0x12,0x12,0x12,0x12,0x12,0x12,0x12,0x1E,0x00,0x00,
    0x00,0x00,0x1E,0x12,0x12,0x12,0x12,0x12,0x12,0x12,0x1E,0x00,0x00,
    0x00,0x00,0x1E,0x12,0x12,0x12,0x12,0x12,0x12,0x12,0x1E,0x00,0x00,
    0x00,0x00,0x1E,0x12,0x12,0x12,0x12,0x12,0x12,0x12,0x1E,0x00,0x00,
    0x00,0x00,0x1E,0x12,0x12,0x12,0x12,0x12,0x12,0x12,0x1E,0x00,0x00,
    0x00,0x00,0x1E,0x12,0x12,0x12,0x12,0x12,0x12,0x12,0x1E,0x00,0x00,
    0x00,0x00,0x1E,0x12,0x12,0x12,0x12,0x12,0x12,0x12,0x1E,0x00,0x00,
    0x00,0x00,0x1E,0x12,0x12,0x12,0x12,0x12,0x12,0x12,0x1E,0x00,0x00,
    0x00,0x00,0x1E,0x12,0x12,0x12,0x12,0x12,0x12,0x12,0x1E,0x00,0x00,
    0x00,0x00,0x1E,0x12,0x12,0x12,0x12,0x12,0x12,0x12,0x1E,0x00,0x00,
    0x00,0x00,0x1E,0x12,0x12,0x12,0x12,0x12,0x12,0x12,0x1E,0x00,0x00,
    0x00,0x00,0x1E,0x12,0x12,0x12,0x12,0x12,0x12,0x12,0x1E,0x00,0x00,
    0x00,0x00,0x1E,0x12,0x12,0x12,0x12,0x12,0x12,0x12,0x1E,0x00,0x00,
    0x00,0x00,0x1E,0x12,0x12,0x12,0x12,0x12,0x12,0x12,0x1E,0x00,0x00,
    0x00,0x00,0x1E,0x12,0x12,0x12,0x12,0x12,0x12,0x12,0x1E,0x00,0x00,
    0x00,0x00,0x1E,0x12,0x12,0x12,0x12,0x12,0x12,0x12,0x1E,0x00,0x00,
    0x00,0x00,0x1E,0x12,0x12,0x12,0x12,0x12,0x12,0x12,0x1E,0x00,0x00,
    0x00,0x00,0x1E,0x12,0x12,0x12,0x12,0x12,0x12,0x12,0x1E,0x00,0x00,
    0x00,0x00,0x1E,0x12,0x12,0x12,0x12,0x12,0x12,0x12,0x1E,0x00,0x00,
    0x00,0x00,0x1E,0x12,0x12,0x12,0x12,0x12,0x12,0x12,0x1E,0x00,0x00,
    0x00,0x00,0x1E,0x12,0x12,0x12,0x12,0x12,0x12,0x12,0x1E,0x00,0x00,
    0x00,0x00,0x1E,0x12,0x12,0x12,0x12,0x12,0x12,0x12,0x1E,0x00,0x00,
    0x00,0x00,0x1E,0x12,0x12,0x12,0x12,0x12,0x12,0x12,0x1E,0x00,0x00,
    0x00,0x00,0x1E,0x12,0x12,0x12,0x12,0x12,0x12,0x12,0x1E,0x00,0x00,
    0x00,0x00,0x1E,0x12,0x12,0x12,0x12,0x12,0x12,0x12,0x1E,0x00,0x00,
    0x00,0x00,0x1E,0x12,0x12,0x12,0x12,0x12,0x12,0x12,0x1E,0x00,0x00,
    0x00,0x00,0x1E,0x12,0x12,0x12,0x12,0x12,0x12,0x12,0x1E,0x00,0x00,
    0x00,0x00,0x1E,0x12,0x12,0x12,0x12,0x12,0x12,0x12,0x1E,0x00,0x00,
    0x00,0x00,0x1E,0x12,0x12,0x12,0x12,0x12,0x12,0x12,0x1E,0x00,0x00,
    0x00,0x00,0x1E,0x12,0x12,0x12,0x12,0x12,0x12,0x12,0x1E,0x00,0x00,
    0x00,0x00,0x1E,0x12,0x12,0x12,0x12,0x12,0x12,0x12,0x1E,0x00,0x00,
    0x00,0x00,0x1E,0x12,0x12,0x12,0x12,0x12,0x12,0x12,0x1E,0x00,0x00,
    0x00,0x00,0x1E,0x12,0x12,0x12,0x12,0x12,0x12,0x12,0x1E,0x00,0x00,
    0x00,0x00,0x1E,0x12,0x12,0x12,0x12,0x12,0x12,0x12,0x1E,0x00,0x00,
    0x00,0x00,0x1E,0x12,0x12,0x12,0x12,0x12,0x12,0x12,0x1E,0x00,0x00,
    0x00,0x00,0x1E,0x12,0x12,0x12,0x12,0x12,0x12,0x12,0x1E,0x00,0x00,
    0x00,0x00,0x1E,0x12,0x12,0x12,0x12,0x12,0x12,0x12,0x1E,0x00,0x00,
    0x00,0x00,0x1E,0x12,0x12,0x12,0x12,0x12,0x12,0x12,0x1E,0x00,0x00,
    0x00,0x00,0x1E,0x12,0x12,0x12,0x12,0x12,0x12,0x12,0x1E,0x00,0x00,
    0x00,0x00,0x1E,0x12,0x12,0x12,0x12,0x12,0x12,0x12,0x1E,0x00,0x00,
    0x00,0x00,0x1E,0x12,0x12,0x12,0x12,0x12,0x12,0x12,0x1E,0x00,0x00,
    0x00,0x00,0x1E,0x12,0x12,0x12,0x12,0x12,0x12,0x12,0x1E,0x00,0x00,
    0x00,0x00,0x1E,0x12,0x12,0x12,0x12,0x12,0x12,0x12,0x1E,0x00,0x00,
    0x00,0x00,0x1E,0x12,0x12,0x12,0x12,0x12,0x12,0x12,0x1E,0x00,0x00,
    0x00,0x00,0x1E,0x12,0x12,0x12,0x12,0x12,0x12,0x12,0x1E,0x00,0x00,
};

_Static_assert(sizeof(font6x13_bold) == 2016 * 13, "font6x13_bold size");

const glyph_range_t font6x13_ranges[FONT6X13_RANGE_COUNT] = {
    { 0x0020, 0x007E,    1 },   //  95 glyphs  ASCII printable
    { 0x00A0, 0x00FF,   96 },   //  96 glyphs  Latin-1 supplement
    { 0x0370, 0x03FF,  192 },   // 144 glyphs  Greek (pi, for DEC special graphics)
    { 0x0400, 0x04FF,  336 },   // 256 glyphs  Cyrillic
    { 0x2000, 0x206F,  592 },   // 112 glyphs  general punctuation
    { 0x20A0, 0x20BF,  704 },   //  32 glyphs  currency symbols
    { 0x2100, 0x214F,  736 },   //  80 glyphs  letterlike symbols
    { 0x2190, 0x21FF,  816 },   // 112 glyphs  arrows
    { 0x2200, 0x22FF,  928 },   // 256 glyphs  mathematical operators
    { 0x2300, 0x23FF, 1184 },   // 256 glyphs  misc technical (DEC scan lines)
    { 0x2400, 0x243F, 1440 },   //  64 glyphs  control pictures
    { 0x2500, 0x257F, 1504 },   // 128 glyphs  box drawing
    { 0x2580, 0x259F, 1632 },   //  32 glyphs  block elements
    { 0x25A0, 0x25FF, 1664 },   //  96 glyphs  geometric shapes
    { 0x2600, 0x26FF, 1760 },   // 256 glyphs  misc symbols
};
